3 readrnxt: file=../test/GEOP190D.26o rcv=1
3 expath  : path=../test/GEOP190D.26o nmax=1024
3 expath  : file=../test/GEOP190D.26o
3 readrnxfile: file=../test/GEOP190D.26o flag=0 index=1
3 rtk_uncompress: file=../test/GEOP190D.26o
3 rtk_uncompress: stat=0
3 readrnxfp: flag=0 index=1
3 readrnxh:
3 readrnxt: file=../test/NSK100RUS_R_20261900000_01D_30S_MO.rnx rcv=2
3 expath  : path=../test/NSK100RUS_R_20261900000_01D_30S_MO.rnx nmax=1024
3 expath  : file=../test/NSK100RUS_R_20261900000_01D_30S_MO.rnx
3 readrnxfile: file=../test/NSK100RUS_R_20261900000_01D_30S_MO.rnx flag=0 index=2
3 rtk_uncompress: file=../test/NSK100RUS_R_20261900000_01D_30S_MO.rnx
3 rtk_uncompress: stat=0
3 readrnxfp: flag=0 index=2
3 readrnxh:
3 readrnxt: file=../test/BRDC00IGS_R_20261900000_01D_MN.rnx rcv=0
3 expath  : path=../test/BRDC00IGS_R_20261900000_01D_MN.rnx nmax=1024
3 expath  : file=../test/BRDC00IGS_R_20261900000_01D_MN.rnx
3 readrnxfile: file=../test/BRDC00IGS_R_20261900000_01D_MN.rnx flag=0 index=0
3 rtk_uncompress: file=../test/BRDC00IGS_R_20261900000_01D_MN.rnx
3 rtk_uncompress: stat=0
3 readrnxfp: flag=0 index=0
3 readrnxh:
3 readrnxnav: ver=3.04 sys=0
3 glonass ephemeris error: invalid satellite sat= 0
3 glonass ephemeris error: invalid satellite sat= 0
3 glonass ephemeris error: invalid satellite sat= 0
3 glonass ephemeris error: invalid satellite sat= 0
3 glonass ephemeris error: invalid satellite sat= 0
3 glonass ephemeris error: invalid satellite sat= 0
3 glonass ephemeris error: invalid satellite sat= 0
3 glonass ephemeris error: invalid satellite sat= 0
3 glonass ephemeris error: invalid satellite sat= 0
3 glonass ephemeris error: invalid satellite sat= 0
3 glonass ephemeris error: invalid satellite sat= 0
3 glonass ephemeris error: invalid satellite sat= 0
3 glonass ephemeris error: invalid satellite sat= 0
3 glonass ephemeris error: invalid satellite sat= 0
3 glonass ephemeris error: invalid satellite sat= 0
3 glonass ephemeris error: invalid satellite sat= 0
3 glonass ephemeris error: invalid satellite sat= 0
3 glonass ephemeris error: invalid satellite sat= 0
3 glonass ephemeris error: invalid satellite sat= 0
3 glonass ephemeris error: invalid satellite sat= 0
3 glonass ephemeris error: invalid satellite sat= 0
3 glonass ephemeris error: invalid satellite sat= 0
3 glonass ephemeris error: invalid satellite sat= 0
3 glonass ephemeris error: invalid satellite sat= 0
3 glonass ephemeris error: invalid satellite sat= 0
3 glonass ephemeris error: invalid satellite sat= 0
3 glonass ephemeris error: invalid satellite sat= 0
3 glonass ephemeris error: invalid satellite sat= 0
3 glonass ephemeris error: invalid satellite sat= 0
3 glonass ephemeris error: invalid satellite sat= 0
3 glonass ephemeris error: invalid satellite sat= 0
3 glonass ephemeris error: invalid satellite sat= 0
3 glonass ephemeris error: invalid satellite sat= 0
3 glonass ephemeris error: invalid satellite sat= 0
3 glonass ephemeris error: invalid satellite sat= 0
3 glonass ephemeris error: invalid satellite sat= 0
3 glonass ephemeris error: invalid satellite sat= 0
3 glonass ephemeris error: invalid satellite sat= 0
3 glonass ephemeris error: invalid satellite sat= 0
3 glonass ephemeris error: invalid satellite sat= 0
3 glonass ephemeris error: invalid satellite sat= 0
3 glonass ephemeris error: invalid satellite sat= 0
3 glonass ephemeris error: invalid satellite sat= 0
3 glonass ephemeris error: invalid satellite sat= 0
3 glonass ephemeris error: invalid satellite sat= 0
3 glonass ephemeris error: invalid satellite sat= 0
3 glonass ephemeris error: invalid satellite sat= 0
3 glonass ephemeris error: invalid satellite sat= 0
3 readpephs: file=../test/COD0MGXFIN_20261900000_01D_05M_ORB.SP3
3 expath  : path=../test/COD0MGXFIN_20261900000_01D_05M_ORB.SP3 nmax=1024
3 expath  : file=../test/COD0MGXFIN_20261900000_01D_05M_ORB.SP3
3 readsp3h:
3 readsp3b: type=P ns=116 index=0 opt=0
3 combpeph: ne=289
3 readrnxc: file=../test/COD0MGXFIN_20261900000_01D_30S_CLK.CLK
3 expath  : path=../test/COD0MGXFIN_20261900000_01D_30S_CLK.CLK nmax=1024
3 expath  : file=../test/COD0MGXFIN_20261900000_01D_30S_CLK.CLK
3 readrnxfile: file=../test/COD0MGXFIN_20261900000_01D_30S_CLK.CLK flag=1 index=0
3 rtk_uncompress: file=../test/COD0MGXFIN_20261900000_01D_30S_CLK.CLK
3 rtk_uncompress: stat=0
3 readrnxfp: flag=1 index=0
3 readrnxh:
3 readrnxclk: index=0
3 combpclk: nc=2880
3 sortobs: nobs=148065
3 uniqnav: neph=12379 ngeph=1272 nseph=9629
3 uniqeph: n=12379
3 uniqgeph: ng=1272
3 uniqseph: ns=9629
3 readpcv: file=/Users/sergeidolin/SoCPP/src/igs20.atx
3 readantex: file=/Users/sergeidolin/SoCPP/src/igs20.atx
3 readpcv: file=/Users/sergeidolin/SoCPP/src/igs20.atx
3 readantex: file=/Users/sergeidolin/SoCPP/src/igs20.atx
3 searchpcv: sat= 1 type=
3 searchpcv: sat= 2 type=
3 searchpcv: sat= 3 type=
3 searchpcv: sat= 4 type=
3 searchpcv: sat= 5 type=
3 searchpcv: sat= 6 type=
3 searchpcv: sat= 7 type=
3 searchpcv: sat= 8 type=
3 searchpcv: sat= 9 type=
3 searchpcv: sat=10 type=
3 searchpcv: sat=11 type=
3 searchpcv: sat=12 type=
3 searchpcv: sat=13 type=
3 searchpcv: sat=14 type=
3 searchpcv: sat=15 type=
3 searchpcv: sat=16 type=
3 searchpcv: sat=17 type=
3 searchpcv: sat=18 type=
3 searchpcv: sat=19 type=
3 searchpcv: sat=20 type=
3 searchpcv: sat=21 type=
3 searchpcv: sat=22 type=
3 searchpcv: sat=23 type=
3 searchpcv: sat=24 type=
3 searchpcv: sat=25 type=
3 searchpcv: sat=26 type=
3 searchpcv: sat=27 type=
3 searchpcv: sat=28 type=
3 searchpcv: sat=29 type=
3 searchpcv: sat=30 type=
3 searchpcv: sat=31 type=
3 searchpcv: sat=32 type=
3 searchpcv: sat=33 type=
3 searchpcv: sat=34 type=
3 searchpcv: sat=35 type=
3 searchpcv: sat=36 type=
3 searchpcv: sat=37 type=
3 searchpcv: sat=38 type=
3 searchpcv: sat=39 type=
3 searchpcv: sat=40 type=
3 searchpcv: sat=41 type=
3 searchpcv: sat=42 type=
3 searchpcv: sat=43 type=
3 searchpcv: sat=44 type=
3 searchpcv: sat=45 type=
3 searchpcv: sat=46 type=
3 searchpcv: sat=47 type=
3 searchpcv: sat=48 type=
3 searchpcv: sat=49 type=
3 searchpcv: sat=50 type=
3 searchpcv: sat=51 type=
3 searchpcv: sat=52 type=
3 searchpcv: sat=53 type=
3 searchpcv: sat=54 type=
3 searchpcv: sat=55 type=
3 searchpcv: sat=56 type=
3 searchpcv: sat=57 type=
3 searchpcv: sat=58 type=
3 searchpcv: sat=59 type=
3 searchpcv: sat=60 type=
3 searchpcv: sat=61 type=
3 searchpcv: sat=62 type=
3 searchpcv: sat=63 type=
3 searchpcv: sat=64 type=
3 searchpcv: sat=65 type=
3 searchpcv: sat=66 type=
3 searchpcv: sat=67 type=
3 searchpcv: sat=68 type=
3 searchpcv: sat=69 type=
3 searchpcv: sat=70 type=
3 searchpcv: sat=71 type=
3 searchpcv: sat=72 type=
3 searchpcv: sat=73 type=
3 searchpcv: sat=74 type=
3 searchpcv: sat=75 type=
3 searchpcv: sat=76 type=
3 no satellite antenna pcv: E17
3 searchpcv: sat=77 type=
3 searchpcv: sat=78 type=
3 searchpcv: sat=79 type=
3 searchpcv: sat=80 type=
3 searchpcv: sat=81 type=
3 searchpcv: sat=82 type=
3 searchpcv: sat=83 type=
3 searchpcv: sat=84 type=
3 searchpcv: sat=85 type=
3 searchpcv: sat=86 type=
3 searchpcv: sat=87 type=
3 no satellite antenna pcv: E28
3 searchpcv: sat=88 type=
3 searchpcv: sat=89 type=
3 searchpcv: sat=90 type=
3 searchpcv: sat=91 type=
3 no satellite antenna pcv: E32
3 searchpcv: sat=92 type=
3 searchpcv: sat=93 type=
3 searchpcv: sat=94 type=
3 no satellite antenna pcv: E35
3 searchpcv: sat=95 type=
3 searchpcv: sat=96 type=
3 searchpcv: sat=97 type=
3 searchpcv: sat=98 type=
3 searchpcv: sat=99 type=
3 searchpcv: sat=100 type=
3 no satellite antenna pcv: J05
3 searchpcv: sat=101 type=
3 no satellite antenna pcv: J06
3 searchpcv: sat=102 type=
3 searchpcv: sat=103 type=
3 no satellite antenna pcv: J08
3 searchpcv: sat=104 type=
3 no satellite antenna pcv: J09
3 searchpcv: sat=105 type=
3 no satellite antenna pcv: J10
3 searchpcv: sat=106 type=
3 searchpcv: sat=107 type=
3 searchpcv: sat=108 type=
3 searchpcv: sat=109 type=
3 searchpcv: sat=110 type=
3 searchpcv: sat=111 type=
3 searchpcv: sat=112 type=
3 searchpcv: sat=113 type=
3 searchpcv: sat=114 type=
3 searchpcv: sat=115 type=
3 searchpcv: sat=116 type=
3 searchpcv: sat=117 type=
3 searchpcv: sat=118 type=
3 searchpcv: sat=119 type=
3 searchpcv: sat=120 type=
3 no satellite antenna pcv: C15
3 searchpcv: sat=121 type=
3 searchpcv: sat=122 type=
3 no satellite antenna pcv: C17
3 searchpcv: sat=123 type=
3 no satellite antenna pcv: C18
3 searchpcv: sat=124 type=
3 searchpcv: sat=125 type=
3 searchpcv: sat=126 type=
3 searchpcv: sat=127 type=
3 searchpcv: sat=128 type=
3 searchpcv: sat=129 type=
3 searchpcv: sat=130 type=
3 searchpcv: sat=131 type=
3 searchpcv: sat=132 type=
3 searchpcv: sat=133 type=
3 searchpcv: sat=134 type=
3 searchpcv: sat=135 type=
3 searchpcv: sat=136 type=
3 searchpcv: sat=137 type=
3 searchpcv: sat=138 type=
3 searchpcv: sat=139 type=
3 searchpcv: sat=140 type=
3 searchpcv: sat=141 type=
3 searchpcv: sat=142 type=
3 searchpcv: sat=143 type=
3 searchpcv: sat=144 type=
3 searchpcv: sat=145 type=
3 searchpcv: sat=146 type=
3 searchpcv: sat=147 type=
3 searchpcv: sat=148 type=
3 searchpcv: sat=149 type=
3 searchpcv: sat=150 type=
3 searchpcv: sat=151 type=
3 searchpcv: sat=152 type=
3 no satellite antenna pcv: C47
3 searchpcv: sat=153 type=
3 searchpcv: sat=154 type=
3 no satellite antenna pcv: C49
3 searchpcv: sat=155 type=
3 searchpcv: sat=156 type=
3 no satellite antenna pcv: C51
3 searchpcv: sat=157 type=
3 no satellite antenna pcv: C52
3 searchpcv: sat=158 type=
3 no satellite antenna pcv: C53
3 searchpcv: sat=159 type=
3 no satellite antenna pcv: C54
3 searchpcv: sat=160 type=
3 no satellite antenna pcv: C55
3 searchpcv: sat=161 type=
3 searchpcv: sat=162 type=
3 searchpcv: sat=163 type=
3 searchpcv: sat=164 type=
3 searchpcv: sat=165 type=
3 searchpcv: sat=166 type=
3 searchpcv: sat=167 type=
3 searchpcv: sat=168 type=
3 no satellite antenna pcv: C63
3 searchpcv: sat=169 type=
3 searchpcv: sat=170 type=
3 searchpcv: sat=171 type=
3 searchpcv: sat=172 type=
3 searchpcv: sat=173 type=
3 searchpcv: sat=174 type=
3 searchpcv: sat=175 type=
3 searchpcv: sat=176 type=
3 no satellite antenna pcv: I08
3 searchpcv: sat=177 type=
3 searchpcv: sat=178 type=
3 searchpcv: sat=179 type=
3 no satellite antenna pcv: I11
3 searchpcv: sat=180 type=
3 no satellite antenna pcv: I12
3 searchpcv: sat=181 type=
3 no satellite antenna pcv: I13
3 searchpcv: sat=182 type=
3 no satellite antenna pcv: I14
3 searchpcv: sat= 0 type=*
2 no receiver antenna pcv: *
3 searchpcv: sat= 0 type=LEIAR20         LEIM
3 postls_relpos: nobs=148065
3 pntpos  : tobs=2026/07/09 05:54:45.000 n=30
3 satposs : teph=2026/07/09 05:54:45.000 n=30 ephopt=1
3 no pseudorange 2026/07/09 05:54:45.000 sat=46
3 no pseudorange 2026/07/09 05:54:45.000 sat=61
3 no pseudorange 2026/07/09 05:54:45.000 sat=70
3 prec ephem outage 2026/07/09 05:54:45 sat=107
3 no ephemeris 2026/07/09 05:54:44.871 sat=107
3 prec ephem outage 2026/07/09 05:54:45 sat=108
3 no ephemeris 2026/07/09 05:54:44.870 sat=108
3 prec ephem outage 2026/07/09 05:54:45 sat=114
3 no ephemeris 2026/07/09 05:54:44.880 sat=114
3 estpos  : n=30
3 resprng : n=30
3 resprng : n=30
3 resprng : n=30
3 resprng : n=30
3 resprng : n=30
3 resprng : n=30
3 valsol  : n=30 nv=15
3 pntpos  : tobs=2026/07/09 05:54:46.000 n=30
3 satposs : teph=2026/07/09 05:54:46.000 n=30 ephopt=1
3 no pseudorange 2026/07/09 05:54:46.000 sat=46
3 no pseudorange 2026/07/09 05:54:46.000 sat=61
3 no pseudorange 2026/07/09 05:54:46.000 sat=70
3 prec ephem outage 2026/07/09 05:54:46 sat=107
3 no ephemeris 2026/07/09 05:54:45.871 sat=107
3 prec ephem outage 2026/07/09 05:54:46 sat=108
3 no ephemeris 2026/07/09 05:54:45.870 sat=108
3 prec ephem outage 2026/07/09 05:54:46 sat=114
3 no ephemeris 2026/07/09 05:54:45.880 sat=114
3 estpos  : n=30
3 resprng : n=30
3 resprng : n=30
3 resprng : n=30
3 resprng : n=30
3 valsol  : n=30 nv=15
3 pntpos  : tobs=2026/07/09 05:54:47.000 n=29
3 satposs : teph=2026/07/09 05:54:47.000 n=29 ephopt=1
3 no pseudorange 2026/07/09 05:54:47.000 sat=61
3 no pseudorange 2026/07/09 05:54:47.000 sat=70
3 prec ephem outage 2026/07/09 05:54:47 sat=107
3 no ephemeris 2026/07/09 05:54:46.871 sat=107
3 prec ephem outage 2026/07/09 05:54:47 sat=108
3 no ephemeris 2026/07/09 05:54:46.870 sat=108
3 prec ephem outage 2026/07/09 05:54:47 sat=114
3 no ephemeris 2026/07/09 05:54:46.880 sat=114
3 estpos  : n=29
3 resprng : n=29
3 resprng : n=29
3 resprng : n=29
3 resprng : n=29
3 valsol  : n=29 nv=15
3 pntpos  : tobs=2026/07/09 05:54:48.000 n=31
3 satposs : teph=2026/07/09 05:54:48.000 n=31 ephopt=1
3 no pseudorange 2026/07/09 05:54:48.000 sat=70
3 prec ephem outage 2026/07/09 05:54:48 sat=107
3 no ephemeris 2026/07/09 05:54:47.871 sat=107
3 prec ephem outage 2026/07/09 05:54:48 sat=108
3 no ephemeris 2026/07/09 05:54:47.870 sat=108
3 prec ephem outage 2026/07/09 05:54:48 sat=114
3 no ephemeris 2026/07/09 05:54:47.880 sat=114
3 estpos  : n=31
3 resprng : n=31
3 resprng : n=31
3 resprng : n=31
3 resprng : n=31
3 valsol  : n=31 nv=15
3 pntpos  : tobs=2026/07/09 05:54:49.000 n=30
3 satposs : teph=2026/07/09 05:54:49.000 n=30 ephopt=1
3 no pseudorange 2026/07/09 05:54:49.000 sat=46
3 no pseudorange 2026/07/09 05:54:49.000 sat=70
3 prec ephem outage 2026/07/09 05:54:49 sat=108
3 no ephemeris 2026/07/09 05:54:48.870 sat=108
3 prec ephem outage 2026/07/09 05:54:49 sat=114
3 no ephemeris 2026/07/09 05:54:48.880 sat=114
3 estpos  : n=30
3 resprng : n=30
3 resprng : n=30
3 resprng : n=30
3 resprng : n=30
3 valsol  : n=30 nv=15
3 pntpos  : tobs=2026/07/09 05:54:50.000 n=30
3 satposs : teph=2026/07/09 05:54:50.000 n=30 ephopt=1
3 no pseudorange 2026/07/09 05:54:50.000 sat=70
3 prec ephem outage 2026/07/09 05:54:50 sat=107
3 no ephemeris 2026/07/09 05:54:49.871 sat=107
3 prec ephem outage 2026/07/09 05:54:50 sat=108
3 no ephemeris 2026/07/09 05:54:49.870 sat=108
3 prec ephem outage 2026/07/09 05:54:50 sat=114
3 no ephemeris 2026/07/09 05:54:49.880 sat=114
3 estpos  : n=30
3 resprng : n=30
3 resprng : n=30
3 resprng : n=30
3 resprng : n=30
3 valsol  : n=30 nv=15
3 pntpos  : tobs=2026/07/09 05:54:51.000 n=32
3 satposs : teph=2026/07/09 05:54:51.000 n=32 ephopt=1
3 no pseudorange 2026/07/09 05:54:51.000 sat=70
3 prec ephem outage 2026/07/09 05:54:51 sat=107
3 no ephemeris 2026/07/09 05:54:50.871 sat=107
3 prec ephem outage 2026/07/09 05:54:51 sat=108
3 no ephemeris 2026/07/09 05:54:50.870 sat=108
3 prec ephem outage 2026/07/09 05:54:51 sat=114
3 no ephemeris 2026/07/09 05:54:50.880 sat=114
3 estpos  : n=32
3 resprng : n=32
3 resprng : n=32
3 resprng : n=32
3 resprng : n=32
3 valsol  : n=32 nv=16
3 pntpos  : tobs=2026/07/09 05:54:52.000 n=32
3 satposs : teph=2026/07/09 05:54:52.000 n=32 ephopt=1
3 no pseudorange 2026/07/09 05:54:52.000 sat=70
3 prec ephem outage 2026/07/09 05:54:52 sat=107
3 no ephemeris 2026/07/09 05:54:51.871 sat=107
3 prec ephem outage 2026/07/09 05:54:52 sat=108
3 no ephemeris 2026/07/09 05:54:51.870 sat=108
3 prec ephem outage 2026/07/09 05:54:52 sat=114
3 no ephemeris 2026/07/09 05:54:51.880 sat=114
3 estpos  : n=32
3 resprng : n=32
3 resprng : n=32
3 resprng : n=32
3 resprng : n=32
3 valsol  : n=32 nv=15
3 pntpos  : tobs=2026/07/09 05:54:53.000 n=32
3 satposs : teph=2026/07/09 05:54:53.000 n=32 ephopt=1
3 no pseudorange 2026/07/09 05:54:53.000 sat=46
3 no pseudorange 2026/07/09 05:54:53.000 sat=70
3 prec ephem outage 2026/07/09 05:54:53 sat=107
3 no ephemeris 2026/07/09 05:54:52.871 sat=107
3 prec ephem outage 2026/07/09 05:54:53 sat=108
3 no ephemeris 2026/07/09 05:54:52.870 sat=108
3 prec ephem outage 2026/07/09 05:54:53 sat=114
3 no ephemeris 2026/07/09 05:54:52.880 sat=114
3 estpos  : n=32
3 resprng : n=32
3 resprng : n=32
3 resprng : n=32
3 resprng : n=32
3 valsol  : n=32 nv=16
3 pntpos  : tobs=2026/07/09 05:54:54.000 n=31
3 satposs : teph=2026/07/09 05:54:54.000 n=31 ephopt=1
3 no pseudorange 2026/07/09 05:54:54.000 sat=46
3 no pseudorange 2026/07/09 05:54:54.000 sat=70
3 prec ephem outage 2026/07/09 05:54:54 sat=107
3 no ephemeris 2026/07/09 05:54:53.871 sat=107
3 prec ephem outage 2026/07/09 05:54:54 sat=108
3 no ephemeris 2026/07/09 05:54:53.870 sat=108
3 prec ephem outage 2026/07/09 05:54:54 sat=114
3 no ephemeris 2026/07/09 05:54:53.880 sat=114
3 estpos  : n=31
3 resprng : n=31
3 resprng : n=31
3 resprng : n=31
3 resprng : n=31
3 valsol  : n=31 nv=15
3 pntpos  : tobs=2026/07/09 05:54:55.000 n=30
3 satposs : teph=2026/07/09 05:54:55.000 n=30 ephopt=1
3 no pseudorange 2026/07/09 05:54:55.000 sat=46
3 no pseudorange 2026/07/09 05:54:55.000 sat=70
3 prec ephem outage 2026/07/09 05:54:55 sat=107
3 no ephemeris 2026/07/09 05:54:54.871 sat=107
3 prec ephem outage 2026/07/09 05:54:55 sat=108
3 no ephemeris 2026/07/09 05:54:54.870 sat=108
3 prec ephem outage 2026/07/09 05:54:55 sat=114
3 no ephemeris 2026/07/09 05:54:54.880 sat=114
3 estpos  : n=30
3 resprng : n=30
3 resprng : n=30
3 resprng : n=30
3 resprng : n=30
3 valsol  : n=30 nv=15
3 pntpos  : tobs=2026/07/09 05:54:56.000 n=30
3 satposs : teph=2026/07/09 05:54:56.000 n=30 ephopt=1
3 no pseudorange 2026/07/09 05:54:56.000 sat=70
3 prec ephem outage 2026/07/09 05:54:56 sat=107
3 no ephemeris 2026/07/09 05:54:55.871 sat=107
3 prec ephem outage 2026/07/09 05:54:56 sat=108
3 no ephemeris 2026/07/09 05:54:55.870 sat=108
3 prec ephem outage 2026/07/09 05:54:56 sat=114
3 no ephemeris 2026/07/09 05:54:55.880 sat=114
3 estpos  : n=30
3 resprng : n=30
3 resprng : n=30
3 resprng : n=30
3 resprng : n=30
3 valsol  : n=30 nv=16
3 pntpos  : tobs=2026/07/09 05:54:57.000 n=32
3 satposs : teph=2026/07/09 05:54:57.000 n=32 ephopt=1
3 no pseudorange 2026/07/09 05:54:57.000 sat=46
3 no pseudorange 2026/07/09 05:54:57.000 sat=70
3 prec ephem outage 2026/07/09 05:54:57 sat=107
3 no ephemeris 2026/07/09 05:54:56.871 sat=107
3 prec ephem outage 2026/07/09 05:54:57 sat=108
3 no ephemeris 2026/07/09 05:54:56.870 sat=108
3 prec ephem outage 2026/07/09 05:54:57 sat=114
3 no ephemeris 2026/07/09 05:54:56.880 sat=114
3 estpos  : n=32
3 resprng : n=32
3 resprng : n=32
3 resprng : n=32
3 resprng : n=32
3 valsol  : n=32 nv=16
3 pntpos  : tobs=2026/07/09 05:54:58.000 n=31
3 satposs : teph=2026/07/09 05:54:58.000 n=31 ephopt=1
3 no pseudorange 2026/07/09 05:54:58.000 sat=70
3 prec ephem outage 2026/07/09 05:54:58 sat=107
3 no ephemeris 2026/07/09 05:54:57.871 sat=107
3 prec ephem outage 2026/07/09 05:54:58 sat=108
3 no ephemeris 2026/07/09 05:54:57.870 sat=108
3 prec ephem outage 2026/07/09 05:54:58 sat=114
3 no ephemeris 2026/07/09 05:54:57.880 sat=114
3 estpos  : n=31
3 resprng : n=31
3 resprng : n=31
3 resprng : n=31
3 resprng : n=31
3 valsol  : n=31 nv=16
3 pntpos  : tobs=2026/07/09 05:54:59.000 n=30
3 satposs : teph=2026/07/09 05:54:59.000 n=30 ephopt=1
3 no pseudorange 2026/07/09 05:54:59.000 sat=70
3 prec ephem outage 2026/07/09 05:54:59 sat=107
3 no ephemeris 2026/07/09 05:54:58.871 sat=107
3 prec ephem outage 2026/07/09 05:54:59 sat=108
3 no ephemeris 2026/07/09 05:54:58.870 sat=108
3 prec ephem outage 2026/07/09 05:54:59 sat=114
3 no ephemeris 2026/07/09 05:54:58.880 sat=114
3 estpos  : n=30
3 resprng : n=30
3 resprng : n=30
3 resprng : n=30
3 resprng : n=30
3 valsol  : n=30 nv=16
3 pntpos  : tobs=2026/07/09 05:55:00.000 n=30
3 satposs : teph=2026/07/09 05:55:00.000 n=30 ephopt=1
3 no pseudorange 2026/07/09 05:55:00.000 sat=70
3 prec ephem outage 2026/07/09 05:55:00 sat=107
3 no ephemeris 2026/07/09 05:54:59.871 sat=107
3 prec ephem outage 2026/07/09 05:55:00 sat=108
3 no ephemeris 2026/07/09 05:54:59.870 sat=108
3 prec ephem outage 2026/07/09 05:55:00 sat=114
3 no ephemeris 2026/07/09 05:54:59.880 sat=114
3 estpos  : n=30
3 resprng : n=30
3 resprng : n=30
3 resprng : n=30
3 resprng : n=30
3 valsol  : n=30 nv=16
3 pntpos  : tobs=2026/07/09 05:55:01.000 n=30
3 satposs : teph=2026/07/09 05:55:01.000 n=30 ephopt=1
3 no pseudorange 2026/07/09 05:55:01.000 sat=70
3 prec ephem outage 2026/07/09 05:55:01 sat=108
3 no ephemeris 2026/07/09 05:55:00.870 sat=108
3 prec ephem outage 2026/07/09 05:55:01 sat=114
3 no ephemeris 2026/07/09 05:55:00.880 sat=114
3 estpos  : n=30
3 resprng : n=30
3 resprng : n=30
3 resprng : n=30
3 resprng : n=30
3 valsol  : n=30 nv=16
3 pntpos  : tobs=2026/07/09 05:55:02.000 n=32
3 satposs : teph=2026/07/09 05:55:02.000 n=32 ephopt=1
3 no pseudorange 2026/07/09 05:55:02.000 sat=46
3 no pseudorange 2026/07/09 05:55:02.000 sat=70
3 prec ephem outage 2026/07/09 05:55:02 sat=107
3 no ephemeris 2026/07/09 05:55:01.871 sat=107
3 prec ephem outage 2026/07/09 05:55:02 sat=108
3 no ephemeris 2026/07/09 05:55:01.870 sat=108
3 prec ephem outage 2026/07/09 05:55:02 sat=114
3 no ephemeris 2026/07/09 05:55:01.880 sat=114
3 estpos  : n=32
3 resprng : n=32
3 resprng : n=32
3 resprng : n=32
3 resprng : n=32
3 valsol  : n=32 nv=16
3 pntpos  : tobs=2026/07/09 05:55:03.000 n=30
3 satposs : teph=2026/07/09 05:55:03.000 n=30 ephopt=1
3 no pseudorange 2026/07/09 05:55:03.000 sat=70
3 prec ephem outage 2026/07/09 05:55:03 sat=107
3 no ephemeris 2026/07/09 05:55:02.871 sat=107
3 prec ephem outage 2026/07/09 05:55:03 sat=108
3 no ephemeris 2026/07/09 05:55:02.870 sat=108
3 prec ephem outage 2026/07/09 05:55:03 sat=114
3 no ephemeris 2026/07/09 05:55:02.880 sat=114
3 estpos  : n=30
3 resprng : n=30
3 resprng : n=30
3 resprng : n=30
3 resprng : n=30
3 valsol  : n=30 nv=16
3 pntpos  : tobs=2026/07/09 05:55:04.000 n=30
3 satposs : teph=2026/07/09 05:55:04.000 n=30 ephopt=1
3 no pseudorange 2026/07/09 05:55:04.000 sat=70
3 prec ephem outage 2026/07/09 05:55:04 sat=107
3 no ephemeris 2026/07/09 05:55:03.871 sat=107
3 prec ephem outage 2026/07/09 05:55:04 sat=108
3 no ephemeris 2026/07/09 05:55:03.870 sat=108
3 prec ephem outage 2026/07/09 05:55:04 sat=114
3 no ephemeris 2026/07/09 05:55:03.880 sat=114
3 estpos  : n=30
3 resprng : n=30
3 resprng : n=30
3 resprng : n=30
3 resprng : n=30
3 valsol  : n=30 nv=16
3 pntpos  : tobs=2026/07/09 05:55:05.000 n=32
3 satposs : teph=2026/07/09 05:55:05.000 n=32 ephopt=1
3 no pseudorange 2026/07/09 05:55:05.000 sat=70
3 prec ephem outage 2026/07/09 05:55:05 sat=107
3 no ephemeris 2026/07/09 05:55:04.871 sat=107
3 prec ephem outage 2026/07/09 05:55:05 sat=108
3 no ephemeris 2026/07/09 05:55:04.870 sat=108
3 prec ephem outage 2026/07/09 05:55:05 sat=114
3 no ephemeris 2026/07/09 05:55:04.880 sat=114
3 estpos  : n=32
3 resprng : n=32
3 resprng : n=32
3 resprng : n=32
3 resprng : n=32
3 valsol  : n=32 nv=16
3 pntpos  : tobs=2026/07/09 05:55:06.000 n=32
3 satposs : teph=2026/07/09 05:55:06.000 n=32 ephopt=1
3 no pseudorange 2026/07/09 05:55:06.000 sat=46
3 no pseudorange 2026/07/09 05:55:06.000 sat=70
3 prec ephem outage 2026/07/09 05:55:06 sat=107
3 no ephemeris 2026/07/09 05:55:05.871 sat=107
3 prec ephem outage 2026/07/09 05:55:06 sat=108
3 no ephemeris 2026/07/09 05:55:05.870 sat=108
3 prec ephem outage 2026/07/09 05:55:06 sat=114
3 no ephemeris 2026/07/09 05:55:05.880 sat=114
3 estpos  : n=32
3 resprng : n=32
3 resprng : n=32
3 resprng : n=32
3 resprng : n=32
3 valsol  : n=32 nv=15
3 pntpos  : tobs=2026/07/09 05:55:07.000 n=29
3 satposs : teph=2026/07/09 05:55:07.000 n=29 ephopt=1
3 no pseudorange 2026/07/09 05:55:07.000 sat=70
3 prec ephem outage 2026/07/09 05:55:07 sat=107
3 no ephemeris 2026/07/09 05:55:06.871 sat=107
3 prec ephem outage 2026/07/09 05:55:07 sat=108
3 no ephemeris 2026/07/09 05:55:06.870 sat=108
3 prec ephem outage 2026/07/09 05:55:07 sat=114
3 no ephemeris 2026/07/09 05:55:06.880 sat=114
3 estpos  : n=29
3 resprng : n=29
3 resprng : n=29
3 resprng : n=29
3 resprng : n=29
3 valsol  : n=29 nv=15
3 pntpos  : tobs=2026/07/09 05:55:08.000 n=30
3 satposs : teph=2026/07/09 05:55:08.000 n=30 ephopt=1
3 no pseudorange 2026/07/09 05:55:08.000 sat=46
3 no pseudorange 2026/07/09 05:55:08.000 sat=70
3 prec ephem outage 2026/07/09 05:55:08 sat=107
3 no ephemeris 2026/07/09 05:55:07.871 sat=107
3 prec ephem outage 2026/07/09 05:55:08 sat=108
3 no ephemeris 2026/07/09 05:55:07.870 sat=108
3 prec ephem outage 2026/07/09 05:55:08 sat=114
3 no ephemeris 2026/07/09 05:55:07.880 sat=114
3 estpos  : n=30
3 resprng : n=30
3 resprng : n=30
3 resprng : n=30
3 resprng : n=30
3 valsol  : n=30 nv=15
3 pntpos  : tobs=2026/07/09 05:55:09.000 n=31
3 satposs : teph=2026/07/09 05:55:09.000 n=31 ephopt=1
3 no pseudorange 2026/07/09 05:55:09.000 sat=46
3 no pseudorange 2026/07/09 05:55:09.000 sat=70
3 prec ephem outage 2026/07/09 05:55:09 sat=107
3 no ephemeris 2026/07/09 05:55:08.871 sat=107
3 prec ephem outage 2026/07/09 05:55:09 sat=108
3 no ephemeris 2026/07/09 05:55:08.870 sat=108
3 prec ephem outage 2026/07/09 05:55:09 sat=114
3 no ephemeris 2026/07/09 05:55:08.880 sat=114
3 estpos  : n=31
3 resprng : n=31
3 resprng : n=31
3 resprng : n=31
3 resprng : n=31
3 valsol  : n=31 nv=15
3 pntpos  : tobs=2026/07/09 05:55:10.000 n=30
3 satposs : teph=2026/07/09 05:55:10.000 n=30 ephopt=1
3 no pseudorange 2026/07/09 05:55:10.000 sat=70
3 prec ephem outage 2026/07/09 05:55:10 sat=107
3 no ephemeris 2026/07/09 05:55:09.871 sat=107
3 prec ephem outage 2026/07/09 05:55:10 sat=108
3 no ephemeris 2026/07/09 05:55:09.870 sat=108
3 prec ephem outage 2026/07/09 05:55:10 sat=114
3 no ephemeris 2026/07/09 05:55:09.880 sat=114
3 estpos  : n=30
3 resprng : n=30
3 resprng : n=30
3 resprng : n=30
3 resprng : n=30
3 valsol  : n=30 nv=15
3 pntpos  : tobs=2026/07/09 05:55:11.000 n=29
3 satposs : teph=2026/07/09 05:55:11.000 n=29 ephopt=1
3 no pseudorange 2026/07/09 05:55:11.000 sat=70
3 prec ephem outage 2026/07/09 05:55:11 sat=107
3 no ephemeris 2026/07/09 05:55:10.871 sat=107
3 prec ephem outage 2026/07/09 05:55:11 sat=108
3 no ephemeris 2026/07/09 05:55:10.870 sat=108
3 prec ephem outage 2026/07/09 05:55:11 sat=114
3 no ephemeris 2026/07/09 05:55:10.880 sat=114
3 estpos  : n=29
3 resprng : n=29
3 resprng : n=29
3 resprng : n=29
3 resprng : n=29
3 valsol  : n=29 nv=15
3 pntpos  : tobs=2026/07/09 05:55:12.000 n=31
3 satposs : teph=2026/07/09 05:55:12.000 n=31 ephopt=1
3 no pseudorange 2026/07/09 05:55:12.000 sat=70
3 prec ephem outage 2026/07/09 05:55:12 sat=107
3 no ephemeris 2026/07/09 05:55:11.871 sat=107
3 prec ephem outage 2026/07/09 05:55:12 sat=108
3 no ephemeris 2026/07/09 05:55:11.870 sat=108
3 prec ephem outage 2026/07/09 05:55:12 sat=114
3 no ephemeris 2026/07/09 05:55:11.880 sat=114
3 estpos  : n=31
3 resprng : n=31
3 resprng : n=31
3 resprng : n=31
3 resprng : n=31
3 valsol  : n=31 nv=15
3 pntpos  : tobs=2026/07/09 05:55:13.000 n=30
3 satposs : teph=2026/07/09 05:55:13.000 n=30 ephopt=1
3 no pseudorange 2026/07/09 05:55:13.000 sat=70
3 prec ephem outage 2026/07/09 05:55:13 sat=107
3 no ephemeris 2026/07/09 05:55:12.871 sat=107
3 prec ephem outage 2026/07/09 05:55:13 sat=108
3 no ephemeris 2026/07/09 05:55:12.870 sat=108
3 prec ephem outage 2026/07/09 05:55:13 sat=114
3 no ephemeris 2026/07/09 05:55:12.880 sat=114
3 estpos  : n=30
3 resprng : n=30
3 resprng : n=30
3 resprng : n=30
3 resprng : n=30
3 valsol  : n=30 nv=15
3 pntpos  : tobs=2026/07/09 05:55:14.000 n=31
3 satposs : teph=2026/07/09 05:55:14.000 n=31 ephopt=1
3 no pseudorange 2026/07/09 05:55:14.000 sat=70
3 prec ephem outage 2026/07/09 05:55:14 sat=107
3 no ephemeris 2026/07/09 05:55:13.871 sat=107
3 prec ephem outage 2026/07/09 05:55:14 sat=108
3 no ephemeris 2026/07/09 05:55:13.870 sat=108
3 prec ephem outage 2026/07/09 05:55:14 sat=114
3 no ephemeris 2026/07/09 05:55:13.880 sat=114
3 estpos  : n=31
3 resprng : n=31
3 resprng : n=31
3 resprng : n=31
3 resprng : n=31
3 valsol  : n=31 nv=15
3 pntpos  : tobs=2026/07/09 05:55:15.000 n=30
3 satposs : teph=2026/07/09 05:55:15.000 n=30 ephopt=1
3 no pseudorange 2026/07/09 05:55:15.000 sat=46
3 no pseudorange 2026/07/09 05:55:15.000 sat=70
3 prec ephem outage 2026/07/09 05:55:15 sat=107
3 no ephemeris 2026/07/09 05:55:14.871 sat=107
3 prec ephem outage 2026/07/09 05:55:15 sat=108
3 no ephemeris 2026/07/09 05:55:14.870 sat=108
3 prec ephem outage 2026/07/09 05:55:15 sat=114
3 no ephemeris 2026/07/09 05:55:14.880 sat=114
3 estpos  : n=30
3 resprng : n=30
3 resprng : n=30
3 resprng : n=30
3 resprng : n=30
3 valsol  : n=30 nv=15
3 pntpos  : tobs=2026/07/09 05:55:16.000 n=31
3 satposs : teph=2026/07/09 05:55:16.000 n=31 ephopt=1
3 no pseudorange 2026/07/09 05:55:16.000 sat=70
3 prec ephem outage 2026/07/09 05:55:16 sat=107
3 no ephemeris 2026/07/09 05:55:15.871 sat=107
3 prec ephem outage 2026/07/09 05:55:16 sat=108
3 no ephemeris 2026/07/09 05:55:15.870 sat=108
3 prec ephem outage 2026/07/09 05:55:16 sat=114
3 no ephemeris 2026/07/09 05:55:15.880 sat=114
3 estpos  : n=31
3 resprng : n=31
3 resprng : n=31
3 resprng : n=31
3 resprng : n=31
3 valsol  : n=31 nv=15
3 pntpos  : tobs=2026/07/09 05:55:17.000 n=31
3 satposs : teph=2026/07/09 05:55:17.000 n=31 ephopt=1
3 no pseudorange 2026/07/09 05:55:17.000 sat=70
3 prec ephem outage 2026/07/09 05:55:17 sat=107
3 no ephemeris 2026/07/09 05:55:16.871 sat=107
3 prec ephem outage 2026/07/09 05:55:17 sat=108
3 no ephemeris 2026/07/09 05:55:16.870 sat=108
3 prec ephem outage 2026/07/09 05:55:17 sat=114
3 no ephemeris 2026/07/09 05:55:16.880 sat=114
3 estpos  : n=31
3 resprng : n=31
3 resprng : n=31
3 resprng : n=31
3 resprng : n=31
3 valsol  : n=31 nv=15
3 pntpos  : tobs=2026/07/09 05:55:18.000 n=30
3 satposs : teph=2026/07/09 05:55:18.000 n=30 ephopt=1
3 no pseudorange 2026/07/09 05:55:18.000 sat=46
3 no pseudorange 2026/07/09 05:55:18.000 sat=70
3 prec ephem outage 2026/07/09 05:55:18 sat=107
3 no ephemeris 2026/07/09 05:55:17.871 sat=107
3 prec ephem outage 2026/07/09 05:55:18 sat=108
3 no ephemeris 2026/07/09 05:55:17.870 sat=108
3 prec ephem outage 2026/07/09 05:55:18 sat=114
3 no ephemeris 2026/07/09 05:55:17.880 sat=114
3 estpos  : n=30
3 resprng : n=30
3 resprng : n=30
3 resprng : n=30
3 resprng : n=30
3 valsol  : n=30 nv=15
3 pntpos  : tobs=2026/07/09 05:55:19.000 n=32
3 satposs : teph=2026/07/09 05:55:19.000 n=32 ephopt=1
3 no pseudorange 2026/07/09 05:55:19.000 sat=46
3 no pseudorange 2026/07/09 05:55:19.000 sat=70
3 prec ephem outage 2026/07/09 05:55:19 sat=107
3 no ephemeris 2026/07/09 05:55:18.871 sat=107
3 prec ephem outage 2026/07/09 05:55:19 sat=108
3 no ephemeris 2026/07/09 05:55:18.870 sat=108
3 prec ephem outage 2026/07/09 05:55:19 sat=114
3 no ephemeris 2026/07/09 05:55:18.880 sat=114
3 estpos  : n=32
3 resprng : n=32
3 resprng : n=32
3 resprng : n=32
3 resprng : n=32
3 valsol  : n=32 nv=15
3 pntpos  : tobs=2026/07/09 05:55:20.000 n=30
3 satposs : teph=2026/07/09 05:55:20.000 n=30 ephopt=1
3 no pseudorange 2026/07/09 05:55:20.000 sat=70
3 prec ephem outage 2026/07/09 05:55:20 sat=107
3 no ephemeris 2026/07/09 05:55:19.871 sat=107
3 prec ephem outage 2026/07/09 05:55:20 sat=108
3 no ephemeris 2026/07/09 05:55:19.870 sat=108
3 prec ephem outage 2026/07/09 05:55:20 sat=114
3 no ephemeris 2026/07/09 05:55:19.880 sat=114
3 estpos  : n=30
3 resprng : n=30
3 resprng : n=30
3 resprng : n=30
3 resprng : n=30
3 valsol  : n=30 nv=15
3 pntpos  : tobs=2026/07/09 05:55:21.000 n=29
3 satposs : teph=2026/07/09 05:55:21.000 n=29 ephopt=1
3 no pseudorange 2026/07/09 05:55:21.000 sat=70
3 prec ephem outage 2026/07/09 05:55:21 sat=107
3 no ephemeris 2026/07/09 05:55:20.871 sat=107
3 prec ephem outage 2026/07/09 05:55:21 sat=108
3 no ephemeris 2026/07/09 05:55:20.870 sat=108
3 prec ephem outage 2026/07/09 05:55:21 sat=114
3 no ephemeris 2026/07/09 05:55:20.880 sat=114
3 estpos  : n=29
3 resprng : n=29
3 resprng : n=29
3 resprng : n=29
3 resprng : n=29
3 valsol  : n=29 nv=15
3 pntpos  : tobs=2026/07/09 05:55:22.000 n=30
3 satposs : teph=2026/07/09 05:55:22.000 n=30 ephopt=1
3 no pseudorange 2026/07/09 05:55:22.000 sat=46
3 no pseudorange 2026/07/09 05:55:22.000 sat=70
3 prec ephem outage 2026/07/09 05:55:22 sat=107
3 no ephemeris 2026/07/09 05:55:21.871 sat=107
3 prec ephem outage 2026/07/09 05:55:22 sat=108
3 no ephemeris 2026/07/09 05:55:21.870 sat=108
3 prec ephem outage 2026/07/09 05:55:22 sat=114
3 no ephemeris 2026/07/09 05:55:21.880 sat=114
3 estpos  : n=30
3 resprng : n=30
3 resprng : n=30
3 resprng : n=30
3 resprng : n=30
3 valsol  : n=30 nv=15
3 pntpos  : tobs=2026/07/09 05:55:23.000 n=31
3 satposs : teph=2026/07/09 05:55:23.000 n=31 ephopt=1
3 no pseudorange 2026/07/09 05:55:23.000 sat=70
3 prec ephem outage 2026/07/09 05:55:23 sat=107
3 no ephemeris 2026/07/09 05:55:22.871 sat=107
3 prec ephem outage 2026/07/09 05:55:23 sat=108
3 no ephemeris 2026/07/09 05:55:22.870 sat=108
3 prec ephem outage 2026/07/09 05:55:23 sat=114
3 no ephemeris 2026/07/09 05:55:22.880 sat=114
3 estpos  : n=31
3 resprng : n=31
3 resprng : n=31
3 resprng : n=31
3 resprng : n=31
3 valsol  : n=31 nv=15
3 pntpos  : tobs=2026/07/09 05:55:24.000 n=30
3 satposs : teph=2026/07/09 05:55:24.000 n=30 ephopt=1
3 no pseudorange 2026/07/09 05:55:24.000 sat=70
3 prec ephem outage 2026/07/09 05:55:24 sat=107
3 no ephemeris 2026/07/09 05:55:23.871 sat=107
3 prec ephem outage 2026/07/09 05:55:24 sat=108
3 no ephemeris 2026/07/09 05:55:23.870 sat=108
3 prec ephem outage 2026/07/09 05:55:24 sat=114
3 no ephemeris 2026/07/09 05:55:23.880 sat=114
3 estpos  : n=30
3 resprng : n=30
3 resprng : n=30
3 resprng : n=30
3 resprng : n=30
3 valsol  : n=30 nv=15
3 pntpos  : tobs=2026/07/09 05:55:25.000 n=30
3 satposs : teph=2026/07/09 05:55:25.000 n=30 ephopt=1
3 no pseudorange 2026/07/09 05:55:25.000 sat=46
3 no pseudorange 2026/07/09 05:55:25.000 sat=70
3 prec ephem outage 2026/07/09 05:55:25 sat=107
3 no ephemeris 2026/07/09 05:55:24.871 sat=107
3 prec ephem outage 2026/07/09 05:55:25 sat=108
3 no ephemeris 2026/07/09 05:55:24.870 sat=108
3 prec ephem outage 2026/07/09 05:55:25 sat=114
3 no ephemeris 2026/07/09 05:55:24.880 sat=114
3 estpos  : n=30
3 resprng : n=30
3 resprng : n=30
3 resprng : n=30
3 resprng : n=30
3 valsol  : n=30 nv=15
3 pntpos  : tobs=2026/07/09 05:55:26.000 n=30
3 satposs : teph=2026/07/09 05:55:26.000 n=30 ephopt=1
3 no pseudorange 2026/07/09 05:55:26.000 sat=46
3 no pseudorange 2026/07/09 05:55:26.000 sat=70
3 prec ephem outage 2026/07/09 05:55:26 sat=108
3 no ephemeris 2026/07/09 05:55:25.870 sat=108
3 prec ephem outage 2026/07/09 05:55:26 sat=114
3 no ephemeris 2026/07/09 05:55:25.880 sat=114
3 estpos  : n=30
3 resprng : n=30
3 resprng : n=30
3 resprng : n=30
3 resprng : n=30
3 valsol  : n=30 nv=15
3 pntpos  : tobs=2026/07/09 05:55:27.000 n=32
3 satposs : teph=2026/07/09 05:55:27.000 n=32 ephopt=1
3 no pseudorange 2026/07/09 05:55:27.000 sat=46
3 no pseudorange 2026/07/09 05:55:27.000 sat=70
3 prec ephem outage 2026/07/09 05:55:27 sat=107
3 no ephemeris 2026/07/09 05:55:26.871 sat=107
3 prec ephem outage 2026/07/09 05:55:27 sat=108
3 no ephemeris 2026/07/09 05:55:26.870 sat=108
3 prec ephem outage 2026/07/09 05:55:27 sat=114
3 no ephemeris 2026/07/09 05:55:26.880 sat=114
3 estpos  : n=32
3 resprng : n=32
3 resprng : n=32
3 resprng : n=32
3 resprng : n=32
3 valsol  : n=32 nv=15
3 pntpos  : tobs=2026/07/09 05:55:28.000 n=29
3 satposs : teph=2026/07/09 05:55:28.000 n=29 ephopt=1
3 no pseudorange 2026/07/09 05:55:28.000 sat=70
3 prec ephem outage 2026/07/09 05:55:28 sat=107
3 no ephemeris 2026/07/09 05:55:27.871 sat=107
3 prec ephem outage 2026/07/09 05:55:28 sat=108
3 no ephemeris 2026/07/09 05:55:27.870 sat=108
3 prec ephem outage 2026/07/09 05:55:28 sat=114
3 no ephemeris 2026/07/09 05:55:27.880 sat=114
3 estpos  : n=29
3 resprng : n=29
3 resprng : n=29
3 resprng : n=29
3 resprng : n=29
3 valsol  : n=29 nv=15
3 pntpos  : tobs=2026/07/09 05:55:29.000 n=31
3 satposs : teph=2026/07/09 05:55:29.000 n=31 ephopt=1
3 no pseudorange 2026/07/09 05:55:29.000 sat=70
3 prec ephem outage 2026/07/09 05:55:29 sat=107
3 no ephemeris 2026/07/09 05:55:28.871 sat=107
3 prec ephem outage 2026/07/09 05:55:29 sat=108
3 no ephemeris 2026/07/09 05:55:28.870 sat=108
3 prec ephem outage 2026/07/09 05:55:29 sat=114
3 no ephemeris 2026/07/09 05:55:28.880 sat=114
3 estpos  : n=31
3 resprng : n=31
3 resprng : n=31
3 resprng : n=31
3 resprng : n=31
3 valsol  : n=31 nv=15
3 pntpos  : tobs=2026/07/09 05:55:30.000 n=33
3 satposs : teph=2026/07/09 05:55:30.000 n=33 ephopt=1
3 no pseudorange 2026/07/09 05:55:30.000 sat=46
3 no pseudorange 2026/07/09 05:55:30.000 sat=70
3 prec ephem outage 2026/07/09 05:55:30 sat=107
3 no ephemeris 2026/07/09 05:55:29.871 sat=107
3 prec ephem outage 2026/07/09 05:55:30 sat=108
3 no ephemeris 2026/07/09 05:55:29.870 sat=108
3 prec ephem outage 2026/07/09 05:55:30 sat=114
3 no ephemeris 2026/07/09 05:55:29.880 sat=114
3 estpos  : n=33
3 resprng : n=33
3 resprng : n=33
3 resprng : n=33
3 resprng : n=33
3 valsol  : n=33 nv=16
3 pntpos  : tobs=2026/07/09 05:55:31.000 n=32
3 satposs : teph=2026/07/09 05:55:31.000 n=32 ephopt=1
3 no pseudorange 2026/07/09 05:55:31.000 sat=70
3 prec ephem outage 2026/07/09 05:55:31 sat=107
3 no ephemeris 2026/07/09 05:55:30.871 sat=107
3 prec ephem outage 2026/07/09 05:55:31 sat=108
3 no ephemeris 2026/07/09 05:55:30.870 sat=108
3 prec ephem outage 2026/07/09 05:55:31 sat=114
3 no ephemeris 2026/07/09 05:55:30.880 sat=114
3 estpos  : n=32
3 resprng : n=32
3 resprng : n=32
3 resprng : n=32
3 resprng : n=32
3 valsol  : n=32 nv=16
3 pntpos  : tobs=2026/07/09 05:55:32.000 n=33
3 satposs : teph=2026/07/09 05:55:32.000 n=33 ephopt=1
3 no pseudorange 2026/07/09 05:55:32.000 sat=46
3 no pseudorange 2026/07/09 05:55:32.000 sat=70
3 prec ephem outage 2026/07/09 05:55:32 sat=107
3 no ephemeris 2026/07/09 05:55:31.871 sat=107
3 prec ephem outage 2026/07/09 05:55:32 sat=108
3 no ephemeris 2026/07/09 05:55:31.870 sat=108
3 prec ephem outage 2026/07/09 05:55:32 sat=114
3 no ephemeris 2026/07/09 05:55:31.880 sat=114
3 estpos  : n=33
3 resprng : n=33
3 resprng : n=33
3 resprng : n=33
3 resprng : n=33
3 valsol  : n=33 nv=15
3 pntpos  : tobs=2026/07/09 05:55:33.000 n=31
3 satposs : teph=2026/07/09 05:55:33.000 n=31 ephopt=1
3 no pseudorange 2026/07/09 05:55:33.000 sat=70
3 prec ephem outage 2026/07/09 05:55:33 sat=107
3 no ephemeris 2026/07/09 05:55:32.871 sat=107
3 prec ephem outage 2026/07/09 05:55:33 sat=108
3 no ephemeris 2026/07/09 05:55:32.870 sat=108
3 prec ephem outage 2026/07/09 05:55:33 sat=114
3 no ephemeris 2026/07/09 05:55:32.880 sat=114
3 estpos  : n=31
3 resprng : n=31
3 resprng : n=31
3 resprng : n=31
3 resprng : n=31
3 valsol  : n=31 nv=15
3 pntpos  : tobs=2026/07/09 05:55:34.000 n=34
3 satposs : teph=2026/07/09 05:55:34.000 n=34 ephopt=1
3 no pseudorange 2026/07/09 05:55:34.000 sat=46
3 no pseudorange 2026/07/09 05:55:34.000 sat=70
3 prec ephem outage 2026/07/09 05:55:34 sat=107
3 no ephemeris 2026/07/09 05:55:33.871 sat=107
3 prec ephem outage 2026/07/09 05:55:34 sat=108
3 no ephemeris 2026/07/09 05:55:33.870 sat=108
3 prec ephem outage 2026/07/09 05:55:34 sat=114
3 no ephemeris 2026/07/09 05:55:33.880 sat=114
3 estpos  : n=34
3 resprng : n=34
3 resprng : n=34
3 resprng : n=34
3 resprng : n=34
3 valsol  : n=34 nv=16
3 pntpos  : tobs=2026/07/09 05:55:35.000 n=32
3 satposs : teph=2026/07/09 05:55:35.000 n=32 ephopt=1
3 no pseudorange 2026/07/09 05:55:35.000 sat=70
3 prec ephem outage 2026/07/09 05:55:35 sat=107
3 no ephemeris 2026/07/09 05:55:34.871 sat=107
3 prec ephem outage 2026/07/09 05:55:35 sat=108
3 no ephemeris 2026/07/09 05:55:34.870 sat=108
3 prec ephem outage 2026/07/09 05:55:35 sat=114
3 no ephemeris 2026/07/09 05:55:34.880 sat=114
3 estpos  : n=32
3 resprng : n=32
3 resprng : n=32
3 resprng : n=32
3 resprng : n=32
3 valsol  : n=32 nv=15
3 pntpos  : tobs=2026/07/09 05:55:36.000 n=32
3 satposs : teph=2026/07/09 05:55:36.000 n=32 ephopt=1
3 no pseudorange 2026/07/09 05:55:36.000 sat=46
3 no pseudorange 2026/07/09 05:55:36.000 sat=70
3 prec ephem outage 2026/07/09 05:55:36 sat=107
3 no ephemeris 2026/07/09 05:55:35.871 sat=107
3 prec ephem outage 2026/07/09 05:55:36 sat=108
3 no ephemeris 2026/07/09 05:55:35.870 sat=108
3 prec ephem outage 2026/07/09 05:55:36 sat=114
3 no ephemeris 2026/07/09 05:55:35.880 sat=114
3 estpos  : n=32
3 resprng : n=32
3 resprng : n=32
3 resprng : n=32
3 resprng : n=32
3 valsol  : n=32 nv=16
3 pntpos  : tobs=2026/07/09 05:55:37.000 n=31
3 satposs : teph=2026/07/09 05:55:37.000 n=31 ephopt=1
3 no pseudorange 2026/07/09 05:55:37.000 sat=46
3 no pseudorange 2026/07/09 05:55:37.000 sat=70
3 prec ephem outage 2026/07/09 05:55:37 sat=107
3 no ephemeris 2026/07/09 05:55:36.871 sat=107
3 prec ephem outage 2026/07/09 05:55:37 sat=108
3 no ephemeris 2026/07/09 05:55:36.870 sat=108
3 prec ephem outage 2026/07/09 05:55:37 sat=114
3 no ephemeris 2026/07/09 05:55:36.880 sat=114
3 estpos  : n=31
3 resprng : n=31
3 resprng : n=31
3 resprng : n=31
3 resprng : n=31
3 valsol  : n=31 nv=16
3 pntpos  : tobs=2026/07/09 05:55:38.000 n=31
3 satposs : teph=2026/07/09 05:55:38.000 n=31 ephopt=1
3 no pseudorange 2026/07/09 05:55:38.000 sat=46
3 no pseudorange 2026/07/09 05:55:38.000 sat=61
3 no pseudorange 2026/07/09 05:55:38.000 sat=70
3 prec ephem outage 2026/07/09 05:55:38 sat=107
3 no ephemeris 2026/07/09 05:55:37.871 sat=107
3 prec ephem outage 2026/07/09 05:55:38 sat=108
3 no ephemeris 2026/07/09 05:55:37.870 sat=108
3 prec ephem outage 2026/07/09 05:55:38 sat=114
3 no ephemeris 2026/07/09 05:55:37.880 sat=114
3 estpos  : n=31
3 resprng : n=31
3 resprng : n=31
3 resprng : n=31
3 resprng : n=31
3 valsol  : n=31 nv=16
3 pntpos  : tobs=2026/07/09 05:55:39.000 n=31
3 satposs : teph=2026/07/09 05:55:39.000 n=31 ephopt=1
3 no pseudorange 2026/07/09 05:55:39.000 sat=46
3 no pseudorange 2026/07/09 05:55:39.000 sat=61
3 no pseudorange 2026/07/09 05:55:39.000 sat=70
3 prec ephem outage 2026/07/09 05:55:39 sat=107
3 no ephemeris 2026/07/09 05:55:38.871 sat=107
3 prec ephem outage 2026/07/09 05:55:39 sat=108
3 no ephemeris 2026/07/09 05:55:38.870 sat=108
3 prec ephem outage 2026/07/09 05:55:39 sat=114
3 no ephemeris 2026/07/09 05:55:38.880 sat=114
3 estpos  : n=31
3 resprng : n=31
3 resprng : n=31
3 resprng : n=31
3 resprng : n=31
3 valsol  : n=31 nv=16
3 pntpos  : tobs=2026/07/09 05:55:40.000 n=31
3 satposs : teph=2026/07/09 05:55:40.000 n=31 ephopt=1
3 no pseudorange 2026/07/09 05:55:40.000 sat=46
3 no pseudorange 2026/07/09 05:55:40.000 sat=70
3 prec ephem outage 2026/07/09 05:55:40 sat=108
3 no ephemeris 2026/07/09 05:55:39.870 sat=108
3 prec ephem outage 2026/07/09 05:55:40 sat=114
3 no ephemeris 2026/07/09 05:55:39.880 sat=114
3 estpos  : n=31
3 resprng : n=31
3 resprng : n=31
3 resprng : n=31
3 resprng : n=31
3 valsol  : n=31 nv=16
3 pntpos  : tobs=2026/07/09 05:55:41.000 n=32
3 satposs : teph=2026/07/09 05:55:41.000 n=32 ephopt=1
3 no pseudorange 2026/07/09 05:55:41.000 sat=46
3 no pseudorange 2026/07/09 05:55:41.000 sat=70
3 prec ephem outage 2026/07/09 05:55:41 sat=107
3 no ephemeris 2026/07/09 05:55:40.871 sat=107
3 prec ephem outage 2026/07/09 05:55:41 sat=108
3 no ephemeris 2026/07/09 05:55:40.870 sat=108
3 prec ephem outage 2026/07/09 05:55:41 sat=114
3 no ephemeris 2026/07/09 05:55:40.880 sat=114
3 estpos  : n=32
3 resprng : n=32
3 resprng : n=32
3 resprng : n=32
3 resprng : n=32
3 valsol  : n=32 nv=16
3 pntpos  : tobs=2026/07/09 05:55:42.000 n=31
3 satposs : teph=2026/07/09 05:55:42.000 n=31 ephopt=1
3 no pseudorange 2026/07/09 05:55:42.000 sat=70
3 prec ephem outage 2026/07/09 05:55:42 sat=107
3 no ephemeris 2026/07/09 05:55:41.871 sat=107
3 prec ephem outage 2026/07/09 05:55:42 sat=108
3 no ephemeris 2026/07/09 05:55:41.870 sat=108
3 prec ephem outage 2026/07/09 05:55:42 sat=114
3 no ephemeris 2026/07/09 05:55:41.880 sat=114
3 estpos  : n=31
3 resprng : n=31
3 resprng : n=31
3 resprng : n=31
3 resprng : n=31
3 valsol  : n=31 nv=16
3 pntpos  : tobs=2026/07/09 05:55:43.000 n=30
3 satposs : teph=2026/07/09 05:55:43.000 n=30 ephopt=1
3 no pseudorange 2026/07/09 05:55:43.000 sat=70
3 prec ephem outage 2026/07/09 05:55:43 sat=107
3 no ephemeris 2026/07/09 05:55:42.871 sat=107
3 prec ephem outage 2026/07/09 05:55:43 sat=108
3 no ephemeris 2026/07/09 05:55:42.870 sat=108
3 prec ephem outage 2026/07/09 05:55:43 sat=114
3 no ephemeris 2026/07/09 05:55:42.880 sat=114
3 estpos  : n=30
3 resprng : n=30
3 resprng : n=30
3 resprng : n=30
3 resprng : n=30
3 valsol  : n=30 nv=15
3 pntpos  : tobs=2026/07/09 05:55:44.000 n=29
3 satposs : teph=2026/07/09 05:55:44.000 n=29 ephopt=1
3 no pseudorange 2026/07/09 05:55:44.000 sat=70
3 prec ephem outage 2026/07/09 05:55:44 sat=107
3 no ephemeris 2026/07/09 05:55:43.871 sat=107
3 prec ephem outage 2026/07/09 05:55:44 sat=108
3 no ephemeris 2026/07/09 05:55:43.870 sat=108
3 prec ephem outage 2026/07/09 05:55:44 sat=114
3 no ephemeris 2026/07/09 05:55:43.880 sat=114
3 estpos  : n=29
3 resprng : n=29
3 resprng : n=29
3 resprng : n=29
3 resprng : n=29
3 valsol  : n=29 nv=15
3 pntpos  : tobs=2026/07/09 05:55:45.000 n=31
3 satposs : teph=2026/07/09 05:55:45.000 n=31 ephopt=1
3 no pseudorange 2026/07/09 05:55:45.000 sat=46
3 no pseudorange 2026/07/09 05:55:45.000 sat=70
3 prec ephem outage 2026/07/09 05:55:45 sat=107
3 no ephemeris 2026/07/09 05:55:44.871 sat=107
3 prec ephem outage 2026/07/09 05:55:45 sat=108
3 no ephemeris 2026/07/09 05:55:44.870 sat=108
3 prec ephem outage 2026/07/09 05:55:45 sat=114
3 no ephemeris 2026/07/09 05:55:44.880 sat=114
3 estpos  : n=31
3 resprng : n=31
3 resprng : n=31
3 resprng : n=31
3 resprng : n=31
3 valsol  : n=31 nv=15
3 pntpos  : tobs=2026/07/09 05:55:46.000 n=30
3 satposs : teph=2026/07/09 05:55:46.000 n=30 ephopt=1
3 no pseudorange 2026/07/09 05:55:46.000 sat=70
3 prec ephem outage 2026/07/09 05:55:46 sat=107
3 no ephemeris 2026/07/09 05:55:45.871 sat=107
3 prec ephem outage 2026/07/09 05:55:46 sat=108
3 no ephemeris 2026/07/09 05:55:45.870 sat=108
3 prec ephem outage 2026/07/09 05:55:46 sat=114
3 no ephemeris 2026/07/09 05:55:45.880 sat=114
3 estpos  : n=30
3 resprng : n=30
3 resprng : n=30
3 resprng : n=30
3 resprng : n=30
3 valsol  : n=30 nv=15
3 pntpos  : tobs=2026/07/09 05:55:47.000 n=30
3 satposs : teph=2026/07/09 05:55:47.000 n=30 ephopt=1
3 no pseudorange 2026/07/09 05:55:47.000 sat=70
3 prec ephem outage 2026/07/09 05:55:47 sat=107
3 no ephemeris 2026/07/09 05:55:46.871 sat=107
3 prec ephem outage 2026/07/09 05:55:47 sat=108
3 no ephemeris 2026/07/09 05:55:46.870 sat=108
3 prec ephem outage 2026/07/09 05:55:47 sat=114
3 no ephemeris 2026/07/09 05:55:46.880 sat=114
3 estpos  : n=30
3 resprng : n=30
3 resprng : n=30
3 resprng : n=30
3 resprng : n=30
3 valsol  : n=30 nv=15
3 pntpos  : tobs=2026/07/09 05:55:48.000 n=30
3 satposs : teph=2026/07/09 05:55:48.000 n=30 ephopt=1
3 no pseudorange 2026/07/09 05:55:48.000 sat=46
3 no pseudorange 2026/07/09 05:55:48.000 sat=70
3 prec ephem outage 2026/07/09 05:55:48 sat=107
3 no ephemeris 2026/07/09 05:55:47.871 sat=107
3 prec ephem outage 2026/07/09 05:55:48 sat=108
3 no ephemeris 2026/07/09 05:55:47.870 sat=108
3 prec ephem outage 2026/07/09 05:55:48 sat=114
3 no ephemeris 2026/07/09 05:55:47.880 sat=114
3 estpos  : n=30
3 resprng : n=30
3 resprng : n=30
3 resprng : n=30
3 resprng : n=30
3 valsol  : n=30 nv=15
3 pntpos  : tobs=2026/07/09 05:55:49.000 n=30
3 satposs : teph=2026/07/09 05:55:49.000 n=30 ephopt=1
3 no pseudorange 2026/07/09 05:55:49.000 sat=70
3 prec ephem outage 2026/07/09 05:55:49 sat=107
3 no ephemeris 2026/07/09 05:55:48.871 sat=107
3 prec ephem outage 2026/07/09 05:55:49 sat=108
3 no ephemeris 2026/07/09 05:55:48.870 sat=108
3 prec ephem outage 2026/07/09 05:55:49 sat=114
3 no ephemeris 2026/07/09 05:55:48.880 sat=114
3 estpos  : n=30
3 resprng : n=30
3 resprng : n=30
3 resprng : n=30
3 resprng : n=30
3 valsol  : n=30 nv=15
3 pntpos  : tobs=2026/07/09 05:55:50.000 n=28
3 satposs : teph=2026/07/09 05:55:50.000 n=28 ephopt=1
3 no pseudorange 2026/07/09 05:55:50.000 sat=70
3 prec ephem outage 2026/07/09 05:55:50 sat=107
3 no ephemeris 2026/07/09 05:55:49.871 sat=107
3 prec ephem outage 2026/07/09 05:55:50 sat=108
3 no ephemeris 2026/07/09 05:55:49.870 sat=108
3 prec ephem outage 2026/07/09 05:55:50 sat=114
3 no ephemeris 2026/07/09 05:55:49.880 sat=114
3 estpos  : n=28
3 resprng : n=28
3 resprng : n=28
3 resprng : n=28
3 resprng : n=28
3 valsol  : n=28 nv=15
3 pntpos  : tobs=2026/07/09 05:55:51.000 n=32
3 satposs : teph=2026/07/09 05:55:51.000 n=32 ephopt=1
3 no pseudorange 2026/07/09 05:55:51.000 sat=70
3 prec ephem outage 2026/07/09 05:55:51 sat=107
3 no ephemeris 2026/07/09 05:55:50.871 sat=107
3 prec ephem outage 2026/07/09 05:55:51 sat=108
3 no ephemeris 2026/07/09 05:55:50.870 sat=108
3 prec ephem outage 2026/07/09 05:55:51 sat=114
3 no ephemeris 2026/07/09 05:55:50.880 sat=114
3 estpos  : n=32
3 resprng : n=32
3 resprng : n=32
3 resprng : n=32
3 resprng : n=32
3 valsol  : n=32 nv=15
3 pntpos  : tobs=2026/07/09 05:55:52.000 n=32
3 satposs : teph=2026/07/09 05:55:52.000 n=32 ephopt=1
3 no pseudorange 2026/07/09 05:55:52.000 sat=46
3 no pseudorange 2026/07/09 05:55:52.000 sat=70
3 prec ephem outage 2026/07/09 05:55:52 sat=107
3 no ephemeris 2026/07/09 05:55:51.871 sat=107
3 prec ephem outage 2026/07/09 05:55:52 sat=108
3 no ephemeris 2026/07/09 05:55:51.870 sat=108
3 prec ephem outage 2026/07/09 05:55:52 sat=114
3 no ephemeris 2026/07/09 05:55:51.880 sat=114
3 estpos  : n=32
3 resprng : n=32
3 resprng : n=32
3 resprng : n=32
3 resprng : n=32
3 valsol  : n=32 nv=15
3 pntpos  : tobs=2026/07/09 05:55:53.000 n=31
3 satposs : teph=2026/07/09 05:55:53.000 n=31 ephopt=1
3 no pseudorange 2026/07/09 05:55:53.000 sat=70
3 prec ephem outage 2026/07/09 05:55:53 sat=107
3 no ephemeris 2026/07/09 05:55:52.871 sat=107
3 prec ephem outage 2026/07/09 05:55:53 sat=108
3 no ephemeris 2026/07/09 05:55:52.870 sat=108
3 prec ephem outage 2026/07/09 05:55:53 sat=114
3 no ephemeris 2026/07/09 05:55:52.880 sat=114
3 estpos  : n=31
3 resprng : n=31
3 resprng : n=31
3 resprng : n=31
3 resprng : n=31
3 valsol  : n=31 nv=15
3 pntpos  : tobs=2026/07/09 05:55:54.000 n=31
3 satposs : teph=2026/07/09 05:55:54.000 n=31 ephopt=1
3 no pseudorange 2026/07/09 05:55:54.000 sat=70
3 prec ephem outage 2026/07/09 05:55:54 sat=107
3 no ephemeris 2026/07/09 05:55:53.871 sat=107
3 prec ephem outage 2026/07/09 05:55:54 sat=108
3 no ephemeris 2026/07/09 05:55:53.870 sat=108
3 prec ephem outage 2026/07/09 05:55:54 sat=114
3 no ephemeris 2026/07/09 05:55:53.880 sat=114
3 estpos  : n=31
3 resprng : n=31
3 resprng : n=31
3 resprng : n=31
3 resprng : n=31
3 valsol  : n=31 nv=15
3 pntpos  : tobs=2026/07/09 05:55:55.000 n=32
3 satposs : teph=2026/07/09 05:55:55.000 n=32 ephopt=1
3 no pseudorange 2026/07/09 05:55:55.000 sat=46
3 no pseudorange 2026/07/09 05:55:55.000 sat=70
3 prec ephem outage 2026/07/09 05:55:55 sat=107
3 no ephemeris 2026/07/09 05:55:54.871 sat=107
3 prec ephem outage 2026/07/09 05:55:55 sat=108
3 no ephemeris 2026/07/09 05:55:54.870 sat=108
3 prec ephem outage 2026/07/09 05:55:55 sat=114
3 no ephemeris 2026/07/09 05:55:54.880 sat=114
3 estpos  : n=32
3 resprng : n=32
3 resprng : n=32
3 resprng : n=32
3 resprng : n=32
3 valsol  : n=32 nv=15
3 pntpos  : tobs=2026/07/09 05:55:56.000 n=30
3 satposs : teph=2026/07/09 05:55:56.000 n=30 ephopt=1
3 no pseudorange 2026/07/09 05:55:56.000 sat=70
3 prec ephem outage 2026/07/09 05:55:56 sat=107
3 no ephemeris 2026/07/09 05:55:55.871 sat=107
3 prec ephem outage 2026/07/09 05:55:56 sat=108
3 no ephemeris 2026/07/09 05:55:55.870 sat=108
3 prec ephem outage 2026/07/09 05:55:56 sat=114
3 no ephemeris 2026/07/09 05:55:55.880 sat=114
3 estpos  : n=30
3 resprng : n=30
3 resprng : n=30
3 resprng : n=30
3 resprng : n=30
3 valsol  : n=30 nv=15
3 pntpos  : tobs=2026/07/09 05:55:57.000 n=31
3 satposs : teph=2026/07/09 05:55:57.000 n=31 ephopt=1
3 no pseudorange 2026/07/09 05:55:57.000 sat=46
3 no pseudorange 2026/07/09 05:55:57.000 sat=70
3 prec ephem outage 2026/07/09 05:55:57 sat=107
3 no ephemeris 2026/07/09 05:55:56.871 sat=107
3 prec ephem outage 2026/07/09 05:55:57 sat=108
3 no ephemeris 2026/07/09 05:55:56.870 sat=108
3 prec ephem outage 2026/07/09 05:55:57 sat=114
3 no ephemeris 2026/07/09 05:55:56.880 sat=114
3 estpos  : n=31
3 resprng : n=31
3 resprng : n=31
3 resprng : n=31
3 resprng : n=31
3 valsol  : n=31 nv=15
3 pntpos  : tobs=2026/07/09 05:55:58.000 n=32
3 satposs : teph=2026/07/09 05:55:58.000 n=32 ephopt=1
3 no pseudorange 2026/07/09 05:55:58.000 sat=46
3 no pseudorange 2026/07/09 05:55:58.000 sat=70
3 prec ephem outage 2026/07/09 05:55:58 sat=107
3 no ephemeris 2026/07/09 05:55:57.871 sat=107
3 prec ephem outage 2026/07/09 05:55:58 sat=108
3 no ephemeris 2026/07/09 05:55:57.870 sat=108
3 prec ephem outage 2026/07/09 05:55:58 sat=114
3 no ephemeris 2026/07/09 05:55:57.880 sat=114
3 estpos  : n=32
3 resprng : n=32
3 resprng : n=32
3 resprng : n=32
3 resprng : n=32
3 valsol  : n=32 nv=15
3 pntpos  : tobs=2026/07/09 05:55:59.000 n=32
3 satposs : teph=2026/07/09 05:55:59.000 n=32 ephopt=1
3 no pseudorange 2026/07/09 05:55:59.000 sat=70
3 prec ephem outage 2026/07/09 05:55:59 sat=107
3 no ephemeris 2026/07/09 05:55:58.871 sat=107
3 prec ephem outage 2026/07/09 05:55:59 sat=108
3 no ephemeris 2026/07/09 05:55:58.870 sat=108
3 prec ephem outage 2026/07/09 05:55:59 sat=114
3 no ephemeris 2026/07/09 05:55:58.880 sat=114
3 estpos  : n=32
3 resprng : n=32
3 resprng : n=32
3 resprng : n=32
3 resprng : n=32
3 valsol  : n=32 nv=15
3 pntpos  : tobs=2026/07/09 05:56:00.000 n=33
3 satposs : teph=2026/07/09 05:56:00.000 n=33 ephopt=1
3 no pseudorange 2026/07/09 05:56:00.000 sat=46
3 no pseudorange 2026/07/09 05:56:00.000 sat=70
3 prec ephem outage 2026/07/09 05:56:00 sat=107
3 no ephemeris 2026/07/09 05:55:59.871 sat=107
3 prec ephem outage 2026/07/09 05:56:00 sat=108
3 no ephemeris 2026/07/09 05:55:59.870 sat=108
3 prec ephem outage 2026/07/09 05:56:00 sat=114
3 no ephemeris 2026/07/09 05:55:59.880 sat=114
3 estpos  : n=33
3 resprng : n=33
3 resprng : n=33
3 resprng : n=33
3 resprng : n=33
3 valsol  : n=33 nv=15
3 pntpos  : tobs=2026/07/09 05:56:01.000 n=31
3 satposs : teph=2026/07/09 05:56:01.000 n=31 ephopt=1
3 no pseudorange 2026/07/09 05:56:01.000 sat=46
3 no pseudorange 2026/07/09 05:56:01.000 sat=70
3 prec ephem outage 2026/07/09 05:56:01 sat=107
3 no ephemeris 2026/07/09 05:56:00.871 sat=107
3 prec ephem outage 2026/07/09 05:56:01 sat=108
3 no ephemeris 2026/07/09 05:56:00.870 sat=108
3 prec ephem outage 2026/07/09 05:56:01 sat=114
3 no ephemeris 2026/07/09 05:56:00.880 sat=114
3 estpos  : n=31
3 resprng : n=31
3 resprng : n=31
3 resprng : n=31
3 resprng : n=31
3 valsol  : n=31 nv=15
3 pntpos  : tobs=2026/07/09 05:56:02.000 n=33
3 satposs : teph=2026/07/09 05:56:02.000 n=33 ephopt=1
3 no pseudorange 2026/07/09 05:56:02.000 sat=46
3 no pseudorange 2026/07/09 05:56:02.000 sat=70
3 prec ephem outage 2026/07/09 05:56:02 sat=107
3 no ephemeris 2026/07/09 05:56:01.871 sat=107
3 prec ephem outage 2026/07/09 05:56:02 sat=108
3 no ephemeris 2026/07/09 05:56:01.870 sat=108
3 prec ephem outage 2026/07/09 05:56:02 sat=114
3 no ephemeris 2026/07/09 05:56:01.880 sat=114
3 estpos  : n=33
3 resprng : n=33
3 resprng : n=33
3 resprng : n=33
3 resprng : n=33
3 valsol  : n=33 nv=15
3 pntpos  : tobs=2026/07/09 05:56:03.000 n=33
3 satposs : teph=2026/07/09 05:56:03.000 n=33 ephopt=1
3 no pseudorange 2026/07/09 05:56:03.000 sat=46
3 no pseudorange 2026/07/09 05:56:03.000 sat=70
3 prec ephem outage 2026/07/09 05:56:03 sat=107
3 no ephemeris 2026/07/09 05:56:02.871 sat=107
3 prec ephem outage 2026/07/09 05:56:03 sat=108
3 no ephemeris 2026/07/09 05:56:02.870 sat=108
3 prec ephem outage 2026/07/09 05:56:03 sat=114
3 no ephemeris 2026/07/09 05:56:02.880 sat=114
3 estpos  : n=33
3 resprng : n=33
3 resprng : n=33
3 resprng : n=33
3 resprng : n=33
3 valsol  : n=33 nv=15
3 pntpos  : tobs=2026/07/09 05:56:04.000 n=33
3 satposs : teph=2026/07/09 05:56:04.000 n=33 ephopt=1
3 no pseudorange 2026/07/09 05:56:04.000 sat=46
3 no pseudorange 2026/07/09 05:56:04.000 sat=70
3 prec ephem outage 2026/07/09 05:56:04 sat=107
3 no ephemeris 2026/07/09 05:56:03.871 sat=107
3 prec ephem outage 2026/07/09 05:56:04 sat=108
3 no ephemeris 2026/07/09 05:56:03.870 sat=108
3 prec ephem outage 2026/07/09 05:56:04 sat=114
3 no ephemeris 2026/07/09 05:56:03.880 sat=114
3 estpos  : n=33
3 resprng : n=33
3 resprng : n=33
3 resprng : n=33
3 resprng : n=33
3 valsol  : n=33 nv=15
3 pntpos  : tobs=2026/07/09 05:56:05.000 n=31
3 satposs : teph=2026/07/09 05:56:05.000 n=31 ephopt=1
3 no pseudorange 2026/07/09 05:56:05.000 sat=46
3 no pseudorange 2026/07/09 05:56:05.000 sat=70
3 prec ephem outage 2026/07/09 05:56:05 sat=107
3 no ephemeris 2026/07/09 05:56:04.871 sat=107
3 prec ephem outage 2026/07/09 05:56:05 sat=108
3 no ephemeris 2026/07/09 05:56:04.869 sat=108
3 prec ephem outage 2026/07/09 05:56:05 sat=114
3 no ephemeris 2026/07/09 05:56:04.880 sat=114
3 estpos  : n=31
3 resprng : n=31
3 resprng : n=31
3 resprng : n=31
3 resprng : n=31
3 valsol  : n=31 nv=15
3 pntpos  : tobs=2026/07/09 05:56:06.000 n=33
3 satposs : teph=2026/07/09 05:56:06.000 n=33 ephopt=1
3 no pseudorange 2026/07/09 05:56:06.000 sat=46
3 no pseudorange 2026/07/09 05:56:06.000 sat=70
3 prec ephem outage 2026/07/09 05:56:06 sat=107
3 no ephemeris 2026/07/09 05:56:05.871 sat=107
3 prec ephem outage 2026/07/09 05:56:06 sat=108
3 no ephemeris 2026/07/09 05:56:05.869 sat=108
3 prec ephem outage 2026/07/09 05:56:06 sat=114
3 no ephemeris 2026/07/09 05:56:05.880 sat=114
3 estpos  : n=33
3 resprng : n=33
3 resprng : n=33
3 resprng : n=33
3 resprng : n=33
3 valsol  : n=33 nv=15
3 pntpos  : tobs=2026/07/09 05:56:07.000 n=32
3 satposs : teph=2026/07/09 05:56:07.000 n=32 ephopt=1
3 no pseudorange 2026/07/09 05:56:07.000 sat=46
3 no pseudorange 2026/07/09 05:56:07.000 sat=70
3 prec ephem outage 2026/07/09 05:56:07 sat=107
3 no ephemeris 2026/07/09 05:56:06.871 sat=107
3 prec ephem outage 2026/07/09 05:56:07 sat=108
3 no ephemeris 2026/07/09 05:56:06.869 sat=108
3 prec ephem outage 2026/07/09 05:56:07 sat=114
3 no ephemeris 2026/07/09 05:56:06.880 sat=114
3 estpos  : n=32
3 resprng : n=32
3 resprng : n=32
3 resprng : n=32
3 resprng : n=32
3 valsol  : n=32 nv=15
3 pntpos  : tobs=2026/07/09 05:56:08.000 n=31
3 satposs : teph=2026/07/09 05:56:08.000 n=31 ephopt=1
3 no pseudorange 2026/07/09 05:56:08.000 sat=46
3 no pseudorange 2026/07/09 05:56:08.000 sat=70
3 prec ephem outage 2026/07/09 05:56:08 sat=107
3 no ephemeris 2026/07/09 05:56:07.871 sat=107
3 prec ephem outage 2026/07/09 05:56:08 sat=108
3 no ephemeris 2026/07/09 05:56:07.869 sat=108
3 prec ephem outage 2026/07/09 05:56:08 sat=114
3 no ephemeris 2026/07/09 05:56:07.880 sat=114
3 estpos  : n=31
3 resprng : n=31
3 resprng : n=31
3 resprng : n=31
3 resprng : n=31
3 valsol  : n=31 nv=15
3 pntpos  : tobs=2026/07/09 05:56:09.000 n=31
3 satposs : teph=2026/07/09 05:56:09.000 n=31 ephopt=1
3 no pseudorange 2026/07/09 05:56:09.000 sat=70
3 prec ephem outage 2026/07/09 05:56:09 sat=107
3 no ephemeris 2026/07/09 05:56:08.871 sat=107
3 prec ephem outage 2026/07/09 05:56:09 sat=108
3 no ephemeris 2026/07/09 05:56:08.869 sat=108
3 prec ephem outage 2026/07/09 05:56:09 sat=114
3 no ephemeris 2026/07/09 05:56:08.880 sat=114
3 estpos  : n=31
3 resprng : n=31
3 resprng : n=31
3 resprng : n=31
3 resprng : n=31
3 valsol  : n=31 nv=15
3 pntpos  : tobs=2026/07/09 05:56:10.000 n=31
3 satposs : teph=2026/07/09 05:56:10.000 n=31 ephopt=1
3 no pseudorange 2026/07/09 05:56:10.000 sat=70
3 prec ephem outage 2026/07/09 05:56:10 sat=107
3 no ephemeris 2026/07/09 05:56:09.871 sat=107
3 prec ephem outage 2026/07/09 05:56:10 sat=108
3 no ephemeris 2026/07/09 05:56:09.869 sat=108
3 prec ephem outage 2026/07/09 05:56:10 sat=114
3 no ephemeris 2026/07/09 05:56:09.880 sat=114
3 estpos  : n=31
3 resprng : n=31
3 resprng : n=31
3 resprng : n=31
3 resprng : n=31
3 valsol  : n=31 nv=15
3 pntpos  : tobs=2026/07/09 05:56:11.000 n=31
3 satposs : teph=2026/07/09 05:56:11.000 n=31 ephopt=1
3 no pseudorange 2026/07/09 05:56:11.000 sat=46
3 no pseudorange 2026/07/09 05:56:11.000 sat=70
3 prec ephem outage 2026/07/09 05:56:11 sat=107
3 no ephemeris 2026/07/09 05:56:10.871 sat=107
3 prec ephem outage 2026/07/09 05:56:11 sat=108
3 no ephemeris 2026/07/09 05:56:10.869 sat=108
3 prec ephem outage 2026/07/09 05:56:11 sat=114
3 no ephemeris 2026/07/09 05:56:10.880 sat=114
3 estpos  : n=31
3 resprng : n=31
3 resprng : n=31
3 resprng : n=31
3 resprng : n=31
3 valsol  : n=31 nv=15
3 pntpos  : tobs=2026/07/09 05:56:12.000 n=30
3 satposs : teph=2026/07/09 05:56:12.000 n=30 ephopt=1
3 no pseudorange 2026/07/09 05:56:12.000 sat=46
3 no pseudorange 2026/07/09 05:56:12.000 sat=70
3 prec ephem outage 2026/07/09 05:56:12 sat=107
3 no ephemeris 2026/07/09 05:56:11.871 sat=107
3 prec ephem outage 2026/07/09 05:56:12 sat=108
3 no ephemeris 2026/07/09 05:56:11.869 sat=108
3 prec ephem outage 2026/07/09 05:56:12 sat=114
3 no ephemeris 2026/07/09 05:56:11.880 sat=114
3 estpos  : n=30
3 resprng : n=30
3 resprng : n=30
3 resprng : n=30
3 resprng : n=30
3 valsol  : n=30 nv=15
3 pntpos  : tobs=2026/07/09 05:56:13.000 n=31
3 satposs : teph=2026/07/09 05:56:13.000 n=31 ephopt=1
3 no pseudorange 2026/07/09 05:56:13.000 sat=46
3 no pseudorange 2026/07/09 05:56:13.000 sat=70
3 prec ephem outage 2026/07/09 05:56:13 sat=107
3 no ephemeris 2026/07/09 05:56:12.871 sat=107
3 prec ephem outage 2026/07/09 05:56:13 sat=108
3 no ephemeris 2026/07/09 05:56:12.869 sat=108
3 prec ephem outage 2026/07/09 05:56:13 sat=114
3 no ephemeris 2026/07/09 05:56:12.880 sat=114
3 estpos  : n=31
3 resprng : n=31
3 resprng : n=31
3 resprng : n=31
3 resprng : n=31
3 valsol  : n=31 nv=15
3 pntpos  : tobs=2026/07/09 05:56:14.000 n=32
3 satposs : teph=2026/07/09 05:56:14.000 n=32 ephopt=1
3 no pseudorange 2026/07/09 05:56:14.000 sat=46
3 no pseudorange 2026/07/09 05:56:14.000 sat=70
3 prec ephem outage 2026/07/09 05:56:14 sat=107
3 no ephemeris 2026/07/09 05:56:13.871 sat=107
3 prec ephem outage 2026/07/09 05:56:14 sat=108
3 no ephemeris 2026/07/09 05:56:13.869 sat=108
3 prec ephem outage 2026/07/09 05:56:14 sat=114
3 no ephemeris 2026/07/09 05:56:13.880 sat=114
3 estpos  : n=32
3 resprng : n=32
3 resprng : n=32
3 resprng : n=32
3 resprng : n=32
3 valsol  : n=32 nv=15
3 pntpos  : tobs=2026/07/09 05:56:15.000 n=31
3 satposs : teph=2026/07/09 05:56:15.000 n=31 ephopt=1
3 no pseudorange 2026/07/09 05:56:15.000 sat=70
3 prec ephem outage 2026/07/09 05:56:15 sat=107
3 no ephemeris 2026/07/09 05:56:14.871 sat=107
3 prec ephem outage 2026/07/09 05:56:15 sat=108
3 no ephemeris 2026/07/09 05:56:14.869 sat=108
3 prec ephem outage 2026/07/09 05:56:15 sat=114
3 no ephemeris 2026/07/09 05:56:14.880 sat=114
3 estpos  : n=31
3 resprng : n=31
3 resprng : n=31
3 resprng : n=31
3 resprng : n=31
3 valsol  : n=31 nv=15
3 pntpos  : tobs=2026/07/09 05:56:16.000 n=31
3 satposs : teph=2026/07/09 05:56:16.000 n=31 ephopt=1
3 no pseudorange 2026/07/09 05:56:16.000 sat=46
3 no pseudorange 2026/07/09 05:56:16.000 sat=70
3 prec ephem outage 2026/07/09 05:56:16 sat=107
3 no ephemeris 2026/07/09 05:56:15.871 sat=107
3 prec ephem outage 2026/07/09 05:56:16 sat=108
3 no ephemeris 2026/07/09 05:56:15.869 sat=108
3 prec ephem outage 2026/07/09 05:56:16 sat=114
3 no ephemeris 2026/07/09 05:56:15.880 sat=114
3 estpos  : n=31
3 resprng : n=31
3 resprng : n=31
3 resprng : n=31
3 resprng : n=31
3 valsol  : n=31 nv=15
3 pntpos  : tobs=2026/07/09 05:56:17.000 n=31
3 satposs : teph=2026/07/09 05:56:17.000 n=31 ephopt=1
3 no pseudorange 2026/07/09 05:56:17.000 sat=70
3 prec ephem outage 2026/07/09 05:56:17 sat=107
3 no ephemeris 2026/07/09 05:56:16.871 sat=107
3 prec ephem outage 2026/07/09 05:56:17 sat=108
3 no ephemeris 2026/07/09 05:56:16.869 sat=108
3 prec ephem outage 2026/07/09 05:56:17 sat=114
3 no ephemeris 2026/07/09 05:56:16.880 sat=114
3 estpos  : n=31
3 resprng : n=31
3 resprng : n=31
3 resprng : n=31
3 resprng : n=31
3 valsol  : n=31 nv=15
3 pntpos  : tobs=2026/07/09 05:56:18.000 n=30
3 satposs : teph=2026/07/09 05:56:18.000 n=30 ephopt=1
3 no pseudorange 2026/07/09 05:56:18.000 sat=70
3 no pseudorange 2026/07/09 05:56:18.000 sat=84
3 prec ephem outage 2026/07/09 05:56:18 sat=107
3 no ephemeris 2026/07/09 05:56:17.871 sat=107
3 prec ephem outage 2026/07/09 05:56:18 sat=108
3 no ephemeris 2026/07/09 05:56:17.869 sat=108
3 prec ephem outage 2026/07/09 05:56:18 sat=114
3 no ephemeris 2026/07/09 05:56:17.880 sat=114
3 estpos  : n=30
3 resprng : n=30
3 resprng : n=30
3 resprng : n=30
3 resprng : n=30
3 valsol  : n=30 nv=15
3 pntpos  : tobs=2026/07/09 05:56:19.000 n=32
3 satposs : teph=2026/07/09 05:56:19.000 n=32 ephopt=1
3 no pseudorange 2026/07/09 05:56:19.000 sat=46
3 no pseudorange 2026/07/09 05:56:19.000 sat=61
3 no pseudorange 2026/07/09 05:56:19.000 sat=70
3 no pseudorange 2026/07/09 05:56:19.000 sat=84
3 prec ephem outage 2026/07/09 05:56:19 sat=107
3 no ephemeris 2026/07/09 05:56:18.871 sat=107
3 prec ephem outage 2026/07/09 05:56:19 sat=108
3 no ephemeris 2026/07/09 05:56:18.869 sat=108
3 prec ephem outage 2026/07/09 05:56:19 sat=114
3 no ephemeris 2026/07/09 05:56:18.880 sat=114
3 estpos  : n=32
3 resprng : n=32
3 resprng : n=32
3 resprng : n=32
3 resprng : n=32
3 valsol  : n=32 nv=15
3 pntpos  : tobs=2026/07/09 05:56:20.000 n=32
3 satposs : teph=2026/07/09 05:56:20.000 n=32 ephopt=1
3 no pseudorange 2026/07/09 05:56:20.000 sat=46
3 no pseudorange 2026/07/09 05:56:20.000 sat=70
3 no pseudorange 2026/07/09 05:56:20.000 sat=84
3 prec ephem outage 2026/07/09 05:56:20 sat=107
3 no ephemeris 2026/07/09 05:56:19.871 sat=107
3 prec ephem outage 2026/07/09 05:56:20 sat=108
3 no ephemeris 2026/07/09 05:56:19.869 sat=108
3 prec ephem outage 2026/07/09 05:56:20 sat=114
3 no ephemeris 2026/07/09 05:56:19.880 sat=114
3 estpos  : n=32
3 resprng : n=32
3 resprng : n=32
3 resprng : n=32
3 resprng : n=32
3 valsol  : n=32 nv=15
3 pntpos  : tobs=2026/07/09 05:56:21.000 n=31
3 satposs : teph=2026/07/09 05:56:21.000 n=31 ephopt=1
3 no pseudorange 2026/07/09 05:56:21.000 sat=61
3 no pseudorange 2026/07/09 05:56:21.000 sat=70
3 no pseudorange 2026/07/09 05:56:21.000 sat=84
3 prec ephem outage 2026/07/09 05:56:21 sat=107
3 no ephemeris 2026/07/09 05:56:20.871 sat=107
3 prec ephem outage 2026/07/09 05:56:21 sat=108
3 no ephemeris 2026/07/09 05:56:20.869 sat=108
3 prec ephem outage 2026/07/09 05:56:21 sat=114
3 no ephemeris 2026/07/09 05:56:20.880 sat=114
3 estpos  : n=31
3 resprng : n=31
3 resprng : n=31
3 resprng : n=31
3 resprng : n=31
3 valsol  : n=31 nv=15
3 pntpos  : tobs=2026/07/09 05:56:22.000 n=30
3 satposs : teph=2026/07/09 05:56:22.000 n=30 ephopt=1
3 no pseudorange 2026/07/09 05:56:22.000 sat=70
3 no pseudorange 2026/07/09 05:56:22.000 sat=84
3 prec ephem outage 2026/07/09 05:56:22 sat=107
3 no ephemeris 2026/07/09 05:56:21.871 sat=107
3 prec ephem outage 2026/07/09 05:56:22 sat=108
3 no ephemeris 2026/07/09 05:56:21.869 sat=108
3 prec ephem outage 2026/07/09 05:56:22 sat=114
3 no ephemeris 2026/07/09 05:56:21.880 sat=114
3 estpos  : n=30
3 resprng : n=30
3 resprng : n=30
3 resprng : n=30
3 resprng : n=30
3 valsol  : n=30 nv=15
3 pntpos  : tobs=2026/07/09 05:56:23.000 n=31
3 satposs : teph=2026/07/09 05:56:23.000 n=31 ephopt=1
3 no pseudorange 2026/07/09 05:56:23.000 sat=61
3 no pseudorange 2026/07/09 05:56:23.000 sat=70
3 no pseudorange 2026/07/09 05:56:23.000 sat=84
3 prec ephem outage 2026/07/09 05:56:23 sat=107
3 no ephemeris 2026/07/09 05:56:22.871 sat=107
3 prec ephem outage 2026/07/09 05:56:23 sat=108
3 no ephemeris 2026/07/09 05:56:22.869 sat=108
3 prec ephem outage 2026/07/09 05:56:23 sat=114
3 no ephemeris 2026/07/09 05:56:22.880 sat=114
3 estpos  : n=31
3 resprng : n=31
3 resprng : n=31
3 resprng : n=31
3 resprng : n=31
3 valsol  : n=31 nv=15
3 pntpos  : tobs=2026/07/09 05:56:24.000 n=33
3 satposs : teph=2026/07/09 05:56:24.000 n=33 ephopt=1
3 no pseudorange 2026/07/09 05:56:24.000 sat=46
3 no pseudorange 2026/07/09 05:56:24.000 sat=61
3 no pseudorange 2026/07/09 05:56:24.000 sat=70
3 no pseudorange 2026/07/09 05:56:24.000 sat=84
3 prec ephem outage 2026/07/09 05:56:24 sat=107
3 no ephemeris 2026/07/09 05:56:23.871 sat=107
3 prec ephem outage 2026/07/09 05:56:24 sat=108
3 no ephemeris 2026/07/09 05:56:23.869 sat=108
3 prec ephem outage 2026/07/09 05:56:24 sat=114
3 no ephemeris 2026/07/09 05:56:23.880 sat=114
3 estpos  : n=33
3 resprng : n=33
3 resprng : n=33
3 resprng : n=33
3 resprng : n=33
3 valsol  : n=33 nv=15
3 pntpos  : tobs=2026/07/09 05:56:25.000 n=32
3 satposs : teph=2026/07/09 05:56:25.000 n=32 ephopt=1
3 no pseudorange 2026/07/09 05:56:25.000 sat=70
3 no pseudorange 2026/07/09 05:56:25.000 sat=84
3 prec ephem outage 2026/07/09 05:56:25 sat=107
3 no ephemeris 2026/07/09 05:56:24.871 sat=107
3 prec ephem outage 2026/07/09 05:56:25 sat=108
3 no ephemeris 2026/07/09 05:56:24.869 sat=108
3 prec ephem outage 2026/07/09 05:56:25 sat=114
3 no ephemeris 2026/07/09 05:56:24.880 sat=114
3 estpos  : n=32
3 resprng : n=32
3 resprng : n=32
3 resprng : n=32
3 resprng : n=32
3 valsol  : n=32 nv=15
3 pntpos  : tobs=2026/07/09 05:56:26.000 n=31
3 satposs : teph=2026/07/09 05:56:26.000 n=31 ephopt=1
3 no pseudorange 2026/07/09 05:56:26.000 sat=46
3 no pseudorange 2026/07/09 05:56:26.000 sat=70
3 no pseudorange 2026/07/09 05:56:26.000 sat=84
3 prec ephem outage 2026/07/09 05:56:26 sat=107
3 no ephemeris 2026/07/09 05:56:25.871 sat=107
3 prec ephem outage 2026/07/09 05:56:26 sat=108
3 no ephemeris 2026/07/09 05:56:25.869 sat=108
3 prec ephem outage 2026/07/09 05:56:26 sat=114
3 no ephemeris 2026/07/09 05:56:25.880 sat=114
3 estpos  : n=31
3 resprng : n=31
3 resprng : n=31
3 resprng : n=31
3 resprng : n=31
3 valsol  : n=31 nv=15
3 pntpos  : tobs=2026/07/09 05:56:27.000 n=32
3 satposs : teph=2026/07/09 05:56:27.000 n=32 ephopt=1
3 no pseudorange 2026/07/09 05:56:27.000 sat=46
3 no pseudorange 2026/07/09 05:56:27.000 sat=61
3 no pseudorange 2026/07/09 05:56:27.000 sat=70
3 no pseudorange 2026/07/09 05:56:27.000 sat=84
3 prec ephem outage 2026/07/09 05:56:27 sat=107
3 no ephemeris 2026/07/09 05:56:26.871 sat=107
3 prec ephem outage 2026/07/09 05:56:27 sat=108
3 no ephemeris 2026/07/09 05:56:26.869 sat=108
3 prec ephem outage 2026/07/09 05:56:27 sat=114
3 no ephemeris 2026/07/09 05:56:26.880 sat=114
3 estpos  : n=32
3 resprng : n=32
3 resprng : n=32
3 resprng : n=32
3 resprng : n=32
3 valsol  : n=32 nv=15
3 pntpos  : tobs=2026/07/09 05:56:28.000 n=33
3 satposs : teph=2026/07/09 05:56:28.000 n=33 ephopt=1
3 no pseudorange 2026/07/09 05:56:28.000 sat=46
3 no pseudorange 2026/07/09 05:56:28.000 sat=61
3 no pseudorange 2026/07/09 05:56:28.000 sat=70
3 no pseudorange 2026/07/09 05:56:28.000 sat=84
3 prec ephem outage 2026/07/09 05:56:28 sat=107
3 no ephemeris 2026/07/09 05:56:27.871 sat=107
3 prec ephem outage 2026/07/09 05:56:28 sat=108
3 no ephemeris 2026/07/09 05:56:27.869 sat=108
3 prec ephem outage 2026/07/09 05:56:28 sat=114
3 no ephemeris 2026/07/09 05:56:27.880 sat=114
3 estpos  : n=33
3 resprng : n=33
3 resprng : n=33
3 resprng : n=33
3 resprng : n=33
3 valsol  : n=33 nv=15
3 pntpos  : tobs=2026/07/09 05:56:29.000 n=33
3 satposs : teph=2026/07/09 05:56:29.000 n=33 ephopt=1
3 no pseudorange 2026/07/09 05:56:29.000 sat=46
3 no pseudorange 2026/07/09 05:56:29.000 sat=70
3 no pseudorange 2026/07/09 05:56:29.000 sat=84
3 prec ephem outage 2026/07/09 05:56:29 sat=107
3 no ephemeris 2026/07/09 05:56:28.871 sat=107
3 prec ephem outage 2026/07/09 05:56:29 sat=108
3 no ephemeris 2026/07/09 05:56:28.869 sat=108
3 prec ephem outage 2026/07/09 05:56:29 sat=114
3 no ephemeris 2026/07/09 05:56:28.880 sat=114
3 estpos  : n=33
3 resprng : n=33
3 resprng : n=33
3 resprng : n=33
3 resprng : n=33
3 valsol  : n=33 nv=15
3 pntpos  : tobs=2026/07/09 05:56:30.000 n=32
3 satposs : teph=2026/07/09 05:56:30.000 n=32 ephopt=1
3 no pseudorange 2026/07/09 05:56:30.000 sat=70
3 no pseudorange 2026/07/09 05:56:30.000 sat=84
3 prec ephem outage 2026/07/09 05:56:30 sat=107
3 no ephemeris 2026/07/09 05:56:29.871 sat=107
3 prec ephem outage 2026/07/09 05:56:30 sat=108
3 no ephemeris 2026/07/09 05:56:29.869 sat=108
3 prec ephem outage 2026/07/09 05:56:30 sat=114
3 no ephemeris 2026/07/09 05:56:29.880 sat=114
3 estpos  : n=32
3 resprng : n=32
3 resprng : n=32
3 resprng : n=32
3 resprng : n=32
3 valsol  : n=32 nv=15
3 pntpos  : tobs=2026/07/09 05:56:31.000 n=33
3 satposs : teph=2026/07/09 05:56:31.000 n=33 ephopt=1
3 no pseudorange 2026/07/09 05:56:31.000 sat=46
3 no pseudorange 2026/07/09 05:56:31.000 sat=70
3 no pseudorange 2026/07/09 05:56:31.000 sat=84
3 prec ephem outage 2026/07/09 05:56:31 sat=107
3 no ephemeris 2026/07/09 05:56:30.871 sat=107
3 prec ephem outage 2026/07/09 05:56:31 sat=108
3 no ephemeris 2026/07/09 05:56:30.869 sat=108
3 prec ephem outage 2026/07/09 05:56:31 sat=114
3 no ephemeris 2026/07/09 05:56:30.880 sat=114
3 estpos  : n=33
3 resprng : n=33
3 resprng : n=33
3 resprng : n=33
3 resprng : n=33
3 valsol  : n=33 nv=15
3 pntpos  : tobs=2026/07/09 05:56:32.000 n=33
3 satposs : teph=2026/07/09 05:56:32.000 n=33 ephopt=1
3 no pseudorange 2026/07/09 05:56:32.000 sat=46
3 no pseudorange 2026/07/09 05:56:32.000 sat=70
3 no pseudorange 2026/07/09 05:56:32.000 sat=84
3 prec ephem outage 2026/07/09 05:56:32 sat=107
3 no ephemeris 2026/07/09 05:56:31.871 sat=107
3 prec ephem outage 2026/07/09 05:56:32 sat=108
3 no ephemeris 2026/07/09 05:56:31.869 sat=108
3 prec ephem outage 2026/07/09 05:56:32 sat=114
3 no ephemeris 2026/07/09 05:56:31.880 sat=114
3 estpos  : n=33
3 resprng : n=33
3 resprng : n=33
3 resprng : n=33
3 resprng : n=33
3 valsol  : n=33 nv=15
3 pntpos  : tobs=2026/07/09 05:56:33.000 n=33
3 satposs : teph=2026/07/09 05:56:33.000 n=33 ephopt=1
3 no pseudorange 2026/07/09 05:56:33.000 sat=46
3 no pseudorange 2026/07/09 05:56:33.000 sat=70
3 no pseudorange 2026/07/09 05:56:33.000 sat=84
3 prec ephem outage 2026/07/09 05:56:33 sat=107
3 no ephemeris 2026/07/09 05:56:32.871 sat=107
3 prec ephem outage 2026/07/09 05:56:33 sat=108
3 no ephemeris 2026/07/09 05:56:32.869 sat=108
3 prec ephem outage 2026/07/09 05:56:33 sat=114
3 no ephemeris 2026/07/09 05:56:32.880 sat=114
3 estpos  : n=33
3 resprng : n=33
3 resprng : n=33
3 resprng : n=33
3 resprng : n=33
3 valsol  : n=33 nv=15
3 pntpos  : tobs=2026/07/09 05:56:34.000 n=33
3 satposs : teph=2026/07/09 05:56:34.000 n=33 ephopt=1
3 no pseudorange 2026/07/09 05:56:34.000 sat=46
3 no pseudorange 2026/07/09 05:56:34.000 sat=70
3 no pseudorange 2026/07/09 05:56:34.000 sat=84
3 prec ephem outage 2026/07/09 05:56:34 sat=107
3 no ephemeris 2026/07/09 05:56:33.871 sat=107
3 prec ephem outage 2026/07/09 05:56:34 sat=108
3 no ephemeris 2026/07/09 05:56:33.869 sat=108
3 prec ephem outage 2026/07/09 05:56:34 sat=114
3 no ephemeris 2026/07/09 05:56:33.880 sat=114
3 estpos  : n=33
3 resprng : n=33
3 resprng : n=33
3 resprng : n=33
3 resprng : n=33
3 valsol  : n=33 nv=15
3 pntpos  : tobs=2026/07/09 05:56:35.000 n=28
3 satposs : teph=2026/07/09 05:56:35.000 n=28 ephopt=1
3 prec ephem outage 2026/07/09 05:56:35 sat=107
3 no ephemeris 2026/07/09 05:56:34.871 sat=107
3 prec ephem outage 2026/07/09 05:56:35 sat=108
3 no ephemeris 2026/07/09 05:56:34.869 sat=108
3 prec ephem outage 2026/07/09 05:56:35 sat=114
3 no ephemeris 2026/07/09 05:56:34.880 sat=114
3 estpos  : n=28
3 resprng : n=28
3 resprng : n=28
3 resprng : n=28
3 resprng : n=28
3 valsol  : n=28 nv=15
3 pntpos  : tobs=2026/07/09 05:56:36.000 n=29
3 satposs : teph=2026/07/09 05:56:36.000 n=29 ephopt=1
3 no pseudorange 2026/07/09 05:56:36.000 sat=46
3 prec ephem outage 2026/07/09 05:56:36 sat=107
3 no ephemeris 2026/07/09 05:56:35.871 sat=107
3 prec ephem outage 2026/07/09 05:56:36 sat=108
3 no ephemeris 2026/07/09 05:56:35.869 sat=108
3 prec ephem outage 2026/07/09 05:56:36 sat=114
3 no ephemeris 2026/07/09 05:56:35.880 sat=114
3 estpos  : n=29
3 resprng : n=29
3 resprng : n=29
3 resprng : n=29
3 resprng : n=29
3 valsol  : n=29 nv=15
3 pntpos  : tobs=2026/07/09 05:56:37.000 n=29
3 satposs : teph=2026/07/09 05:56:37.000 n=29 ephopt=1
3 no pseudorange 2026/07/09 05:56:37.000 sat=70
3 prec ephem outage 2026/07/09 05:56:37 sat=107
3 no ephemeris 2026/07/09 05:56:36.871 sat=107
3 prec ephem outage 2026/07/09 05:56:37 sat=108
3 no ephemeris 2026/07/09 05:56:36.869 sat=108
3 prec ephem outage 2026/07/09 05:56:37 sat=114
3 no ephemeris 2026/07/09 05:56:36.880 sat=114
3 estpos  : n=29
3 resprng : n=29
3 resprng : n=29
3 resprng : n=29
3 resprng : n=29
3 valsol  : n=29 nv=15
3 pntpos  : tobs=2026/07/09 05:56:38.000 n=29
3 satposs : teph=2026/07/09 05:56:38.000 n=29 ephopt=1
3 no pseudorange 2026/07/09 05:56:38.000 sat=70
3 prec ephem outage 2026/07/09 05:56:38 sat=107
3 no ephemeris 2026/07/09 05:56:37.871 sat=107
3 prec ephem outage 2026/07/09 05:56:38 sat=108
3 no ephemeris 2026/07/09 05:56:37.869 sat=108
3 prec ephem outage 2026/07/09 05:56:38 sat=114
3 no ephemeris 2026/07/09 05:56:37.880 sat=114
3 estpos  : n=29
3 resprng : n=29
3 resprng : n=29
3 resprng : n=29
3 resprng : n=29
3 valsol  : n=29 nv=15
3 pntpos  : tobs=2026/07/09 05:56:39.000 n=29
3 satposs : teph=2026/07/09 05:56:39.000 n=29 ephopt=1
3 no pseudorange 2026/07/09 05:56:39.000 sat=70
3 prec ephem outage 2026/07/09 05:56:39 sat=107
3 no ephemeris 2026/07/09 05:56:38.871 sat=107
3 prec ephem outage 2026/07/09 05:56:39 sat=108
3 no ephemeris 2026/07/09 05:56:38.869 sat=108
3 prec ephem outage 2026/07/09 05:56:39 sat=114
3 no ephemeris 2026/07/09 05:56:38.880 sat=114
3 estpos  : n=29
3 resprng : n=29
3 resprng : n=29
3 resprng : n=29
3 resprng : n=29
3 valsol  : n=29 nv=15
3 pntpos  : tobs=2026/07/09 05:56:40.000 n=30
3 satposs : teph=2026/07/09 05:56:40.000 n=30 ephopt=1
3 no pseudorange 2026/07/09 05:56:40.000 sat=46
3 no pseudorange 2026/07/09 05:56:40.000 sat=70
3 prec ephem outage 2026/07/09 05:56:40 sat=107
3 no ephemeris 2026/07/09 05:56:39.871 sat=107
3 prec ephem outage 2026/07/09 05:56:40 sat=108
3 no ephemeris 2026/07/09 05:56:39.869 sat=108
3 prec ephem outage 2026/07/09 05:56:40 sat=114
3 no ephemeris 2026/07/09 05:56:39.880 sat=114
3 estpos  : n=30
3 resprng : n=30
3 resprng : n=30
3 resprng : n=30
3 resprng : n=30
3 valsol  : n=30 nv=15
3 pntpos  : tobs=2026/07/09 05:56:41.000 n=29
3 satposs : teph=2026/07/09 05:56:41.000 n=29 ephopt=1
3 no pseudorange 2026/07/09 05:56:41.000 sat=70
3 prec ephem outage 2026/07/09 05:56:41 sat=107
3 no ephemeris 2026/07/09 05:56:40.871 sat=107
3 prec ephem outage 2026/07/09 05:56:41 sat=108
3 no ephemeris 2026/07/09 05:56:40.869 sat=108
3 prec ephem outage 2026/07/09 05:56:41 sat=114
3 no ephemeris 2026/07/09 05:56:40.880 sat=114
3 estpos  : n=29
3 resprng : n=29
3 resprng : n=29
3 resprng : n=29
3 resprng : n=29
3 valsol  : n=29 nv=15
3 pntpos  : tobs=2026/07/09 05:56:42.000 n=29
3 satposs : teph=2026/07/09 05:56:42.000 n=29 ephopt=1
3 no pseudorange 2026/07/09 05:56:42.000 sat=70
3 prec ephem outage 2026/07/09 05:56:42 sat=107
3 no ephemeris 2026/07/09 05:56:41.871 sat=107
3 prec ephem outage 2026/07/09 05:56:42 sat=108
3 no ephemeris 2026/07/09 05:56:41.869 sat=108
3 prec ephem outage 2026/07/09 05:56:42 sat=114
3 no ephemeris 2026/07/09 05:56:41.880 sat=114
3 estpos  : n=29
3 resprng : n=29
3 resprng : n=29
3 resprng : n=29
3 resprng : n=29
3 valsol  : n=29 nv=15
3 pntpos  : tobs=2026/07/09 05:56:43.000 n=30
3 satposs : teph=2026/07/09 05:56:43.000 n=30 ephopt=1
3 no pseudorange 2026/07/09 05:56:43.000 sat=46
3 no pseudorange 2026/07/09 05:56:43.000 sat=70
3 prec ephem outage 2026/07/09 05:56:43 sat=107
3 no ephemeris 2026/07/09 05:56:42.871 sat=107
3 prec ephem outage 2026/07/09 05:56:43 sat=108
3 no ephemeris 2026/07/09 05:56:42.869 sat=108
3 prec ephem outage 2026/07/09 05:56:43 sat=114
3 no ephemeris 2026/07/09 05:56:42.880 sat=114
3 estpos  : n=30
3 resprng : n=30
3 resprng : n=30
3 resprng : n=30
3 resprng : n=30
3 valsol  : n=30 nv=15
3 pntpos  : tobs=2026/07/09 05:56:44.000 n=29
3 satposs : teph=2026/07/09 05:56:44.000 n=29 ephopt=1
3 no pseudorange 2026/07/09 05:56:44.000 sat=70
3 prec ephem outage 2026/07/09 05:56:44 sat=107
3 no ephemeris 2026/07/09 05:56:43.871 sat=107
3 prec ephem outage 2026/07/09 05:56:44 sat=108
3 no ephemeris 2026/07/09 05:56:43.869 sat=108
3 prec ephem outage 2026/07/09 05:56:44 sat=114
3 no ephemeris 2026/07/09 05:56:43.880 sat=114
3 estpos  : n=29
3 resprng : n=29
3 resprng : n=29
3 resprng : n=29
3 resprng : n=29
3 valsol  : n=29 nv=15
3 pntpos  : tobs=2026/07/09 05:56:45.000 n=30
3 satposs : teph=2026/07/09 05:56:45.000 n=30 ephopt=1
3 no pseudorange 2026/07/09 05:56:45.000 sat=46
3 no pseudorange 2026/07/09 05:56:45.000 sat=70
3 prec ephem outage 2026/07/09 05:56:45 sat=107
3 no ephemeris 2026/07/09 05:56:44.871 sat=107
3 prec ephem outage 2026/07/09 05:56:45 sat=108
3 no ephemeris 2026/07/09 05:56:44.869 sat=108
3 prec ephem outage 2026/07/09 05:56:45 sat=114
3 no ephemeris 2026/07/09 05:56:44.880 sat=114
3 estpos  : n=30
3 resprng : n=30
3 resprng : n=30
3 resprng : n=30
3 resprng : n=30
3 valsol  : n=30 nv=15
3 pntpos  : tobs=2026/07/09 05:56:46.000 n=30
3 satposs : teph=2026/07/09 05:56:46.000 n=30 ephopt=1
3 no pseudorange 2026/07/09 05:56:46.000 sat=46
3 no pseudorange 2026/07/09 05:56:46.000 sat=70
3 prec ephem outage 2026/07/09 05:56:46 sat=107
3 no ephemeris 2026/07/09 05:56:45.871 sat=107
3 prec ephem outage 2026/07/09 05:56:46 sat=108
3 no ephemeris 2026/07/09 05:56:45.869 sat=108
3 prec ephem outage 2026/07/09 05:56:46 sat=114
3 no ephemeris 2026/07/09 05:56:45.880 sat=114
3 estpos  : n=30
3 resprng : n=30
3 resprng : n=30
3 resprng : n=30
3 resprng : n=30
3 valsol  : n=30 nv=15
3 pntpos  : tobs=2026/07/09 05:56:47.000 n=29
3 satposs : teph=2026/07/09 05:56:47.000 n=29 ephopt=1
3 prec ephem outage 2026/07/09 05:56:47 sat=107
3 no ephemeris 2026/07/09 05:56:46.871 sat=107
3 prec ephem outage 2026/07/09 05:56:47 sat=108
3 no ephemeris 2026/07/09 05:56:46.869 sat=108
3 prec ephem outage 2026/07/09 05:56:47 sat=114
3 no ephemeris 2026/07/09 05:56:46.880 sat=114
3 estpos  : n=29
3 resprng : n=29
3 resprng : n=29
3 resprng : n=29
3 resprng : n=29
3 valsol  : n=29 nv=15
3 pntpos  : tobs=2026/07/09 05:56:48.000 n=28
3 satposs : teph=2026/07/09 05:56:48.000 n=28 ephopt=1
3 prec ephem outage 2026/07/09 05:56:48 sat=107
3 no ephemeris 2026/07/09 05:56:47.871 sat=107
3 prec ephem outage 2026/07/09 05:56:48 sat=108
3 no ephemeris 2026/07/09 05:56:47.869 sat=108
3 prec ephem outage 2026/07/09 05:56:48 sat=114
3 no ephemeris 2026/07/09 05:56:47.880 sat=114
3 estpos  : n=28
3 resprng : n=28
3 resprng : n=28
3 resprng : n=28
3 resprng : n=28
3 valsol  : n=28 nv=15
3 pntpos  : tobs=2026/07/09 05:56:49.000 n=29
3 satposs : teph=2026/07/09 05:56:49.000 n=29 ephopt=1
3 prec ephem outage 2026/07/09 05:56:49 sat=107
3 no ephemeris 2026/07/09 05:56:48.871 sat=107
3 prec ephem outage 2026/07/09 05:56:49 sat=108
3 no ephemeris 2026/07/09 05:56:48.869 sat=108
3 prec ephem outage 2026/07/09 05:56:49 sat=114
3 no ephemeris 2026/07/09 05:56:48.880 sat=114
3 estpos  : n=29
3 resprng : n=29
3 resprng : n=29
3 resprng : n=29
3 resprng : n=29
3 valsol  : n=29 nv=15
3 pntpos  : tobs=2026/07/09 05:56:50.000 n=30
3 satposs : teph=2026/07/09 05:56:50.000 n=30 ephopt=1
3 no pseudorange 2026/07/09 05:56:50.000 sat=46
3 no pseudorange 2026/07/09 05:56:50.000 sat=70
3 prec ephem outage 2026/07/09 05:56:50 sat=107
3 no ephemeris 2026/07/09 05:56:49.871 sat=107
3 prec ephem outage 2026/07/09 05:56:50 sat=108
3 no ephemeris 2026/07/09 05:56:49.869 sat=108
3 prec ephem outage 2026/07/09 05:56:50 sat=114
3 no ephemeris 2026/07/09 05:56:49.880 sat=114
3 estpos  : n=30
3 resprng : n=30
3 resprng : n=30
3 resprng : n=30
3 resprng : n=30
3 valsol  : n=30 nv=15
3 pntpos  : tobs=2026/07/09 05:56:51.000 n=31
3 satposs : teph=2026/07/09 05:56:51.000 n=31 ephopt=1
3 no pseudorange 2026/07/09 05:56:51.000 sat=46
3 no pseudorange 2026/07/09 05:56:51.000 sat=61
3 no pseudorange 2026/07/09 05:56:51.000 sat=70
3 prec ephem outage 2026/07/09 05:56:51 sat=107
3 no ephemeris 2026/07/09 05:56:50.871 sat=107
3 prec ephem outage 2026/07/09 05:56:51 sat=108
3 no ephemeris 2026/07/09 05:56:50.869 sat=108
3 prec ephem outage 2026/07/09 05:56:51 sat=114
3 no ephemeris 2026/07/09 05:56:50.880 sat=114
3 estpos  : n=31
3 resprng : n=31
3 resprng : n=31
3 resprng : n=31
3 resprng : n=31
3 valsol  : n=31 nv=15
3 pntpos  : tobs=2026/07/09 05:56:52.000 n=30
3 satposs : teph=2026/07/09 05:56:52.000 n=30 ephopt=1
3 no pseudorange 2026/07/09 05:56:52.000 sat=46
3 no pseudorange 2026/07/09 05:56:52.000 sat=61
3 prec ephem outage 2026/07/09 05:56:52 sat=107
3 no ephemeris 2026/07/09 05:56:51.871 sat=107
3 prec ephem outage 2026/07/09 05:56:52 sat=108
3 no ephemeris 2026/07/09 05:56:51.869 sat=108
3 prec ephem outage 2026/07/09 05:56:52 sat=114
3 no ephemeris 2026/07/09 05:56:51.880 sat=114
3 estpos  : n=30
3 resprng : n=30
3 resprng : n=30
3 resprng : n=30
3 resprng : n=30
3 valsol  : n=30 nv=15
3 pntpos  : tobs=2026/07/09 05:56:53.000 n=31
3 satposs : teph=2026/07/09 05:56:53.000 n=31 ephopt=1
3 no pseudorange 2026/07/09 05:56:53.000 sat=46
3 no pseudorange 2026/07/09 05:56:53.000 sat=61
3 no pseudorange 2026/07/09 05:56:53.000 sat=70
3 prec ephem outage 2026/07/09 05:56:53 sat=107
3 no ephemeris 2026/07/09 05:56:52.871 sat=107
3 prec ephem outage 2026/07/09 05:56:53 sat=108
3 no ephemeris 2026/07/09 05:56:52.869 sat=108
3 prec ephem outage 2026/07/09 05:56:53 sat=114
3 no ephemeris 2026/07/09 05:56:52.880 sat=114
3 estpos  : n=31
3 resprng : n=31
3 resprng : n=31
3 resprng : n=31
3 resprng : n=31
3 valsol  : n=31 nv=15
3 pntpos  : tobs=2026/07/09 05:56:54.000 n=31
3 satposs : teph=2026/07/09 05:56:54.000 n=31 ephopt=1
3 no pseudorange 2026/07/09 05:56:54.000 sat=46
3 no pseudorange 2026/07/09 05:56:54.000 sat=61
3 prec ephem outage 2026/07/09 05:56:54 sat=107
3 no ephemeris 2026/07/09 05:56:53.871 sat=107
3 prec ephem outage 2026/07/09 05:56:54 sat=108
3 no ephemeris 2026/07/09 05:56:53.869 sat=108
3 prec ephem outage 2026/07/09 05:56:54 sat=114
3 no ephemeris 2026/07/09 05:56:53.880 sat=114
3 estpos  : n=31
3 resprng : n=31
3 resprng : n=31
3 resprng : n=31
3 resprng : n=31
3 valsol  : n=31 nv=15
3 pntpos  : tobs=2026/07/09 05:56:55.000 n=31
3 satposs : teph=2026/07/09 05:56:55.000 n=31 ephopt=1
3 no pseudorange 2026/07/09 05:56:55.000 sat=46
3 no pseudorange 2026/07/09 05:56:55.000 sat=61
3 no pseudorange 2026/07/09 05:56:55.000 sat=70
3 prec ephem outage 2026/07/09 05:56:55 sat=107
3 no ephemeris 2026/07/09 05:56:54.871 sat=107
3 prec ephem outage 2026/07/09 05:56:55 sat=108
3 no ephemeris 2026/07/09 05:56:54.869 sat=108
3 prec ephem outage 2026/07/09 05:56:55 sat=114
3 no ephemeris 2026/07/09 05:56:54.880 sat=114
3 estpos  : n=31
3 resprng : n=31
3 resprng : n=31
3 resprng : n=31
3 resprng : n=31
3 valsol  : n=31 nv=15
3 pntpos  : tobs=2026/07/09 05:56:56.000 n=31
3 satposs : teph=2026/07/09 05:56:56.000 n=31 ephopt=1
3 no pseudorange 2026/07/09 05:56:56.000 sat=46
3 no pseudorange 2026/07/09 05:56:56.000 sat=61
3 prec ephem outage 2026/07/09 05:56:56 sat=107
3 no ephemeris 2026/07/09 05:56:55.871 sat=107
3 prec ephem outage 2026/07/09 05:56:56 sat=108
3 no ephemeris 2026/07/09 05:56:55.869 sat=108
3 prec ephem outage 2026/07/09 05:56:56 sat=114
3 no ephemeris 2026/07/09 05:56:55.880 sat=114
3 estpos  : n=31
3 resprng : n=31
3 resprng : n=31
3 resprng : n=31
3 resprng : n=31
3 valsol  : n=31 nv=15
3 pntpos  : tobs=2026/07/09 05:56:57.000 n=28
3 satposs : teph=2026/07/09 05:56:57.000 n=28 ephopt=1
3 no pseudorange 2026/07/09 05:56:57.000 sat=61
3 prec ephem outage 2026/07/09 05:56:57 sat=107
3 no ephemeris 2026/07/09 05:56:56.871 sat=107
3 prec ephem outage 2026/07/09 05:56:57 sat=108
3 no ephemeris 2026/07/09 05:56:56.869 sat=108
3 prec ephem outage 2026/07/09 05:56:57 sat=114
3 no ephemeris 2026/07/09 05:56:56.880 sat=114
3 estpos  : n=28
3 resprng : n=28
3 resprng : n=28
3 resprng : n=28
3 resprng : n=28
3 valsol  : n=28 nv=15
3 pntpos  : tobs=2026/07/09 05:56:58.000 n=30
3 satposs : teph=2026/07/09 05:56:58.000 n=30 ephopt=1
3 no pseudorange 2026/07/09 05:56:58.000 sat=46
3 no pseudorange 2026/07/09 05:56:58.000 sat=61
3 prec ephem outage 2026/07/09 05:56:58 sat=107
3 no ephemeris 2026/07/09 05:56:57.871 sat=107
3 prec ephem outage 2026/07/09 05:56:58 sat=108
3 no ephemeris 2026/07/09 05:56:57.869 sat=108
3 prec ephem outage 2026/07/09 05:56:58 sat=114
3 no ephemeris 2026/07/09 05:56:57.880 sat=114
3 estpos  : n=30
3 resprng : n=30
3 resprng : n=30
3 resprng : n=30
3 resprng : n=30
3 valsol  : n=30 nv=15
3 pntpos  : tobs=2026/07/09 05:56:59.000 n=32
3 satposs : teph=2026/07/09 05:56:59.000 n=32 ephopt=1
3 no pseudorange 2026/07/09 05:56:59.000 sat=46
3 no pseudorange 2026/07/09 05:56:59.000 sat=61
3 no pseudorange 2026/07/09 05:56:59.000 sat=70
3 prec ephem outage 2026/07/09 05:56:59 sat=107
3 no ephemeris 2026/07/09 05:56:58.871 sat=107
3 prec ephem outage 2026/07/09 05:56:59 sat=108
3 no ephemeris 2026/07/09 05:56:58.869 sat=108
3 prec ephem outage 2026/07/09 05:56:59 sat=114
3 no ephemeris 2026/07/09 05:56:58.880 sat=114
3 estpos  : n=32
3 resprng : n=32
3 resprng : n=32
3 resprng : n=32
3 resprng : n=32
3 valsol  : n=32 nv=15
3 pntpos  : tobs=2026/07/09 05:57:00.000 n=31
3 satposs : teph=2026/07/09 05:57:00.000 n=31 ephopt=1
3 no pseudorange 2026/07/09 05:57:00.000 sat=46
3 no pseudorange 2026/07/09 05:57:00.000 sat=61
3 no pseudorange 2026/07/09 05:57:00.000 sat=70
3 prec ephem outage 2026/07/09 05:57:00 sat=107
3 no ephemeris 2026/07/09 05:56:59.871 sat=107
3 prec ephem outage 2026/07/09 05:57:00 sat=108
3 no ephemeris 2026/07/09 05:56:59.869 sat=108
3 prec ephem outage 2026/07/09 05:57:00 sat=114
3 no ephemeris 2026/07/09 05:56:59.880 sat=114
3 estpos  : n=31
3 resprng : n=31
3 resprng : n=31
3 resprng : n=31
3 resprng : n=31
3 valsol  : n=31 nv=15
3 pntpos  : tobs=2026/07/09 05:57:01.000 n=32
3 satposs : teph=2026/07/09 05:57:01.000 n=32 ephopt=1
3 no pseudorange 2026/07/09 05:57:01.000 sat=46
3 no pseudorange 2026/07/09 05:57:01.000 sat=61
3 no pseudorange 2026/07/09 05:57:01.000 sat=70
3 prec ephem outage 2026/07/09 05:57:01 sat=107
3 no ephemeris 2026/07/09 05:57:00.871 sat=107
3 prec ephem outage 2026/07/09 05:57:01 sat=108
3 no ephemeris 2026/07/09 05:57:00.869 sat=108
3 prec ephem outage 2026/07/09 05:57:01 sat=114
3 no ephemeris 2026/07/09 05:57:00.880 sat=114
3 estpos  : n=32
3 resprng : n=32
3 resprng : n=32
3 resprng : n=32
3 resprng : n=32
3 valsol  : n=32 nv=15
3 pntpos  : tobs=2026/07/09 05:57:02.000 n=30
3 satposs : teph=2026/07/09 05:57:02.000 n=30 ephopt=1
3 no pseudorange 2026/07/09 05:57:02.000 sat=61
3 no pseudorange 2026/07/09 05:57:02.000 sat=70
3 prec ephem outage 2026/07/09 05:57:02 sat=107
3 no ephemeris 2026/07/09 05:57:01.871 sat=107
3 prec ephem outage 2026/07/09 05:57:02 sat=108
3 no ephemeris 2026/07/09 05:57:01.869 sat=108
3 prec ephem outage 2026/07/09 05:57:02 sat=114
3 no ephemeris 2026/07/09 05:57:01.880 sat=114
3 estpos  : n=30
3 resprng : n=30
3 resprng : n=30
3 resprng : n=30
3 resprng : n=30
3 valsol  : n=30 nv=15
3 pntpos  : tobs=2026/07/09 05:57:03.000 n=31
3 satposs : teph=2026/07/09 05:57:03.000 n=31 ephopt=1
3 no pseudorange 2026/07/09 05:57:03.000 sat=46
3 no pseudorange 2026/07/09 05:57:03.000 sat=61
3 no pseudorange 2026/07/09 05:57:03.000 sat=70
3 prec ephem outage 2026/07/09 05:57:03 sat=107
3 no ephemeris 2026/07/09 05:57:02.871 sat=107
3 prec ephem outage 2026/07/09 05:57:03 sat=108
3 no ephemeris 2026/07/09 05:57:02.869 sat=108
3 prec ephem outage 2026/07/09 05:57:03 sat=114
3 no ephemeris 2026/07/09 05:57:02.880 sat=114
3 estpos  : n=31
3 resprng : n=31
3 resprng : n=31
3 resprng : n=31
3 resprng : n=31
3 valsol  : n=31 nv=15
3 pntpos  : tobs=2026/07/09 05:57:04.000 n=31
3 satposs : teph=2026/07/09 05:57:04.000 n=31 ephopt=1
3 no pseudorange 2026/07/09 05:57:04.000 sat=46
3 no pseudorange 2026/07/09 05:57:04.000 sat=61
3 no pseudorange 2026/07/09 05:57:04.000 sat=70
3 prec ephem outage 2026/07/09 05:57:04 sat=107
3 no ephemeris 2026/07/09 05:57:03.871 sat=107
3 prec ephem outage 2026/07/09 05:57:04 sat=108
3 no ephemeris 2026/07/09 05:57:03.869 sat=108
3 prec ephem outage 2026/07/09 05:57:04 sat=114
3 no ephemeris 2026/07/09 05:57:03.880 sat=114
3 estpos  : n=31
3 resprng : n=31
3 resprng : n=31
3 resprng : n=31
3 resprng : n=31
3 valsol  : n=31 nv=15
3 pntpos  : tobs=2026/07/09 05:57:05.000 n=31
3 satposs : teph=2026/07/09 05:57:05.000 n=31 ephopt=1
3 no pseudorange 2026/07/09 05:57:05.000 sat=61
3 no pseudorange 2026/07/09 05:57:05.000 sat=70
3 prec ephem outage 2026/07/09 05:57:05 sat=107
3 no ephemeris 2026/07/09 05:57:04.871 sat=107
3 prec ephem outage 2026/07/09 05:57:05 sat=108
3 no ephemeris 2026/07/09 05:57:04.869 sat=108
3 prec ephem outage 2026/07/09 05:57:05 sat=114
3 no ephemeris 2026/07/09 05:57:04.880 sat=114
3 estpos  : n=31
3 resprng : n=31
3 resprng : n=31
3 resprng : n=31
3 resprng : n=31
3 valsol  : n=31 nv=15
3 pntpos  : tobs=2026/07/09 05:57:06.000 n=31
3 satposs : teph=2026/07/09 05:57:06.000 n=31 ephopt=1
3 no pseudorange 2026/07/09 05:57:06.000 sat=61
3 no pseudorange 2026/07/09 05:57:06.000 sat=70
3 prec ephem outage 2026/07/09 05:57:06 sat=107
3 no ephemeris 2026/07/09 05:57:05.871 sat=107
3 prec ephem outage 2026/07/09 05:57:06 sat=108
3 no ephemeris 2026/07/09 05:57:05.869 sat=108
3 prec ephem outage 2026/07/09 05:57:06 sat=114
3 no ephemeris 2026/07/09 05:57:05.880 sat=114
3 estpos  : n=31
3 resprng : n=31
3 resprng : n=31
3 resprng : n=31
3 resprng : n=31
3 valsol  : n=31 nv=15
3 pntpos  : tobs=2026/07/09 05:57:07.000 n=30
3 satposs : teph=2026/07/09 05:57:07.000 n=30 ephopt=1
3 no pseudorange 2026/07/09 05:57:07.000 sat=61
3 no pseudorange 2026/07/09 05:57:07.000 sat=70
3 prec ephem outage 2026/07/09 05:57:07 sat=107
3 no ephemeris 2026/07/09 05:57:06.871 sat=107
3 prec ephem outage 2026/07/09 05:57:07 sat=108
3 no ephemeris 2026/07/09 05:57:06.869 sat=108
3 prec ephem outage 2026/07/09 05:57:07 sat=114
3 no ephemeris 2026/07/09 05:57:06.880 sat=114
3 estpos  : n=30
3 resprng : n=30
3 resprng : n=30
3 resprng : n=30
3 resprng : n=30
3 valsol  : n=30 nv=15
3 pntpos  : tobs=2026/07/09 05:57:08.000 n=31
3 satposs : teph=2026/07/09 05:57:08.000 n=31 ephopt=1
3 no pseudorange 2026/07/09 05:57:08.000 sat=61
3 no pseudorange 2026/07/09 05:57:08.000 sat=70
3 prec ephem outage 2026/07/09 05:57:08 sat=107
3 no ephemeris 2026/07/09 05:57:07.871 sat=107
3 prec ephem outage 2026/07/09 05:57:08 sat=108
3 no ephemeris 2026/07/09 05:57:07.869 sat=108
3 prec ephem outage 2026/07/09 05:57:08 sat=114
3 no ephemeris 2026/07/09 05:57:07.880 sat=114
3 estpos  : n=31
3 resprng : n=31
3 resprng : n=31
3 resprng : n=31
3 resprng : n=31
3 valsol  : n=31 nv=15
3 pntpos  : tobs=2026/07/09 05:57:09.000 n=31
3 satposs : teph=2026/07/09 05:57:09.000 n=31 ephopt=1
3 no pseudorange 2026/07/09 05:57:09.000 sat=61
3 no pseudorange 2026/07/09 05:57:09.000 sat=70
3 prec ephem outage 2026/07/09 05:57:09 sat=107
3 no ephemeris 2026/07/09 05:57:08.871 sat=107
3 prec ephem outage 2026/07/09 05:57:09 sat=108
3 no ephemeris 2026/07/09 05:57:08.869 sat=108
3 prec ephem outage 2026/07/09 05:57:09 sat=114
3 no ephemeris 2026/07/09 05:57:08.880 sat=114
3 estpos  : n=31
3 resprng : n=31
3 resprng : n=31
3 resprng : n=31
3 resprng : n=31
3 valsol  : n=31 nv=15
3 pntpos  : tobs=2026/07/09 05:57:10.000 n=32
3 satposs : teph=2026/07/09 05:57:10.000 n=32 ephopt=1
3 no pseudorange 2026/07/09 05:57:10.000 sat=46
3 no pseudorange 2026/07/09 05:57:10.000 sat=61
3 no pseudorange 2026/07/09 05:57:10.000 sat=70
3 prec ephem outage 2026/07/09 05:57:10 sat=107
3 no ephemeris 2026/07/09 05:57:09.871 sat=107
3 prec ephem outage 2026/07/09 05:57:10 sat=108
3 no ephemeris 2026/07/09 05:57:09.869 sat=108
3 prec ephem outage 2026/07/09 05:57:10 sat=114
3 no ephemeris 2026/07/09 05:57:09.880 sat=114
3 estpos  : n=32
3 resprng : n=32
3 resprng : n=32
3 resprng : n=32
3 resprng : n=32
3 valsol  : n=32 nv=15
3 pntpos  : tobs=2026/07/09 05:57:11.000 n=31
3 satposs : teph=2026/07/09 05:57:11.000 n=31 ephopt=1
3 no pseudorange 2026/07/09 05:57:11.000 sat=61
3 no pseudorange 2026/07/09 05:57:11.000 sat=70
3 prec ephem outage 2026/07/09 05:57:11 sat=107
3 no ephemeris 2026/07/09 05:57:10.871 sat=107
3 prec ephem outage 2026/07/09 05:57:11 sat=108
3 no ephemeris 2026/07/09 05:57:10.869 sat=108
3 prec ephem outage 2026/07/09 05:57:11 sat=114
3 no ephemeris 2026/07/09 05:57:10.880 sat=114
3 estpos  : n=31
3 resprng : n=31
3 resprng : n=31
3 resprng : n=31
3 resprng : n=31
3 valsol  : n=31 nv=15
3 pntpos  : tobs=2026/07/09 05:57:12.000 n=32
3 satposs : teph=2026/07/09 05:57:12.000 n=32 ephopt=1
3 no pseudorange 2026/07/09 05:57:12.000 sat=46
3 no pseudorange 2026/07/09 05:57:12.000 sat=61
3 no pseudorange 2026/07/09 05:57:12.000 sat=70
3 prec ephem outage 2026/07/09 05:57:12 sat=107
3 no ephemeris 2026/07/09 05:57:11.871 sat=107
3 prec ephem outage 2026/07/09 05:57:12 sat=108
3 no ephemeris 2026/07/09 05:57:11.869 sat=108
3 prec ephem outage 2026/07/09 05:57:12 sat=114
3 no ephemeris 2026/07/09 05:57:11.880 sat=114
3 estpos  : n=32
3 resprng : n=32
3 resprng : n=32
3 resprng : n=32
3 resprng : n=32
3 valsol  : n=32 nv=15
3 pntpos  : tobs=2026/07/09 05:57:13.000 n=32
3 satposs : teph=2026/07/09 05:57:13.000 n=32 ephopt=1
3 no pseudorange 2026/07/09 05:57:13.000 sat=46
3 no pseudorange 2026/07/09 05:57:13.000 sat=61
3 no pseudorange 2026/07/09 05:57:13.000 sat=70
3 prec ephem outage 2026/07/09 05:57:13 sat=107
3 no ephemeris 2026/07/09 05:57:12.871 sat=107
3 prec ephem outage 2026/07/09 05:57:13 sat=108
3 no ephemeris 2026/07/09 05:57:12.869 sat=108
3 prec ephem outage 2026/07/09 05:57:13 sat=114
3 no ephemeris 2026/07/09 05:57:12.880 sat=114
3 estpos  : n=32
3 resprng : n=32
3 resprng : n=32
3 resprng : n=32
3 resprng : n=32
3 valsol  : n=32 nv=15
3 pntpos  : tobs=2026/07/09 05:57:14.000 n=32
3 satposs : teph=2026/07/09 05:57:14.000 n=32 ephopt=1
3 no pseudorange 2026/07/09 05:57:14.000 sat=46
3 no pseudorange 2026/07/09 05:57:14.000 sat=61
3 no pseudorange 2026/07/09 05:57:14.000 sat=70
3 prec ephem outage 2026/07/09 05:57:14 sat=107
3 no ephemeris 2026/07/09 05:57:13.871 sat=107
3 prec ephem outage 2026/07/09 05:57:14 sat=108
3 no ephemeris 2026/07/09 05:57:13.869 sat=108
3 prec ephem outage 2026/07/09 05:57:14 sat=114
3 no ephemeris 2026/07/09 05:57:13.880 sat=114
3 estpos  : n=32
3 resprng : n=32
3 resprng : n=32
3 resprng : n=32
3 resprng : n=32
3 valsol  : n=32 nv=15
3 pntpos  : tobs=2026/07/09 05:57:15.000 n=30
3 satposs : teph=2026/07/09 05:57:15.000 n=30 ephopt=1
3 no pseudorange 2026/07/09 05:57:15.000 sat=61
3 prec ephem outage 2026/07/09 05:57:15 sat=107
3 no ephemeris 2026/07/09 05:57:14.871 sat=107
3 prec ephem outage 2026/07/09 05:57:15 sat=108
3 no ephemeris 2026/07/09 05:57:14.869 sat=108
3 prec ephem outage 2026/07/09 05:57:15 sat=114
3 no ephemeris 2026/07/09 05:57:14.880 sat=114
3 estpos  : n=30
3 resprng : n=30
3 resprng : n=30
3 resprng : n=30
3 resprng : n=30
3 valsol  : n=30 nv=15
3 pntpos  : tobs=2026/07/09 05:57:16.000 n=30
3 satposs : teph=2026/07/09 05:57:16.000 n=30 ephopt=1
3 no pseudorange 2026/07/09 05:57:16.000 sat=46
3 no pseudorange 2026/07/09 05:57:16.000 sat=61
3 no pseudorange 2026/07/09 05:57:16.000 sat=70
3 prec ephem outage 2026/07/09 05:57:16 sat=107
3 no ephemeris 2026/07/09 05:57:15.871 sat=107
3 prec ephem outage 2026/07/09 05:57:16 sat=108
3 no ephemeris 2026/07/09 05:57:15.869 sat=108
3 prec ephem outage 2026/07/09 05:57:16 sat=114
3 no ephemeris 2026/07/09 05:57:15.880 sat=114
3 estpos  : n=30
3 resprng : n=30
3 resprng : n=30
3 resprng : n=30
3 resprng : n=30
3 valsol  : n=30 nv=15
3 pntpos  : tobs=2026/07/09 05:57:17.000 n=32
3 satposs : teph=2026/07/09 05:57:17.000 n=32 ephopt=1
3 no pseudorange 2026/07/09 05:57:17.000 sat=46
3 no pseudorange 2026/07/09 05:57:17.000 sat=61
3 no pseudorange 2026/07/09 05:57:17.000 sat=70
3 prec ephem outage 2026/07/09 05:57:17 sat=107
3 no ephemeris 2026/07/09 05:57:16.871 sat=107
3 prec ephem outage 2026/07/09 05:57:17 sat=108
3 no ephemeris 2026/07/09 05:57:16.869 sat=108
3 prec ephem outage 2026/07/09 05:57:17 sat=114
3 no ephemeris 2026/07/09 05:57:16.880 sat=114
3 estpos  : n=32
3 resprng : n=32
3 resprng : n=32
3 resprng : n=32
3 resprng : n=32
3 valsol  : n=32 nv=15
3 pntpos  : tobs=2026/07/09 05:57:18.000 n=31
3 satposs : teph=2026/07/09 05:57:18.000 n=31 ephopt=1
3 no pseudorange 2026/07/09 05:57:18.000 sat=61
3 no pseudorange 2026/07/09 05:57:18.000 sat=70
3 prec ephem outage 2026/07/09 05:57:18 sat=107
3 no ephemeris 2026/07/09 05:57:17.871 sat=107
3 prec ephem outage 2026/07/09 05:57:18 sat=108
3 no ephemeris 2026/07/09 05:57:17.869 sat=108
3 prec ephem outage 2026/07/09 05:57:18 sat=114
3 no ephemeris 2026/07/09 05:57:17.880 sat=114
3 estpos  : n=31
3 resprng : n=31
3 resprng : n=31
3 resprng : n=31
3 resprng : n=31
3 valsol  : n=31 nv=15
3 pntpos  : tobs=2026/07/09 05:57:19.000 n=30
3 satposs : teph=2026/07/09 05:57:19.000 n=30 ephopt=1
3 no pseudorange 2026/07/09 05:57:19.000 sat=46
3 no pseudorange 2026/07/09 05:57:19.000 sat=61
3 prec ephem outage 2026/07/09 05:57:19 sat=107
3 no ephemeris 2026/07/09 05:57:18.871 sat=107
3 prec ephem outage 2026/07/09 05:57:19 sat=108
3 no ephemeris 2026/07/09 05:57:18.869 sat=108
3 prec ephem outage 2026/07/09 05:57:19 sat=114
3 no ephemeris 2026/07/09 05:57:18.880 sat=114
3 estpos  : n=30
3 resprng : n=30
3 resprng : n=30
3 resprng : n=30
3 resprng : n=30
3 valsol  : n=30 nv=15
3 pntpos  : tobs=2026/07/09 05:57:20.000 n=32
3 satposs : teph=2026/07/09 05:57:20.000 n=32 ephopt=1
3 no pseudorange 2026/07/09 05:57:20.000 sat=46
3 no pseudorange 2026/07/09 05:57:20.000 sat=61
3 no pseudorange 2026/07/09 05:57:20.000 sat=70
3 prec ephem outage 2026/07/09 05:57:20 sat=107
3 no ephemeris 2026/07/09 05:57:19.871 sat=107
3 prec ephem outage 2026/07/09 05:57:20 sat=108
3 no ephemeris 2026/07/09 05:57:19.869 sat=108
3 prec ephem outage 2026/07/09 05:57:20 sat=114
3 no ephemeris 2026/07/09 05:57:19.880 sat=114
3 estpos  : n=32
3 resprng : n=32
3 resprng : n=32
3 resprng : n=32
3 resprng : n=32
3 valsol  : n=32 nv=15
3 pntpos  : tobs=2026/07/09 05:57:21.000 n=32
3 satposs : teph=2026/07/09 05:57:21.000 n=32 ephopt=1
3 no pseudorange 2026/07/09 05:57:21.000 sat=46
3 no pseudorange 2026/07/09 05:57:21.000 sat=61
3 no pseudorange 2026/07/09 05:57:21.000 sat=70
3 prec ephem outage 2026/07/09 05:57:21 sat=107
3 no ephemeris 2026/07/09 05:57:20.871 sat=107
3 prec ephem outage 2026/07/09 05:57:21 sat=108
3 no ephemeris 2026/07/09 05:57:20.869 sat=108
3 prec ephem outage 2026/07/09 05:57:21 sat=114
3 no ephemeris 2026/07/09 05:57:20.880 sat=114
3 estpos  : n=32
3 resprng : n=32
3 resprng : n=32
3 resprng : n=32
3 resprng : n=32
3 valsol  : n=32 nv=14
3 pntpos  : tobs=2026/07/09 05:57:22.000 n=30
3 satposs : teph=2026/07/09 05:57:22.000 n=30 ephopt=1
3 no pseudorange 2026/07/09 05:57:22.000 sat=46
3 no pseudorange 2026/07/09 05:57:22.000 sat=61
3 no pseudorange 2026/07/09 05:57:22.000 sat=70
3 prec ephem outage 2026/07/09 05:57:22 sat=107
3 no ephemeris 2026/07/09 05:57:21.871 sat=107
3 prec ephem outage 2026/07/09 05:57:22 sat=108
3 no ephemeris 2026/07/09 05:57:21.869 sat=108
3 prec ephem outage 2026/07/09 05:57:22 sat=114
3 no ephemeris 2026/07/09 05:57:21.880 sat=114
3 estpos  : n=30
3 resprng : n=30
3 resprng : n=30
3 resprng : n=30
3 resprng : n=30
3 valsol  : n=30 nv=15
3 pntpos  : tobs=2026/07/09 05:57:23.000 n=30
3 satposs : teph=2026/07/09 05:57:23.000 n=30 ephopt=1
3 no pseudorange 2026/07/09 05:57:23.000 sat=46
3 no pseudorange 2026/07/09 05:57:23.000 sat=61
3 no pseudorange 2026/07/09 05:57:23.000 sat=70
3 prec ephem outage 2026/07/09 05:57:23 sat=107
3 no ephemeris 2026/07/09 05:57:22.871 sat=107
3 prec ephem outage 2026/07/09 05:57:23 sat=108
3 no ephemeris 2026/07/09 05:57:22.869 sat=108
3 prec ephem outage 2026/07/09 05:57:23 sat=114
3 no ephemeris 2026/07/09 05:57:22.880 sat=114
3 estpos  : n=30
3 resprng : n=30
3 resprng : n=30
3 resprng : n=30
3 resprng : n=30
3 valsol  : n=30 nv=15
3 pntpos  : tobs=2026/07/09 05:57:24.000 n=30
3 satposs : teph=2026/07/09 05:57:24.000 n=30 ephopt=1
3 no pseudorange 2026/07/09 05:57:24.000 sat=46
3 no pseudorange 2026/07/09 05:57:24.000 sat=61
3 no pseudorange 2026/07/09 05:57:24.000 sat=70
3 prec ephem outage 2026/07/09 05:57:24 sat=107
3 no ephemeris 2026/07/09 05:57:23.871 sat=107
3 prec ephem outage 2026/07/09 05:57:24 sat=108
3 no ephemeris 2026/07/09 05:57:23.869 sat=108
3 prec ephem outage 2026/07/09 05:57:24 sat=114
3 no ephemeris 2026/07/09 05:57:23.880 sat=114
3 estpos  : n=30
3 resprng : n=30
3 resprng : n=30
3 resprng : n=30
3 resprng : n=30
3 valsol  : n=30 nv=15
3 pntpos  : tobs=2026/07/09 05:57:25.000 n=30
3 satposs : teph=2026/07/09 05:57:25.000 n=30 ephopt=1
3 no pseudorange 2026/07/09 05:57:25.000 sat=46
3 no pseudorange 2026/07/09 05:57:25.000 sat=61
3 no pseudorange 2026/07/09 05:57:25.000 sat=70
3 prec ephem outage 2026/07/09 05:57:25 sat=107
3 no ephemeris 2026/07/09 05:57:24.871 sat=107
3 prec ephem outage 2026/07/09 05:57:25 sat=108
3 no ephemeris 2026/07/09 05:57:24.869 sat=108
3 prec ephem outage 2026/07/09 05:57:25 sat=114
3 no ephemeris 2026/07/09 05:57:24.880 sat=114
3 estpos  : n=30
3 resprng : n=30
3 resprng : n=30
3 resprng : n=30
3 resprng : n=30
3 valsol  : n=30 nv=15
3 pntpos  : tobs=2026/07/09 05:57:26.000 n=30
3 satposs : teph=2026/07/09 05:57:26.000 n=30 ephopt=1
3 no pseudorange 2026/07/09 05:57:26.000 sat=61
3 no pseudorange 2026/07/09 05:57:26.000 sat=70
3 prec ephem outage 2026/07/09 05:57:26 sat=107
3 no ephemeris 2026/07/09 05:57:25.871 sat=107
3 prec ephem outage 2026/07/09 05:57:26 sat=108
3 no ephemeris 2026/07/09 05:57:25.869 sat=108
3 prec ephem outage 2026/07/09 05:57:26 sat=114
3 no ephemeris 2026/07/09 05:57:25.880 sat=114
3 estpos  : n=30
3 resprng : n=30
3 resprng : n=30
3 resprng : n=30
3 resprng : n=30
3 valsol  : n=30 nv=15
3 pntpos  : tobs=2026/07/09 05:57:27.000 n=28
3 satposs : teph=2026/07/09 05:57:27.000 n=28 ephopt=1
3 no pseudorange 2026/07/09 05:57:27.000 sat=61
3 prec ephem outage 2026/07/09 05:57:27 sat=107
3 no ephemeris 2026/07/09 05:57:26.871 sat=107
3 prec ephem outage 2026/07/09 05:57:27 sat=108
3 no ephemeris 2026/07/09 05:57:26.869 sat=108
3 prec ephem outage 2026/07/09 05:57:27 sat=114
3 no ephemeris 2026/07/09 05:57:26.880 sat=114
3 estpos  : n=28
3 resprng : n=28
3 resprng : n=28
3 resprng : n=28
3 resprng : n=28
3 valsol  : n=28 nv=15
3 pntpos  : tobs=2026/07/09 05:57:28.000 n=29
3 satposs : teph=2026/07/09 05:57:28.000 n=29 ephopt=1
3 no pseudorange 2026/07/09 05:57:28.000 sat=61
3 no pseudorange 2026/07/09 05:57:28.000 sat=70
3 prec ephem outage 2026/07/09 05:57:28 sat=107
3 no ephemeris 2026/07/09 05:57:27.871 sat=107
3 prec ephem outage 2026/07/09 05:57:28 sat=108
3 no ephemeris 2026/07/09 05:57:27.869 sat=108
3 prec ephem outage 2026/07/09 05:57:28 sat=114
3 no ephemeris 2026/07/09 05:57:27.880 sat=114
3 estpos  : n=29
3 resprng : n=29
3 resprng : n=29
3 resprng : n=29
3 resprng : n=29
3 valsol  : n=29 nv=15
3 pntpos  : tobs=2026/07/09 05:57:29.000 n=28
3 satposs : teph=2026/07/09 05:57:29.000 n=28 ephopt=1
3 no pseudorange 2026/07/09 05:57:29.000 sat=61
3 prec ephem outage 2026/07/09 05:57:29 sat=107
3 no ephemeris 2026/07/09 05:57:28.871 sat=107
3 prec ephem outage 2026/07/09 05:57:29 sat=108
3 no ephemeris 2026/07/09 05:57:28.869 sat=108
3 prec ephem outage 2026/07/09 05:57:29 sat=114
3 no ephemeris 2026/07/09 05:57:28.880 sat=114
3 estpos  : n=28
3 resprng : n=28
3 resprng : n=28
3 resprng : n=28
3 resprng : n=28
3 valsol  : n=28 nv=15
3 pntpos  : tobs=2026/07/09 05:57:30.000 n=30
3 satposs : teph=2026/07/09 05:57:30.000 n=30 ephopt=1
3 no pseudorange 2026/07/09 05:57:30.000 sat=61
3 no pseudorange 2026/07/09 05:57:30.000 sat=70
3 prec ephem outage 2026/07/09 05:57:30 sat=107
3 no ephemeris 2026/07/09 05:57:29.871 sat=107
3 prec ephem outage 2026/07/09 05:57:30 sat=108
3 no ephemeris 2026/07/09 05:57:29.869 sat=108
3 prec ephem outage 2026/07/09 05:57:30 sat=114
3 no ephemeris 2026/07/09 05:57:29.880 sat=114
3 estpos  : n=30
3 resprng : n=30
3 resprng : n=30
3 resprng : n=30
3 resprng : n=30
3 valsol  : n=30 nv=15
3 pntpos  : tobs=2026/07/09 05:57:31.000 n=30
3 satposs : teph=2026/07/09 05:57:31.000 n=30 ephopt=1
3 no pseudorange 2026/07/09 05:57:31.000 sat=61
3 no pseudorange 2026/07/09 05:57:31.000 sat=70
3 prec ephem outage 2026/07/09 05:57:31 sat=107
3 no ephemeris 2026/07/09 05:57:30.871 sat=107
3 prec ephem outage 2026/07/09 05:57:31 sat=108
3 no ephemeris 2026/07/09 05:57:30.869 sat=108
3 prec ephem outage 2026/07/09 05:57:31 sat=114
3 no ephemeris 2026/07/09 05:57:30.880 sat=114
3 estpos  : n=30
3 resprng : n=30
3 resprng : n=30
3 resprng : n=30
3 resprng : n=30
3 valsol  : n=30 nv=14
3 pntpos  : tobs=2026/07/09 05:57:32.000 n=29
3 satposs : teph=2026/07/09 05:57:32.000 n=29 ephopt=1
3 no pseudorange 2026/07/09 05:57:32.000 sat=70
3 prec ephem outage 2026/07/09 05:57:32 sat=107
3 no ephemeris 2026/07/09 05:57:31.871 sat=107
3 prec ephem outage 2026/07/09 05:57:32 sat=108
3 no ephemeris 2026/07/09 05:57:31.869 sat=108
3 prec ephem outage 2026/07/09 05:57:32 sat=114
3 no ephemeris 2026/07/09 05:57:31.880 sat=114
3 estpos  : n=29
3 resprng : n=29
3 resprng : n=29
3 resprng : n=29
3 resprng : n=29
3 valsol  : n=29 nv=15
3 pntpos  : tobs=2026/07/09 05:57:33.000 n=29
3 satposs : teph=2026/07/09 05:57:33.000 n=29 ephopt=1
3 no pseudorange 2026/07/09 05:57:33.000 sat=70
3 prec ephem outage 2026/07/09 05:57:33 sat=107
3 no ephemeris 2026/07/09 05:57:32.871 sat=107
3 prec ephem outage 2026/07/09 05:57:33 sat=108
3 no ephemeris 2026/07/09 05:57:32.869 sat=108
3 prec ephem outage 2026/07/09 05:57:33 sat=114
3 no ephemeris 2026/07/09 05:57:32.880 sat=114
3 estpos  : n=29
3 resprng : n=29
3 resprng : n=29
3 resprng : n=29
3 resprng : n=29
3 valsol  : n=29 nv=14
3 pntpos  : tobs=2026/07/09 05:57:34.000 n=29
3 satposs : teph=2026/07/09 05:57:34.000 n=29 ephopt=1
3 no pseudorange 2026/07/09 05:57:34.000 sat=70
3 prec ephem outage 2026/07/09 05:57:34 sat=107
3 no ephemeris 2026/07/09 05:57:33.871 sat=107
3 prec ephem outage 2026/07/09 05:57:34 sat=108
3 no ephemeris 2026/07/09 05:57:33.869 sat=108
3 prec ephem outage 2026/07/09 05:57:34 sat=114
3 no ephemeris 2026/07/09 05:57:33.880 sat=114
3 estpos  : n=29
3 resprng : n=29
3 resprng : n=29
3 resprng : n=29
3 resprng : n=29
3 valsol  : n=29 nv=14
3 pntpos  : tobs=2026/07/09 05:57:35.000 n=30
3 satposs : teph=2026/07/09 05:57:35.000 n=30 ephopt=1
3 no pseudorange 2026/07/09 05:57:35.000 sat=61
3 no pseudorange 2026/07/09 05:57:35.000 sat=70
3 prec ephem outage 2026/07/09 05:57:35 sat=107
3 no ephemeris 2026/07/09 05:57:34.871 sat=107
3 prec ephem outage 2026/07/09 05:57:35 sat=108
3 no ephemeris 2026/07/09 05:57:34.869 sat=108
3 prec ephem outage 2026/07/09 05:57:35 sat=114
3 no ephemeris 2026/07/09 05:57:34.880 sat=114
3 estpos  : n=30
3 resprng : n=30
3 resprng : n=30
3 resprng : n=30
3 resprng : n=30
3 valsol  : n=30 nv=15
3 pntpos  : tobs=2026/07/09 05:57:36.000 n=29
3 satposs : teph=2026/07/09 05:57:36.000 n=29 ephopt=1
3 no pseudorange 2026/07/09 05:57:36.000 sat=61
3 no pseudorange 2026/07/09 05:57:36.000 sat=70
3 prec ephem outage 2026/07/09 05:57:36 sat=107
3 no ephemeris 2026/07/09 05:57:35.871 sat=107
3 prec ephem outage 2026/07/09 05:57:36 sat=108
3 no ephemeris 2026/07/09 05:57:35.869 sat=108
3 prec ephem outage 2026/07/09 05:57:36 sat=114
3 no ephemeris 2026/07/09 05:57:35.880 sat=114
3 estpos  : n=29
3 resprng : n=29
3 resprng : n=29
3 resprng : n=29
3 resprng : n=29
3 valsol  : n=29 nv=15
3 pntpos  : tobs=2026/07/09 05:57:37.000 n=29
3 satposs : teph=2026/07/09 05:57:37.000 n=29 ephopt=1
3 no pseudorange 2026/07/09 05:57:37.000 sat=61
3 prec ephem outage 2026/07/09 05:57:37 sat=107
3 no ephemeris 2026/07/09 05:57:36.871 sat=107
3 prec ephem outage 2026/07/09 05:57:37 sat=108
3 no ephemeris 2026/07/09 05:57:36.869 sat=108
3 prec ephem outage 2026/07/09 05:57:37 sat=114
3 no ephemeris 2026/07/09 05:57:36.880 sat=114
3 estpos  : n=29
3 resprng : n=29
3 resprng : n=29
3 resprng : n=29
3 resprng : n=29
3 valsol  : n=29 nv=14
3 pntpos  : tobs=2026/07/09 05:57:38.000 n=30
3 satposs : teph=2026/07/09 05:57:38.000 n=30 ephopt=1
3 no pseudorange 2026/07/09 05:57:38.000 sat=61
3 no pseudorange 2026/07/09 05:57:38.000 sat=70
3 prec ephem outage 2026/07/09 05:57:38 sat=107
3 no ephemeris 2026/07/09 05:57:37.871 sat=107
3 prec ephem outage 2026/07/09 05:57:38 sat=108
3 no ephemeris 2026/07/09 05:57:37.869 sat=108
3 prec ephem outage 2026/07/09 05:57:38 sat=114
3 no ephemeris 2026/07/09 05:57:37.880 sat=114
3 estpos  : n=30
3 resprng : n=30
3 resprng : n=30
3 resprng : n=30
3 resprng : n=30
3 valsol  : n=30 nv=14
3 pntpos  : tobs=2026/07/09 05:57:39.000 n=30
3 satposs : teph=2026/07/09 05:57:39.000 n=30 ephopt=1
3 no pseudorange 2026/07/09 05:57:39.000 sat=61
3 no pseudorange 2026/07/09 05:57:39.000 sat=70
3 prec ephem outage 2026/07/09 05:57:39 sat=107
3 no ephemeris 2026/07/09 05:57:38.871 sat=107
3 prec ephem outage 2026/07/09 05:57:39 sat=108
3 no ephemeris 2026/07/09 05:57:38.869 sat=108
3 prec ephem outage 2026/07/09 05:57:39 sat=114
3 no ephemeris 2026/07/09 05:57:38.880 sat=114
3 estpos  : n=30
3 resprng : n=30
3 resprng : n=30
3 resprng : n=30
3 resprng : n=30
3 valsol  : n=30 nv=14
3 pntpos  : tobs=2026/07/09 05:57:40.000 n=29
3 satposs : teph=2026/07/09 05:57:40.000 n=29 ephopt=1
3 no pseudorange 2026/07/09 05:57:40.000 sat=61
3 prec ephem outage 2026/07/09 05:57:40 sat=107
3 no ephemeris 2026/07/09 05:57:39.871 sat=107
3 prec ephem outage 2026/07/09 05:57:40 sat=108
3 no ephemeris 2026/07/09 05:57:39.869 sat=108
3 prec ephem outage 2026/07/09 05:57:40 sat=114
3 no ephemeris 2026/07/09 05:57:39.880 sat=114
3 estpos  : n=29
3 resprng : n=29
3 resprng : n=29
3 resprng : n=29
3 resprng : n=29
3 valsol  : n=29 nv=14
3 pntpos  : tobs=2026/07/09 05:57:41.000 n=29
3 satposs : teph=2026/07/09 05:57:41.000 n=29 ephopt=1
3 no pseudorange 2026/07/09 05:57:41.000 sat=70
3 prec ephem outage 2026/07/09 05:57:41 sat=107
3 no ephemeris 2026/07/09 05:57:40.871 sat=107
3 prec ephem outage 2026/07/09 05:57:41 sat=108
3 no ephemeris 2026/07/09 05:57:40.869 sat=108
3 prec ephem outage 2026/07/09 05:57:41 sat=114
3 no ephemeris 2026/07/09 05:57:40.880 sat=114
3 estpos  : n=29
3 resprng : n=29
3 resprng : n=29
3 resprng : n=29
3 resprng : n=29
3 valsol  : n=29 nv=15
3 pntpos  : tobs=2026/07/09 05:57:42.000 n=31
3 satposs : teph=2026/07/09 05:57:42.000 n=31 ephopt=1
3 no pseudorange 2026/07/09 05:57:42.000 sat=61
3 no pseudorange 2026/07/09 05:57:42.000 sat=70
3 prec ephem outage 2026/07/09 05:57:42 sat=107
3 no ephemeris 2026/07/09 05:57:41.871 sat=107
3 prec ephem outage 2026/07/09 05:57:42 sat=108
3 no ephemeris 2026/07/09 05:57:41.869 sat=108
3 prec ephem outage 2026/07/09 05:57:42 sat=114
3 no ephemeris 2026/07/09 05:57:41.880 sat=114
3 estpos  : n=31
3 resprng : n=31
3 resprng : n=31
3 resprng : n=31
3 resprng : n=31
3 valsol  : n=31 nv=15
3 pntpos  : tobs=2026/07/09 05:57:43.000 n=29
3 satposs : teph=2026/07/09 05:57:43.000 n=29 ephopt=1
3 no pseudorange 2026/07/09 05:57:43.000 sat=61
3 prec ephem outage 2026/07/09 05:57:43 sat=107
3 no ephemeris 2026/07/09 05:57:42.871 sat=107
3 prec ephem outage 2026/07/09 05:57:43 sat=108
3 no ephemeris 2026/07/09 05:57:42.869 sat=108
3 prec ephem outage 2026/07/09 05:57:43 sat=114
3 no ephemeris 2026/07/09 05:57:42.880 sat=114
3 estpos  : n=29
3 resprng : n=29
3 resprng : n=29
3 resprng : n=29
3 resprng : n=29
3 valsol  : n=29 nv=15
3 pntpos  : tobs=2026/07/09 05:57:44.000 n=28
3 satposs : teph=2026/07/09 05:57:44.000 n=28 ephopt=1
3 prec ephem outage 2026/07/09 05:57:44 sat=107
3 no ephemeris 2026/07/09 05:57:43.871 sat=107
3 prec ephem outage 2026/07/09 05:57:44 sat=108
3 no ephemeris 2026/07/09 05:57:43.869 sat=108
3 prec ephem outage 2026/07/09 05:57:44 sat=114
3 no ephemeris 2026/07/09 05:57:43.880 sat=114
3 estpos  : n=28
3 resprng : n=28
3 resprng : n=28
3 resprng : n=28
3 resprng : n=28
3 valsol  : n=28 nv=15
3 pntpos  : tobs=2026/07/09 05:57:45.000 n=31
3 satposs : teph=2026/07/09 05:57:45.000 n=31 ephopt=1
3 no pseudorange 2026/07/09 05:57:45.000 sat=61
3 no pseudorange 2026/07/09 05:57:45.000 sat=70
3 prec ephem outage 2026/07/09 05:57:45 sat=107
3 no ephemeris 2026/07/09 05:57:44.871 sat=107
3 prec ephem outage 2026/07/09 05:57:45 sat=108
3 no ephemeris 2026/07/09 05:57:44.869 sat=108
3 prec ephem outage 2026/07/09 05:57:45 sat=114
3 no ephemeris 2026/07/09 05:57:44.880 sat=114
3 estpos  : n=31
3 resprng : n=31
3 resprng : n=31
3 resprng : n=31
3 resprng : n=31
3 valsol  : n=31 nv=14
3 pntpos  : tobs=2026/07/09 05:57:46.000 n=30
3 satposs : teph=2026/07/09 05:57:46.000 n=30 ephopt=1
3 no pseudorange 2026/07/09 05:57:46.000 sat=61
3 no pseudorange 2026/07/09 05:57:46.000 sat=70
3 prec ephem outage 2026/07/09 05:57:46 sat=107
3 no ephemeris 2026/07/09 05:57:45.871 sat=107
3 prec ephem outage 2026/07/09 05:57:46 sat=108
3 no ephemeris 2026/07/09 05:57:45.869 sat=108
3 prec ephem outage 2026/07/09 05:57:46 sat=114
3 no ephemeris 2026/07/09 05:57:45.880 sat=114
3 estpos  : n=30
3 resprng : n=30
3 resprng : n=30
3 resprng : n=30
3 resprng : n=30
3 valsol  : n=30 nv=15
3 pntpos  : tobs=2026/07/09 05:57:47.000 n=28
3 satposs : teph=2026/07/09 05:57:47.000 n=28 ephopt=1
3 no pseudorange 2026/07/09 05:57:47.000 sat=61
3 prec ephem outage 2026/07/09 05:57:47 sat=107
3 no ephemeris 2026/07/09 05:57:46.871 sat=107
3 prec ephem outage 2026/07/09 05:57:47 sat=108
3 no ephemeris 2026/07/09 05:57:46.869 sat=108
3 prec ephem outage 2026/07/09 05:57:47 sat=114
3 no ephemeris 2026/07/09 05:57:46.880 sat=114
3 estpos  : n=28
3 resprng : n=28
3 resprng : n=28
3 resprng : n=28
3 resprng : n=28
3 valsol  : n=28 nv=15
3 pntpos  : tobs=2026/07/09 05:57:48.000 n=31
3 satposs : teph=2026/07/09 05:57:48.000 n=31 ephopt=1
3 no pseudorange 2026/07/09 05:57:48.000 sat=46
3 no pseudorange 2026/07/09 05:57:48.000 sat=61
3 prec ephem outage 2026/07/09 05:57:48 sat=107
3 no ephemeris 2026/07/09 05:57:47.871 sat=107
3 prec ephem outage 2026/07/09 05:57:48 sat=108
3 no ephemeris 2026/07/09 05:57:47.869 sat=108
3 prec ephem outage 2026/07/09 05:57:48 sat=114
3 no ephemeris 2026/07/09 05:57:47.880 sat=114
3 estpos  : n=31
3 resprng : n=31
3 resprng : n=31
3 resprng : n=31
3 resprng : n=31
3 valsol  : n=31 nv=15
3 pntpos  : tobs=2026/07/09 05:57:49.000 n=32
3 satposs : teph=2026/07/09 05:57:49.000 n=32 ephopt=1
3 no pseudorange 2026/07/09 05:57:49.000 sat=61
3 no pseudorange 2026/07/09 05:57:49.000 sat=70
3 prec ephem outage 2026/07/09 05:57:49 sat=107
3 no ephemeris 2026/07/09 05:57:48.871 sat=107
3 prec ephem outage 2026/07/09 05:57:49 sat=108
3 no ephemeris 2026/07/09 05:57:48.869 sat=108
3 prec ephem outage 2026/07/09 05:57:49 sat=114
3 no ephemeris 2026/07/09 05:57:48.880 sat=114
3 estpos  : n=32
3 resprng : n=32
3 resprng : n=32
3 resprng : n=32
3 resprng : n=32
3 valsol  : n=32 nv=15
3 pntpos  : tobs=2026/07/09 05:57:50.000 n=30
3 satposs : teph=2026/07/09 05:57:50.000 n=30 ephopt=1
3 no pseudorange 2026/07/09 05:57:50.000 sat=46
3 no pseudorange 2026/07/09 05:57:50.000 sat=61
3 prec ephem outage 2026/07/09 05:57:50 sat=107
3 no ephemeris 2026/07/09 05:57:49.871 sat=107
3 prec ephem outage 2026/07/09 05:57:50 sat=108
3 no ephemeris 2026/07/09 05:57:49.869 sat=108
3 prec ephem outage 2026/07/09 05:57:50 sat=114
3 no ephemeris 2026/07/09 05:57:49.880 sat=114
3 estpos  : n=30
3 resprng : n=30
3 resprng : n=30
3 resprng : n=30
3 resprng : n=30
3 valsol  : n=30 nv=15
3 pntpos  : tobs=2026/07/09 05:57:51.000 n=31
3 satposs : teph=2026/07/09 05:57:51.000 n=31 ephopt=1
3 no pseudorange 2026/07/09 05:57:51.000 sat=61
3 no pseudorange 2026/07/09 05:57:51.000 sat=70
3 prec ephem outage 2026/07/09 05:57:51 sat=107
3 no ephemeris 2026/07/09 05:57:50.871 sat=107
3 prec ephem outage 2026/07/09 05:57:51 sat=108
3 no ephemeris 2026/07/09 05:57:50.869 sat=108
3 prec ephem outage 2026/07/09 05:57:51 sat=114
3 no ephemeris 2026/07/09 05:57:50.880 sat=114
3 estpos  : n=31
3 resprng : n=31
3 resprng : n=31
3 resprng : n=31
3 resprng : n=31
3 valsol  : n=31 nv=15
3 pntpos  : tobs=2026/07/09 05:57:52.000 n=32
3 satposs : teph=2026/07/09 05:57:52.000 n=32 ephopt=1
3 no pseudorange 2026/07/09 05:57:52.000 sat=61
3 no pseudorange 2026/07/09 05:57:52.000 sat=70
3 prec ephem outage 2026/07/09 05:57:52 sat=107
3 no ephemeris 2026/07/09 05:57:51.871 sat=107
3 prec ephem outage 2026/07/09 05:57:52 sat=108
3 no ephemeris 2026/07/09 05:57:51.869 sat=108
3 prec ephem outage 2026/07/09 05:57:52 sat=114
3 no ephemeris 2026/07/09 05:57:51.880 sat=114
3 estpos  : n=32
3 resprng : n=32
3 resprng : n=32
3 resprng : n=32
3 resprng : n=32
3 valsol  : n=32 nv=15
3 pntpos  : tobs=2026/07/09 05:57:53.000 n=30
3 satposs : teph=2026/07/09 05:57:53.000 n=30 ephopt=1
3 no pseudorange 2026/07/09 05:57:53.000 sat=61
3 no pseudorange 2026/07/09 05:57:53.000 sat=70
3 prec ephem outage 2026/07/09 05:57:53 sat=107
3 no ephemeris 2026/07/09 05:57:52.871 sat=107
3 prec ephem outage 2026/07/09 05:57:53 sat=108
3 no ephemeris 2026/07/09 05:57:52.869 sat=108
3 prec ephem outage 2026/07/09 05:57:53 sat=114
3 no ephemeris 2026/07/09 05:57:52.880 sat=114
3 estpos  : n=30
3 resprng : n=30
3 resprng : n=30
3 resprng : n=30
3 resprng : n=30
3 valsol  : n=30 nv=15
3 pntpos  : tobs=2026/07/09 05:57:54.000 n=31
3 satposs : teph=2026/07/09 05:57:54.000 n=31 ephopt=1
3 no pseudorange 2026/07/09 05:57:54.000 sat=46
3 no pseudorange 2026/07/09 05:57:54.000 sat=70
3 prec ephem outage 2026/07/09 05:57:54 sat=107
3 no ephemeris 2026/07/09 05:57:53.871 sat=107
3 prec ephem outage 2026/07/09 05:57:54 sat=108
3 no ephemeris 2026/07/09 05:57:53.869 sat=108
3 prec ephem outage 2026/07/09 05:57:54 sat=114
3 no ephemeris 2026/07/09 05:57:53.880 sat=114
3 estpos  : n=31
3 resprng : n=31
3 resprng : n=31
3 resprng : n=31
3 resprng : n=31
3 valsol  : n=31 nv=15
3 pntpos  : tobs=2026/07/09 05:57:55.000 n=30
3 satposs : teph=2026/07/09 05:57:55.000 n=30 ephopt=1
3 no pseudorange 2026/07/09 05:57:55.000 sat=46
3 no pseudorange 2026/07/09 05:57:55.000 sat=70
3 prec ephem outage 2026/07/09 05:57:55 sat=107
3 no ephemeris 2026/07/09 05:57:54.871 sat=107
3 prec ephem outage 2026/07/09 05:57:55 sat=108
3 no ephemeris 2026/07/09 05:57:54.869 sat=108
3 prec ephem outage 2026/07/09 05:57:55 sat=114
3 no ephemeris 2026/07/09 05:57:54.880 sat=114
3 estpos  : n=30
3 resprng : n=30
3 resprng : n=30
3 resprng : n=30
3 resprng : n=30
3 valsol  : n=30 nv=14
3 pntpos  : tobs=2026/07/09 05:57:56.000 n=32
3 satposs : teph=2026/07/09 05:57:56.000 n=32 ephopt=1
3 no pseudorange 2026/07/09 05:57:56.000 sat=46
3 no pseudorange 2026/07/09 05:57:56.000 sat=70
3 prec ephem outage 2026/07/09 05:57:56 sat=107
3 no ephemeris 2026/07/09 05:57:55.871 sat=107
3 prec ephem outage 2026/07/09 05:57:56 sat=108
3 no ephemeris 2026/07/09 05:57:55.869 sat=108
3 prec ephem outage 2026/07/09 05:57:56 sat=114
3 no ephemeris 2026/07/09 05:57:55.880 sat=114
3 estpos  : n=32
3 resprng : n=32
3 resprng : n=32
3 resprng : n=32
3 resprng : n=32
3 valsol  : n=32 nv=14
3 pntpos  : tobs=2026/07/09 05:57:57.000 n=32
3 satposs : teph=2026/07/09 05:57:57.000 n=32 ephopt=1
3 no pseudorange 2026/07/09 05:57:57.000 sat=46
3 no pseudorange 2026/07/09 05:57:57.000 sat=70
3 prec ephem outage 2026/07/09 05:57:57 sat=107
3 no ephemeris 2026/07/09 05:57:56.871 sat=107
3 prec ephem outage 2026/07/09 05:57:57 sat=108
3 no ephemeris 2026/07/09 05:57:56.869 sat=108
3 prec ephem outage 2026/07/09 05:57:57 sat=114
3 no ephemeris 2026/07/09 05:57:56.880 sat=114
3 estpos  : n=32
3 resprng : n=32
3 resprng : n=32
3 resprng : n=32
3 resprng : n=32
3 valsol  : n=32 nv=15
3 pntpos  : tobs=2026/07/09 05:57:58.000 n=31
3 satposs : teph=2026/07/09 05:57:58.000 n=31 ephopt=1
3 no pseudorange 2026/07/09 05:57:58.000 sat=46
3 no pseudorange 2026/07/09 05:57:58.000 sat=61
3 no pseudorange 2026/07/09 05:57:58.000 sat=70
3 prec ephem outage 2026/07/09 05:57:58 sat=107
3 no ephemeris 2026/07/09 05:57:57.871 sat=107
3 prec ephem outage 2026/07/09 05:57:58 sat=108
3 no ephemeris 2026/07/09 05:57:57.869 sat=108
3 prec ephem outage 2026/07/09 05:57:58 sat=114
3 no ephemeris 2026/07/09 05:57:57.880 sat=114
3 estpos  : n=31
3 resprng : n=31
3 resprng : n=31
3 resprng : n=31
3 resprng : n=31
3 valsol  : n=31 nv=15
3 pntpos  : tobs=2026/07/09 05:57:59.000 n=31
3 satposs : teph=2026/07/09 05:57:59.000 n=31 ephopt=1
3 no pseudorange 2026/07/09 05:57:59.000 sat=46
3 no pseudorange 2026/07/09 05:57:59.000 sat=70
3 prec ephem outage 2026/07/09 05:57:59 sat=107
3 no ephemeris 2026/07/09 05:57:58.871 sat=107
3 prec ephem outage 2026/07/09 05:57:59 sat=108
3 no ephemeris 2026/07/09 05:57:58.869 sat=108
3 prec ephem outage 2026/07/09 05:57:59 sat=114
3 no ephemeris 2026/07/09 05:57:58.880 sat=114
3 estpos  : n=31
3 resprng : n=31
3 resprng : n=31
3 resprng : n=31
3 resprng : n=31
3 valsol  : n=31 nv=15
3 pntpos  : tobs=2026/07/09 05:58:00.000 n=33
3 satposs : teph=2026/07/09 05:58:00.000 n=33 ephopt=1
3 no pseudorange 2026/07/09 05:58:00.000 sat=46
3 no pseudorange 2026/07/09 05:58:00.000 sat=70
3 prec ephem outage 2026/07/09 05:58:00 sat=107
3 no ephemeris 2026/07/09 05:57:59.871 sat=107
3 prec ephem outage 2026/07/09 05:58:00 sat=108
3 no ephemeris 2026/07/09 05:57:59.869 sat=108
3 prec ephem outage 2026/07/09 05:58:00 sat=114
3 no ephemeris 2026/07/09 05:57:59.880 sat=114
3 estpos  : n=33
3 resprng : n=33
3 resprng : n=33
3 resprng : n=33
3 resprng : n=33
3 valsol  : n=33 nv=15
3 pntpos  : tobs=2026/07/09 05:58:01.000 n=32
3 satposs : teph=2026/07/09 05:58:01.000 n=32 ephopt=1
3 prec ephem outage 2026/07/09 05:58:01 sat=45
3 no ephemeris 2026/07/09 05:58:00.923 sat=45
3 no pseudorange 2026/07/09 05:58:01.000 sat=46
3 no pseudorange 2026/07/09 05:58:01.000 sat=70
3 prec ephem outage 2026/07/09 05:58:01 sat=107
3 no ephemeris 2026/07/09 05:58:00.871 sat=107
3 prec ephem outage 2026/07/09 05:58:01 sat=108
3 no ephemeris 2026/07/09 05:58:00.869 sat=108
3 prec ephem outage 2026/07/09 05:58:01 sat=114
3 no ephemeris 2026/07/09 05:58:00.880 sat=114
3 estpos  : n=32
3 resprng : n=32
3 resprng : n=32
3 resprng : n=32
3 resprng : n=32
3 valsol  : n=32 nv=15
3 pntpos  : tobs=2026/07/09 05:58:02.000 n=33
3 satposs : teph=2026/07/09 05:58:02.000 n=33 ephopt=1
3 prec ephem outage 2026/07/09 05:58:02 sat=45
3 no ephemeris 2026/07/09 05:58:01.923 sat=45
3 no pseudorange 2026/07/09 05:58:02.000 sat=46
3 no pseudorange 2026/07/09 05:58:02.000 sat=70
3 prec ephem outage 2026/07/09 05:58:02 sat=107
3 no ephemeris 2026/07/09 05:58:01.871 sat=107
3 prec ephem outage 2026/07/09 05:58:02 sat=108
3 no ephemeris 2026/07/09 05:58:01.869 sat=108
3 prec ephem outage 2026/07/09 05:58:02 sat=114
3 no ephemeris 2026/07/09 05:58:01.880 sat=114
3 estpos  : n=33
3 resprng : n=33
3 resprng : n=33
3 resprng : n=33
3 resprng : n=33
3 valsol  : n=33 nv=14
3 pntpos  : tobs=2026/07/09 05:58:03.000 n=34
3 satposs : teph=2026/07/09 05:58:03.000 n=34 ephopt=1
3 prec ephem outage 2026/07/09 05:58:03 sat=45
3 no ephemeris 2026/07/09 05:58:02.923 sat=45
3 no pseudorange 2026/07/09 05:58:03.000 sat=46
3 no pseudorange 2026/07/09 05:58:03.000 sat=70
3 prec ephem outage 2026/07/09 05:58:03 sat=107
3 no ephemeris 2026/07/09 05:58:02.871 sat=107
3 prec ephem outage 2026/07/09 05:58:03 sat=108
3 no ephemeris 2026/07/09 05:58:02.869 sat=108
3 prec ephem outage 2026/07/09 05:58:03 sat=114
3 no ephemeris 2026/07/09 05:58:02.880 sat=114
3 estpos  : n=34
3 resprng : n=34
3 resprng : n=34
3 resprng : n=34
3 resprng : n=34
3 valsol  : n=34 nv=15
3 pntpos  : tobs=2026/07/09 05:58:04.000 n=32
3 satposs : teph=2026/07/09 05:58:04.000 n=32 ephopt=1
3 prec ephem outage 2026/07/09 05:58:04 sat=45
3 no ephemeris 2026/07/09 05:58:03.923 sat=45
3 no pseudorange 2026/07/09 05:58:04.000 sat=46
3 prec ephem outage 2026/07/09 05:58:04 sat=107
3 no ephemeris 2026/07/09 05:58:03.871 sat=107
3 prec ephem outage 2026/07/09 05:58:04 sat=108
3 no ephemeris 2026/07/09 05:58:03.869 sat=108
3 prec ephem outage 2026/07/09 05:58:04 sat=114
3 no ephemeris 2026/07/09 05:58:03.880 sat=114
3 estpos  : n=32
3 resprng : n=32
3 resprng : n=32
3 resprng : n=32
3 resprng : n=32
3 valsol  : n=32 nv=15
3 pntpos  : tobs=2026/07/09 05:58:05.000 n=33
3 satposs : teph=2026/07/09 05:58:05.000 n=33 ephopt=1
3 no pseudorange 2026/07/09 05:58:05.000 sat=46
3 no pseudorange 2026/07/09 05:58:05.000 sat=70
3 prec ephem outage 2026/07/09 05:58:05 sat=107
3 no ephemeris 2026/07/09 05:58:04.871 sat=107
3 prec ephem outage 2026/07/09 05:58:05 sat=108
3 no ephemeris 2026/07/09 05:58:04.869 sat=108
3 prec ephem outage 2026/07/09 05:58:05 sat=114
3 no ephemeris 2026/07/09 05:58:04.880 sat=114
3 estpos  : n=33
3 resprng : n=33
3 resprng : n=33
3 resprng : n=33
3 resprng : n=33
3 valsol  : n=33 nv=15
3 pntpos  : tobs=2026/07/09 05:58:06.000 n=34
3 satposs : teph=2026/07/09 05:58:06.000 n=34 ephopt=1
3 prec ephem outage 2026/07/09 05:58:06 sat=45
3 no ephemeris 2026/07/09 05:58:05.923 sat=45
3 no pseudorange 2026/07/09 05:58:06.000 sat=46
3 no pseudorange 2026/07/09 05:58:06.000 sat=70
3 prec ephem outage 2026/07/09 05:58:06 sat=107
3 no ephemeris 2026/07/09 05:58:05.871 sat=107
3 prec ephem outage 2026/07/09 05:58:06 sat=108
3 no ephemeris 2026/07/09 05:58:05.869 sat=108
3 prec ephem outage 2026/07/09 05:58:06 sat=114
3 no ephemeris 2026/07/09 05:58:05.880 sat=114
3 estpos  : n=34
3 resprng : n=34
3 resprng : n=34
3 resprng : n=34
3 resprng : n=34
3 valsol  : n=34 nv=15
3 pntpos  : tobs=2026/07/09 05:58:07.000 n=31
3 satposs : teph=2026/07/09 05:58:07.000 n=31 ephopt=1
3 prec ephem outage 2026/07/09 05:58:07 sat=45
3 no ephemeris 2026/07/09 05:58:06.923 sat=45
3 no pseudorange 2026/07/09 05:58:07.000 sat=46
3 prec ephem outage 2026/07/09 05:58:07 sat=107
3 no ephemeris 2026/07/09 05:58:06.871 sat=107
3 prec ephem outage 2026/07/09 05:58:07 sat=108
3 no ephemeris 2026/07/09 05:58:06.869 sat=108
3 prec ephem outage 2026/07/09 05:58:07 sat=114
3 no ephemeris 2026/07/09 05:58:06.880 sat=114
3 estpos  : n=31
3 resprng : n=31
3 resprng : n=31
3 resprng : n=31
3 resprng : n=31
3 valsol  : n=31 nv=15
3 pntpos  : tobs=2026/07/09 05:58:08.000 n=32
3 satposs : teph=2026/07/09 05:58:08.000 n=32 ephopt=1
3 prec ephem outage 2026/07/09 05:58:08 sat=45
3 no ephemeris 2026/07/09 05:58:07.923 sat=45
3 no pseudorange 2026/07/09 05:58:08.000 sat=46
3 no pseudorange 2026/07/09 05:58:08.000 sat=70
3 prec ephem outage 2026/07/09 05:58:08 sat=107
3 no ephemeris 2026/07/09 05:58:07.871 sat=107
3 prec ephem outage 2026/07/09 05:58:08 sat=108
3 no ephemeris 2026/07/09 05:58:07.869 sat=108
3 prec ephem outage 2026/07/09 05:58:08 sat=114
3 no ephemeris 2026/07/09 05:58:07.880 sat=114
3 estpos  : n=32
3 resprng : n=32
3 resprng : n=32
3 resprng : n=32
3 resprng : n=32
3 valsol  : n=32 nv=15
3 pntpos  : tobs=2026/07/09 05:58:09.000 n=35
3 satposs : teph=2026/07/09 05:58:09.000 n=35 ephopt=1
3 prec ephem outage 2026/07/09 05:58:09 sat=45
3 no ephemeris 2026/07/09 05:58:08.923 sat=45
3 no pseudorange 2026/07/09 05:58:09.000 sat=46
3 no pseudorange 2026/07/09 05:58:09.000 sat=70
3 prec ephem outage 2026/07/09 05:58:09 sat=107
3 no ephemeris 2026/07/09 05:58:08.871 sat=107
3 prec ephem outage 2026/07/09 05:58:09 sat=108
3 no ephemeris 2026/07/09 05:58:08.869 sat=108
3 prec ephem outage 2026/07/09 05:58:09 sat=114
3 no ephemeris 2026/07/09 05:58:08.880 sat=114
3 estpos  : n=35
3 resprng : n=35
3 resprng : n=35
3 resprng : n=35
3 resprng : n=35
3 valsol  : n=35 nv=15
3 pntpos  : tobs=2026/07/09 05:58:10.000 n=33
3 satposs : teph=2026/07/09 05:58:10.000 n=33 ephopt=1
3 prec ephem outage 2026/07/09 05:58:10 sat=45
3 no ephemeris 2026/07/09 05:58:09.923 sat=45
3 no pseudorange 2026/07/09 05:58:10.000 sat=70
3 prec ephem outage 2026/07/09 05:58:10 sat=107
3 no ephemeris 2026/07/09 05:58:09.871 sat=107
3 prec ephem outage 2026/07/09 05:58:10 sat=108
3 no ephemeris 2026/07/09 05:58:09.869 sat=108
3 prec ephem outage 2026/07/09 05:58:10 sat=114
3 no ephemeris 2026/07/09 05:58:09.880 sat=114
3 estpos  : n=33
3 resprng : n=33
3 resprng : n=33
3 resprng : n=33
3 resprng : n=33
3 valsol  : n=33 nv=15
3 pntpos  : tobs=2026/07/09 05:58:11.000 n=34
3 satposs : teph=2026/07/09 05:58:11.000 n=34 ephopt=1
3 prec ephem outage 2026/07/09 05:58:11 sat=45
3 no ephemeris 2026/07/09 05:58:10.923 sat=45
3 no pseudorange 2026/07/09 05:58:11.000 sat=46
3 no pseudorange 2026/07/09 05:58:11.000 sat=61
3 no pseudorange 2026/07/09 05:58:11.000 sat=70
3 prec ephem outage 2026/07/09 05:58:11 sat=107
3 no ephemeris 2026/07/09 05:58:10.871 sat=107
3 prec ephem outage 2026/07/09 05:58:11 sat=108
3 no ephemeris 2026/07/09 05:58:10.869 sat=108
3 prec ephem outage 2026/07/09 05:58:11 sat=114
3 no ephemeris 2026/07/09 05:58:10.880 sat=114
3 estpos  : n=34
3 resprng : n=34
3 resprng : n=34
3 resprng : n=34
3 resprng : n=34
3 valsol  : n=34 nv=15
3 pntpos  : tobs=2026/07/09 05:58:12.000 n=33
3 satposs : teph=2026/07/09 05:58:12.000 n=33 ephopt=1
3 prec ephem outage 2026/07/09 05:58:12 sat=45
3 no ephemeris 2026/07/09 05:58:11.923 sat=45
3 no pseudorange 2026/07/09 05:58:12.000 sat=61
3 prec ephem outage 2026/07/09 05:58:12 sat=107
3 no ephemeris 2026/07/09 05:58:11.871 sat=107
3 prec ephem outage 2026/07/09 05:58:12 sat=108
3 no ephemeris 2026/07/09 05:58:11.869 sat=108
3 prec ephem outage 2026/07/09 05:58:12 sat=114
3 no ephemeris 2026/07/09 05:58:11.880 sat=114
3 estpos  : n=33
3 resprng : n=33
3 resprng : n=33
3 resprng : n=33
3 resprng : n=33
3 valsol  : n=33 nv=15
3 pntpos  : tobs=2026/07/09 05:58:13.000 n=32
3 satposs : teph=2026/07/09 05:58:13.000 n=32 ephopt=1
3 prec ephem outage 2026/07/09 05:58:13 sat=45
3 no ephemeris 2026/07/09 05:58:12.923 sat=45
3 no pseudorange 2026/07/09 05:58:13.000 sat=46
3 no pseudorange 2026/07/09 05:58:13.000 sat=61
3 prec ephem outage 2026/07/09 05:58:13 sat=107
3 no ephemeris 2026/07/09 05:58:12.871 sat=107
3 prec ephem outage 2026/07/09 05:58:13 sat=108
3 no ephemeris 2026/07/09 05:58:12.869 sat=108
3 prec ephem outage 2026/07/09 05:58:13 sat=114
3 no ephemeris 2026/07/09 05:58:12.880 sat=114
3 estpos  : n=32
3 resprng : n=32
3 resprng : n=32
3 resprng : n=32
3 resprng : n=32
3 valsol  : n=32 nv=15
3 pntpos  : tobs=2026/07/09 05:58:14.000 n=34
3 satposs : teph=2026/07/09 05:58:14.000 n=34 ephopt=1
3 prec ephem outage 2026/07/09 05:58:14 sat=45
3 no ephemeris 2026/07/09 05:58:13.923 sat=45
3 no pseudorange 2026/07/09 05:58:14.000 sat=46
3 no pseudorange 2026/07/09 05:58:14.000 sat=61
3 no pseudorange 2026/07/09 05:58:14.000 sat=70
3 prec ephem outage 2026/07/09 05:58:14 sat=107
3 no ephemeris 2026/07/09 05:58:13.871 sat=107
3 prec ephem outage 2026/07/09 05:58:14 sat=108
3 no ephemeris 2026/07/09 05:58:13.869 sat=108
3 prec ephem outage 2026/07/09 05:58:14 sat=114
3 no ephemeris 2026/07/09 05:58:13.880 sat=114
3 estpos  : n=34
3 resprng : n=34
3 resprng : n=34
3 resprng : n=34
3 resprng : n=34
3 valsol  : n=34 nv=15
3 pntpos  : tobs=2026/07/09 05:58:15.000 n=33
3 satposs : teph=2026/07/09 05:58:15.000 n=33 ephopt=1
3 prec ephem outage 2026/07/09 05:58:15 sat=45
3 no ephemeris 2026/07/09 05:58:14.923 sat=45
3 no pseudorange 2026/07/09 05:58:15.000 sat=46
3 no pseudorange 2026/07/09 05:58:15.000 sat=61
3 no pseudorange 2026/07/09 05:58:15.000 sat=70
3 prec ephem outage 2026/07/09 05:58:15 sat=108
3 no ephemeris 2026/07/09 05:58:14.869 sat=108
3 prec ephem outage 2026/07/09 05:58:15 sat=114
3 no ephemeris 2026/07/09 05:58:14.880 sat=114
3 estpos  : n=33
3 resprng : n=33
3 resprng : n=33
3 resprng : n=33
3 resprng : n=33
3 valsol  : n=33 nv=15
3 pntpos  : tobs=2026/07/09 05:58:16.000 n=32
3 satposs : teph=2026/07/09 05:58:16.000 n=32 ephopt=1
3 no pseudorange 2026/07/09 05:58:16.000 sat=61
3 no pseudorange 2026/07/09 05:58:16.000 sat=70
3 prec ephem outage 2026/07/09 05:58:16 sat=107
3 no ephemeris 2026/07/09 05:58:15.871 sat=107
3 prec ephem outage 2026/07/09 05:58:16 sat=108
3 no ephemeris 2026/07/09 05:58:15.869 sat=108
3 prec ephem outage 2026/07/09 05:58:16 sat=114
3 no ephemeris 2026/07/09 05:58:15.880 sat=114
3 estpos  : n=32
3 resprng : n=32
3 resprng : n=32
3 resprng : n=32
3 resprng : n=32
3 valsol  : n=32 nv=15
3 pntpos  : tobs=2026/07/09 05:58:17.000 n=32
3 satposs : teph=2026/07/09 05:58:17.000 n=32 ephopt=1
3 prec ephem outage 2026/07/09 05:58:17 sat=45
3 no ephemeris 2026/07/09 05:58:16.923 sat=45
3 no pseudorange 2026/07/09 05:58:17.000 sat=61
3 no pseudorange 2026/07/09 05:58:17.000 sat=70
3 prec ephem outage 2026/07/09 05:58:17 sat=107
3 no ephemeris 2026/07/09 05:58:16.871 sat=107
3 prec ephem outage 2026/07/09 05:58:17 sat=108
3 no ephemeris 2026/07/09 05:58:16.869 sat=108
3 prec ephem outage 2026/07/09 05:58:17 sat=114
3 no ephemeris 2026/07/09 05:58:16.880 sat=114
3 estpos  : n=32
3 resprng : n=32
3 resprng : n=32
3 resprng : n=32
3 resprng : n=32
3 valsol  : n=32 nv=15
3 pntpos  : tobs=2026/07/09 05:58:18.000 n=34
3 satposs : teph=2026/07/09 05:58:18.000 n=34 ephopt=1
3 no pseudorange 2026/07/09 05:58:18.000 sat=46
3 no pseudorange 2026/07/09 05:58:18.000 sat=61
3 no pseudorange 2026/07/09 05:58:18.000 sat=70
3 prec ephem outage 2026/07/09 05:58:18 sat=107
3 no ephemeris 2026/07/09 05:58:17.871 sat=107
3 prec ephem outage 2026/07/09 05:58:18 sat=108
3 no ephemeris 2026/07/09 05:58:17.869 sat=108
3 prec ephem outage 2026/07/09 05:58:18 sat=114
3 no ephemeris 2026/07/09 05:58:17.880 sat=114
3 estpos  : n=34
3 resprng : n=34
3 resprng : n=34
3 resprng : n=34
3 resprng : n=34
3 valsol  : n=34 nv=15
3 pntpos  : tobs=2026/07/09 05:58:19.000 n=32
3 satposs : teph=2026/07/09 05:58:19.000 n=32 ephopt=1
3 prec ephem outage 2026/07/09 05:58:19 sat=45
3 no ephemeris 2026/07/09 05:58:18.923 sat=45
3 no pseudorange 2026/07/09 05:58:19.000 sat=61
3 no pseudorange 2026/07/09 05:58:19.000 sat=70
3 prec ephem outage 2026/07/09 05:58:19 sat=107
3 no ephemeris 2026/07/09 05:58:18.871 sat=107
3 prec ephem outage 2026/07/09 05:58:19 sat=108
3 no ephemeris 2026/07/09 05:58:18.869 sat=108
3 prec ephem outage 2026/07/09 05:58:19 sat=114
3 no ephemeris 2026/07/09 05:58:18.880 sat=114
3 estpos  : n=32
3 resprng : n=32
3 resprng : n=32
3 resprng : n=32
3 resprng : n=32
3 valsol  : n=32 nv=15
3 pntpos  : tobs=2026/07/09 05:58:20.000 n=33
3 satposs : teph=2026/07/09 05:58:20.000 n=33 ephopt=1
3 prec ephem outage 2026/07/09 05:58:20 sat=45
3 no ephemeris 2026/07/09 05:58:19.923 sat=45
3 no pseudorange 2026/07/09 05:58:20.000 sat=46
3 no pseudorange 2026/07/09 05:58:20.000 sat=61
3 no pseudorange 2026/07/09 05:58:20.000 sat=70
3 prec ephem outage 2026/07/09 05:58:20 sat=107
3 no ephemeris 2026/07/09 05:58:19.871 sat=107
3 prec ephem outage 2026/07/09 05:58:20 sat=108
3 no ephemeris 2026/07/09 05:58:19.869 sat=108
3 prec ephem outage 2026/07/09 05:58:20 sat=114
3 no ephemeris 2026/07/09 05:58:19.880 sat=114
3 estpos  : n=33
3 resprng : n=33
3 resprng : n=33
3 resprng : n=33
3 resprng : n=33
3 valsol  : n=33 nv=15
3 pntpos  : tobs=2026/07/09 05:58:21.000 n=32
3 satposs : teph=2026/07/09 05:58:21.000 n=32 ephopt=1
3 prec ephem outage 2026/07/09 05:58:21 sat=45
3 no ephemeris 2026/07/09 05:58:20.923 sat=45
3 no pseudorange 2026/07/09 05:58:21.000 sat=46
3 no pseudorange 2026/07/09 05:58:21.000 sat=70
3 prec ephem outage 2026/07/09 05:58:21 sat=107
3 no ephemeris 2026/07/09 05:58:20.871 sat=107
3 prec ephem outage 2026/07/09 05:58:21 sat=108
3 no ephemeris 2026/07/09 05:58:20.869 sat=108
3 prec ephem outage 2026/07/09 05:58:21 sat=114
3 no ephemeris 2026/07/09 05:58:20.880 sat=114
3 estpos  : n=32
3 resprng : n=32
3 resprng : n=32
3 resprng : n=32
3 resprng : n=32
3 valsol  : n=32 nv=15
3 pntpos  : tobs=2026/07/09 05:58:22.000 n=33
3 satposs : teph=2026/07/09 05:58:22.000 n=33 ephopt=1
3 prec ephem outage 2026/07/09 05:58:22 sat=45
3 no ephemeris 2026/07/09 05:58:21.923 sat=45
3 no pseudorange 2026/07/09 05:58:22.000 sat=46
3 no pseudorange 2026/07/09 05:58:22.000 sat=61
3 no pseudorange 2026/07/09 05:58:22.000 sat=70
3 prec ephem outage 2026/07/09 05:58:22 sat=107
3 no ephemeris 2026/07/09 05:58:21.871 sat=107
3 prec ephem outage 2026/07/09 05:58:22 sat=108
3 no ephemeris 2026/07/09 05:58:21.869 sat=108
3 prec ephem outage 2026/07/09 05:58:22 sat=114
3 no ephemeris 2026/07/09 05:58:21.880 sat=114
3 estpos  : n=33
3 resprng : n=33
3 resprng : n=33
3 resprng : n=33
3 resprng : n=33
3 valsol  : n=33 nv=15
3 pntpos  : tobs=2026/07/09 05:58:23.000 n=33
3 satposs : teph=2026/07/09 05:58:23.000 n=33 ephopt=1
3 prec ephem outage 2026/07/09 05:58:23 sat=45
3 no ephemeris 2026/07/09 05:58:22.923 sat=45
3 no pseudorange 2026/07/09 05:58:23.000 sat=46
3 no pseudorange 2026/07/09 05:58:23.000 sat=61
3 no pseudorange 2026/07/09 05:58:23.000 sat=70
3 prec ephem outage 2026/07/09 05:58:23 sat=107
3 no ephemeris 2026/07/09 05:58:22.871 sat=107
3 prec ephem outage 2026/07/09 05:58:23 sat=108
3 no ephemeris 2026/07/09 05:58:22.869 sat=108
3 prec ephem outage 2026/07/09 05:58:23 sat=114
3 no ephemeris 2026/07/09 05:58:22.880 sat=114
3 estpos  : n=33
3 resprng : n=33
3 resprng : n=33
3 resprng : n=33
3 resprng : n=33
3 valsol  : n=33 nv=15
3 pntpos  : tobs=2026/07/09 05:58:24.000 n=34
3 satposs : teph=2026/07/09 05:58:24.000 n=34 ephopt=1
3 prec ephem outage 2026/07/09 05:58:24 sat=45
3 no ephemeris 2026/07/09 05:58:23.923 sat=45
3 no pseudorange 2026/07/09 05:58:24.000 sat=46
3 no pseudorange 2026/07/09 05:58:24.000 sat=61
3 no pseudorange 2026/07/09 05:58:24.000 sat=70
3 prec ephem outage 2026/07/09 05:58:24 sat=107
3 no ephemeris 2026/07/09 05:58:23.871 sat=107
3 prec ephem outage 2026/07/09 05:58:24 sat=108
3 no ephemeris 2026/07/09 05:58:23.869 sat=108
3 prec ephem outage 2026/07/09 05:58:24 sat=114
3 no ephemeris 2026/07/09 05:58:23.880 sat=114
3 estpos  : n=34
3 resprng : n=34
3 resprng : n=34
3 resprng : n=34
3 resprng : n=34
3 valsol  : n=34 nv=15
3 pntpos  : tobs=2026/07/09 05:58:25.000 n=31
3 satposs : teph=2026/07/09 05:58:25.000 n=31 ephopt=1
3 prec ephem outage 2026/07/09 05:58:25 sat=45
3 no ephemeris 2026/07/09 05:58:24.923 sat=45
3 no pseudorange 2026/07/09 05:58:25.000 sat=46
3 no pseudorange 2026/07/09 05:58:25.000 sat=61
3 prec ephem outage 2026/07/09 05:58:25 sat=107
3 no ephemeris 2026/07/09 05:58:24.871 sat=107
3 prec ephem outage 2026/07/09 05:58:25 sat=108
3 no ephemeris 2026/07/09 05:58:24.869 sat=108
3 prec ephem outage 2026/07/09 05:58:25 sat=114
3 no ephemeris 2026/07/09 05:58:24.880 sat=114
3 estpos  : n=31
3 resprng : n=31
3 resprng : n=31
3 resprng : n=31
3 resprng : n=31
3 valsol  : n=31 nv=15
3 pntpos  : tobs=2026/07/09 05:58:26.000 n=32
3 satposs : teph=2026/07/09 05:58:26.000 n=32 ephopt=1
3 prec ephem outage 2026/07/09 05:58:26 sat=45
3 no ephemeris 2026/07/09 05:58:25.923 sat=45
3 no pseudorange 2026/07/09 05:58:26.000 sat=61
3 prec ephem outage 2026/07/09 05:58:26 sat=107
3 no ephemeris 2026/07/09 05:58:25.871 sat=107
3 prec ephem outage 2026/07/09 05:58:26 sat=108
3 no ephemeris 2026/07/09 05:58:25.869 sat=108
3 prec ephem outage 2026/07/09 05:58:26 sat=114
3 no ephemeris 2026/07/09 05:58:25.880 sat=114
3 estpos  : n=32
3 resprng : n=32
3 resprng : n=32
3 resprng : n=32
3 resprng : n=32
3 valsol  : n=32 nv=15
3 pntpos  : tobs=2026/07/09 05:58:27.000 n=31
3 satposs : teph=2026/07/09 05:58:27.000 n=31 ephopt=1
3 prec ephem outage 2026/07/09 05:58:27 sat=45
3 no ephemeris 2026/07/09 05:58:26.923 sat=45
3 no pseudorange 2026/07/09 05:58:27.000 sat=46
3 no pseudorange 2026/07/09 05:58:27.000 sat=61
3 no pseudorange 2026/07/09 05:58:27.000 sat=70
3 prec ephem outage 2026/07/09 05:58:27 sat=107
3 no ephemeris 2026/07/09 05:58:26.871 sat=107
3 prec ephem outage 2026/07/09 05:58:27 sat=108
3 no ephemeris 2026/07/09 05:58:26.869 sat=108
3 prec ephem outage 2026/07/09 05:58:27 sat=114
3 no ephemeris 2026/07/09 05:58:26.880 sat=114
3 estpos  : n=31
3 resprng : n=31
3 resprng : n=31
3 resprng : n=31
3 resprng : n=31
3 valsol  : n=31 nv=15
3 pntpos  : tobs=2026/07/09 05:58:28.000 n=32
3 satposs : teph=2026/07/09 05:58:28.000 n=32 ephopt=1
3 prec ephem outage 2026/07/09 05:58:28 sat=45
3 no ephemeris 2026/07/09 05:58:27.923 sat=45
3 no pseudorange 2026/07/09 05:58:28.000 sat=46
3 no pseudorange 2026/07/09 05:58:28.000 sat=61
3 no pseudorange 2026/07/09 05:58:28.000 sat=70
3 prec ephem outage 2026/07/09 05:58:28 sat=107
3 no ephemeris 2026/07/09 05:58:27.871 sat=107
3 prec ephem outage 2026/07/09 05:58:28 sat=108
3 no ephemeris 2026/07/09 05:58:27.869 sat=108
3 prec ephem outage 2026/07/09 05:58:28 sat=114
3 no ephemeris 2026/07/09 05:58:27.880 sat=114
3 estpos  : n=32
3 resprng : n=32
3 resprng : n=32
3 resprng : n=32
3 resprng : n=32
3 valsol  : n=32 nv=15
3 pntpos  : tobs=2026/07/09 05:58:29.000 n=34
3 satposs : teph=2026/07/09 05:58:29.000 n=34 ephopt=1
3 prec ephem outage 2026/07/09 05:58:29 sat=45
3 no ephemeris 2026/07/09 05:58:28.923 sat=45
3 no pseudorange 2026/07/09 05:58:29.000 sat=46
3 no pseudorange 2026/07/09 05:58:29.000 sat=61
3 no pseudorange 2026/07/09 05:58:29.000 sat=70
3 prec ephem outage 2026/07/09 05:58:29 sat=107
3 no ephemeris 2026/07/09 05:58:28.871 sat=107
3 prec ephem outage 2026/07/09 05:58:29 sat=108
3 no ephemeris 2026/07/09 05:58:28.869 sat=108
3 prec ephem outage 2026/07/09 05:58:29 sat=114
3 no ephemeris 2026/07/09 05:58:28.880 sat=114
3 estpos  : n=34
3 resprng : n=34
3 resprng : n=34
3 resprng : n=34
3 resprng : n=34
3 valsol  : n=34 nv=15
3 pntpos  : tobs=2026/07/09 05:58:30.000 n=34
3 satposs : teph=2026/07/09 05:58:30.000 n=34 ephopt=1
3 prec ephem outage 2026/07/09 05:58:30 sat=45
3 no ephemeris 2026/07/09 05:58:29.923 sat=45
3 no pseudorange 2026/07/09 05:58:30.000 sat=46
3 no pseudorange 2026/07/09 05:58:30.000 sat=61
3 no pseudorange 2026/07/09 05:58:30.000 sat=70
3 prec ephem outage 2026/07/09 05:58:30 sat=107
3 no ephemeris 2026/07/09 05:58:29.871 sat=107
3 prec ephem outage 2026/07/09 05:58:30 sat=108
3 no ephemeris 2026/07/09 05:58:29.869 sat=108
3 prec ephem outage 2026/07/09 05:58:30 sat=114
3 no ephemeris 2026/07/09 05:58:29.880 sat=114
3 estpos  : n=34
3 resprng : n=34
3 resprng : n=34
3 resprng : n=34
3 resprng : n=34
3 valsol  : n=34 nv=15
3 pntpos  : tobs=2026/07/09 05:58:31.000 n=34
3 satposs : teph=2026/07/09 05:58:31.000 n=34 ephopt=1
3 prec ephem outage 2026/07/09 05:58:31 sat=45
3 no ephemeris 2026/07/09 05:58:30.923 sat=45
3 no pseudorange 2026/07/09 05:58:31.000 sat=46
3 no pseudorange 2026/07/09 05:58:31.000 sat=61
3 no pseudorange 2026/07/09 05:58:31.000 sat=70
3 prec ephem outage 2026/07/09 05:58:31 sat=107
3 no ephemeris 2026/07/09 05:58:30.871 sat=107
3 prec ephem outage 2026/07/09 05:58:31 sat=108
3 no ephemeris 2026/07/09 05:58:30.869 sat=108
3 prec ephem outage 2026/07/09 05:58:31 sat=114
3 no ephemeris 2026/07/09 05:58:30.880 sat=114
3 estpos  : n=34
3 resprng : n=34
3 resprng : n=34
3 resprng : n=34
3 resprng : n=34
3 valsol  : n=34 nv=15
3 pntpos  : tobs=2026/07/09 05:58:32.000 n=32
3 satposs : teph=2026/07/09 05:58:32.000 n=32 ephopt=1
3 prec ephem outage 2026/07/09 05:58:32 sat=45
3 no ephemeris 2026/07/09 05:58:31.923 sat=45
3 no pseudorange 2026/07/09 05:58:32.000 sat=46
3 no pseudorange 2026/07/09 05:58:32.000 sat=61
3 no pseudorange 2026/07/09 05:58:32.000 sat=70
3 prec ephem outage 2026/07/09 05:58:32 sat=107
3 no ephemeris 2026/07/09 05:58:31.871 sat=107
3 prec ephem outage 2026/07/09 05:58:32 sat=108
3 no ephemeris 2026/07/09 05:58:31.869 sat=108
3 prec ephem outage 2026/07/09 05:58:32 sat=114
3 no ephemeris 2026/07/09 05:58:31.880 sat=114
3 estpos  : n=32
3 resprng : n=32
3 resprng : n=32
3 resprng : n=32
3 resprng : n=32
3 valsol  : n=32 nv=15
3 pntpos  : tobs=2026/07/09 05:58:33.000 n=34
3 satposs : teph=2026/07/09 05:58:33.000 n=34 ephopt=1
3 prec ephem outage 2026/07/09 05:58:33 sat=45
3 no ephemeris 2026/07/09 05:58:32.923 sat=45
3 no pseudorange 2026/07/09 05:58:33.000 sat=46
3 no pseudorange 2026/07/09 05:58:33.000 sat=61
3 no pseudorange 2026/07/09 05:58:33.000 sat=70
3 prec ephem outage 2026/07/09 05:58:33 sat=107
3 no ephemeris 2026/07/09 05:58:32.871 sat=107
3 prec ephem outage 2026/07/09 05:58:33 sat=108
3 no ephemeris 2026/07/09 05:58:32.869 sat=108
3 prec ephem outage 2026/07/09 05:58:33 sat=114
3 no ephemeris 2026/07/09 05:58:32.880 sat=114
3 estpos  : n=34
3 resprng : n=34
3 resprng : n=34
3 resprng : n=34
3 resprng : n=34
3 valsol  : n=34 nv=15
3 pntpos  : tobs=2026/07/09 05:58:34.000 n=32
3 satposs : teph=2026/07/09 05:58:34.000 n=32 ephopt=1
3 prec ephem outage 2026/07/09 05:58:34 sat=45
3 no ephemeris 2026/07/09 05:58:33.923 sat=45
3 no pseudorange 2026/07/09 05:58:34.000 sat=46
3 no pseudorange 2026/07/09 05:58:34.000 sat=61
3 prec ephem outage 2026/07/09 05:58:34 sat=107
3 no ephemeris 2026/07/09 05:58:33.871 sat=107
3 prec ephem outage 2026/07/09 05:58:34 sat=108
3 no ephemeris 2026/07/09 05:58:33.869 sat=108
3 prec ephem outage 2026/07/09 05:58:34 sat=114
3 no ephemeris 2026/07/09 05:58:33.880 sat=114
3 estpos  : n=32
3 resprng : n=32
3 resprng : n=32
3 resprng : n=32
3 resprng : n=32
3 valsol  : n=32 nv=15
3 pntpos  : tobs=2026/07/09 05:58:35.000 n=33
3 satposs : teph=2026/07/09 05:58:35.000 n=33 ephopt=1
3 prec ephem outage 2026/07/09 05:58:35 sat=45
3 no ephemeris 2026/07/09 05:58:34.923 sat=45
3 no pseudorange 2026/07/09 05:58:35.000 sat=46
3 no pseudorange 2026/07/09 05:58:35.000 sat=61
3 no pseudorange 2026/07/09 05:58:35.000 sat=70
3 prec ephem outage 2026/07/09 05:58:35 sat=107
3 no ephemeris 2026/07/09 05:58:34.871 sat=107
3 prec ephem outage 2026/07/09 05:58:35 sat=108
3 no ephemeris 2026/07/09 05:58:34.869 sat=108
3 prec ephem outage 2026/07/09 05:58:35 sat=114
3 no ephemeris 2026/07/09 05:58:34.880 sat=114
3 estpos  : n=33
3 resprng : n=33
3 resprng : n=33
3 resprng : n=33
3 resprng : n=33
3 valsol  : n=33 nv=15
3 pntpos  : tobs=2026/07/09 05:58:36.000 n=32
3 satposs : teph=2026/07/09 05:58:36.000 n=32 ephopt=1
3 prec ephem outage 2026/07/09 05:58:36 sat=45
3 no ephemeris 2026/07/09 05:58:35.923 sat=45
3 no pseudorange 2026/07/09 05:58:36.000 sat=46
3 no pseudorange 2026/07/09 05:58:36.000 sat=61
3 prec ephem outage 2026/07/09 05:58:36 sat=107
3 no ephemeris 2026/07/09 05:58:35.871 sat=107
3 prec ephem outage 2026/07/09 05:58:36 sat=108
3 no ephemeris 2026/07/09 05:58:35.869 sat=108
3 prec ephem outage 2026/07/09 05:58:36 sat=114
3 no ephemeris 2026/07/09 05:58:35.880 sat=114
3 estpos  : n=32
3 resprng : n=32
3 resprng : n=32
3 resprng : n=32
3 resprng : n=32
3 valsol  : n=32 nv=15
3 pntpos  : tobs=2026/07/09 05:58:37.000 n=33
3 satposs : teph=2026/07/09 05:58:37.000 n=33 ephopt=1
3 prec ephem outage 2026/07/09 05:58:37 sat=45
3 no ephemeris 2026/07/09 05:58:36.923 sat=45
3 no pseudorange 2026/07/09 05:58:37.000 sat=46
3 no pseudorange 2026/07/09 05:58:37.000 sat=61
3 no pseudorange 2026/07/09 05:58:37.000 sat=70
3 prec ephem outage 2026/07/09 05:58:37 sat=107
3 no ephemeris 2026/07/09 05:58:36.871 sat=107
3 prec ephem outage 2026/07/09 05:58:37 sat=108
3 no ephemeris 2026/07/09 05:58:36.869 sat=108
3 prec ephem outage 2026/07/09 05:58:37 sat=114
3 no ephemeris 2026/07/09 05:58:36.880 sat=114
3 estpos  : n=33
3 resprng : n=33
3 resprng : n=33
3 resprng : n=33
3 resprng : n=33
3 valsol  : n=33 nv=15
3 pntpos  : tobs=2026/07/09 05:58:38.000 n=33
3 satposs : teph=2026/07/09 05:58:38.000 n=33 ephopt=1
3 prec ephem outage 2026/07/09 05:58:38 sat=45
3 no ephemeris 2026/07/09 05:58:37.923 sat=45
3 no pseudorange 2026/07/09 05:58:38.000 sat=46
3 no pseudorange 2026/07/09 05:58:38.000 sat=61
3 no pseudorange 2026/07/09 05:58:38.000 sat=70
3 prec ephem outage 2026/07/09 05:58:38 sat=107
3 no ephemeris 2026/07/09 05:58:37.871 sat=107
3 prec ephem outage 2026/07/09 05:58:38 sat=108
3 no ephemeris 2026/07/09 05:58:37.869 sat=108
3 prec ephem outage 2026/07/09 05:58:38 sat=114
3 no ephemeris 2026/07/09 05:58:37.880 sat=114
3 estpos  : n=33
3 resprng : n=33
3 resprng : n=33
3 resprng : n=33
3 resprng : n=33
3 valsol  : n=33 nv=15
3 pntpos  : tobs=2026/07/09 05:58:39.000 n=31
3 satposs : teph=2026/07/09 05:58:39.000 n=31 ephopt=1
3 prec ephem outage 2026/07/09 05:58:39 sat=45
3 no ephemeris 2026/07/09 05:58:38.923 sat=45
3 no pseudorange 2026/07/09 05:58:39.000 sat=61
3 no pseudorange 2026/07/09 05:58:39.000 sat=70
3 prec ephem outage 2026/07/09 05:58:39 sat=107
3 no ephemeris 2026/07/09 05:58:38.871 sat=107
3 prec ephem outage 2026/07/09 05:58:39 sat=108
3 no ephemeris 2026/07/09 05:58:38.869 sat=108
3 prec ephem outage 2026/07/09 05:58:39 sat=114
3 no ephemeris 2026/07/09 05:58:38.880 sat=114
3 estpos  : n=31
3 resprng : n=31
3 resprng : n=31
3 resprng : n=31
3 resprng : n=31
3 valsol  : n=31 nv=15
3 pntpos  : tobs=2026/07/09 05:58:40.000 n=32
3 satposs : teph=2026/07/09 05:58:40.000 n=32 ephopt=1
3 prec ephem outage 2026/07/09 05:58:40 sat=45
3 no ephemeris 2026/07/09 05:58:39.923 sat=45
3 no pseudorange 2026/07/09 05:58:40.000 sat=61
3 no pseudorange 2026/07/09 05:58:40.000 sat=70
3 prec ephem outage 2026/07/09 05:58:40 sat=107
3 no ephemeris 2026/07/09 05:58:39.871 sat=107
3 prec ephem outage 2026/07/09 05:58:40 sat=108
3 no ephemeris 2026/07/09 05:58:39.869 sat=108
3 prec ephem outage 2026/07/09 05:58:40 sat=114
3 no ephemeris 2026/07/09 05:58:39.880 sat=114
3 estpos  : n=32
3 resprng : n=32
3 resprng : n=32
3 resprng : n=32
3 resprng : n=32
3 valsol  : n=32 nv=15
3 pntpos  : tobs=2026/07/09 05:58:41.000 n=32
3 satposs : teph=2026/07/09 05:58:41.000 n=32 ephopt=1
3 prec ephem outage 2026/07/09 05:58:41 sat=45
3 no ephemeris 2026/07/09 05:58:40.923 sat=45
3 no pseudorange 2026/07/09 05:58:41.000 sat=61
3 no pseudorange 2026/07/09 05:58:41.000 sat=70
3 prec ephem outage 2026/07/09 05:58:41 sat=107
3 no ephemeris 2026/07/09 05:58:40.871 sat=107
3 prec ephem outage 2026/07/09 05:58:41 sat=108
3 no ephemeris 2026/07/09 05:58:40.869 sat=108
3 prec ephem outage 2026/07/09 05:58:41 sat=114
3 no ephemeris 2026/07/09 05:58:40.880 sat=114
3 estpos  : n=32
3 resprng : n=32
3 resprng : n=32
3 resprng : n=32
3 resprng : n=32
3 valsol  : n=32 nv=15
3 pntpos  : tobs=2026/07/09 05:58:42.000 n=30
3 satposs : teph=2026/07/09 05:58:42.000 n=30 ephopt=1
3 no pseudorange 2026/07/09 05:58:42.000 sat=61
3 no pseudorange 2026/07/09 05:58:42.000 sat=70
3 prec ephem outage 2026/07/09 05:58:42 sat=107
3 no ephemeris 2026/07/09 05:58:41.871 sat=107
3 prec ephem outage 2026/07/09 05:58:42 sat=108
3 no ephemeris 2026/07/09 05:58:41.869 sat=108
3 prec ephem outage 2026/07/09 05:58:42 sat=114
3 no ephemeris 2026/07/09 05:58:41.880 sat=114
3 estpos  : n=30
3 resprng : n=30
3 resprng : n=30
3 resprng : n=30
3 resprng : n=30
3 valsol  : n=30 nv=15
3 pntpos  : tobs=2026/07/09 05:58:43.000 n=32
3 satposs : teph=2026/07/09 05:58:43.000 n=32 ephopt=1
3 prec ephem outage 2026/07/09 05:58:43 sat=45
3 no ephemeris 2026/07/09 05:58:42.923 sat=45
3 no pseudorange 2026/07/09 05:58:43.000 sat=61
3 no pseudorange 2026/07/09 05:58:43.000 sat=70
3 prec ephem outage 2026/07/09 05:58:43 sat=107
3 no ephemeris 2026/07/09 05:58:42.871 sat=107
3 prec ephem outage 2026/07/09 05:58:43 sat=108
3 no ephemeris 2026/07/09 05:58:42.869 sat=108
3 prec ephem outage 2026/07/09 05:58:43 sat=114
3 no ephemeris 2026/07/09 05:58:42.880 sat=114
3 estpos  : n=32
3 resprng : n=32
3 resprng : n=32
3 resprng : n=32
3 resprng : n=32
3 valsol  : n=32 nv=15
3 pntpos  : tobs=2026/07/09 05:58:44.000 n=33
3 satposs : teph=2026/07/09 05:58:44.000 n=33 ephopt=1
3 prec ephem outage 2026/07/09 05:58:44 sat=45
3 no ephemeris 2026/07/09 05:58:43.923 sat=45
3 no pseudorange 2026/07/09 05:58:44.000 sat=61
3 no pseudorange 2026/07/09 05:58:44.000 sat=70
3 prec ephem outage 2026/07/09 05:58:44 sat=107
3 no ephemeris 2026/07/09 05:58:43.871 sat=107
3 prec ephem outage 2026/07/09 05:58:44 sat=108
3 no ephemeris 2026/07/09 05:58:43.869 sat=108
3 prec ephem outage 2026/07/09 05:58:44 sat=114
3 no ephemeris 2026/07/09 05:58:43.880 sat=114
3 estpos  : n=33
3 resprng : n=33
3 resprng : n=33
3 resprng : n=33
3 resprng : n=33
3 valsol  : n=33 nv=16
3 pntpos  : tobs=2026/07/09 05:58:45.000 n=33
3 satposs : teph=2026/07/09 05:58:45.000 n=33 ephopt=1
3 prec ephem outage 2026/07/09 05:58:45 sat=45
3 no ephemeris 2026/07/09 05:58:44.923 sat=45
3 no pseudorange 2026/07/09 05:58:45.000 sat=61
3 no pseudorange 2026/07/09 05:58:45.000 sat=70
3 prec ephem outage 2026/07/09 05:58:45 sat=107
3 no ephemeris 2026/07/09 05:58:44.871 sat=107
3 prec ephem outage 2026/07/09 05:58:45 sat=108
3 no ephemeris 2026/07/09 05:58:44.869 sat=108
3 prec ephem outage 2026/07/09 05:58:45 sat=114
3 no ephemeris 2026/07/09 05:58:44.880 sat=114
3 estpos  : n=33
3 resprng : n=33
3 resprng : n=33
3 resprng : n=33
3 resprng : n=33
3 valsol  : n=33 nv=16
3 pntpos  : tobs=2026/07/09 05:58:46.000 n=32
3 satposs : teph=2026/07/09 05:58:46.000 n=32 ephopt=1
3 prec ephem outage 2026/07/09 05:58:46 sat=45
3 no ephemeris 2026/07/09 05:58:45.923 sat=45
3 no pseudorange 2026/07/09 05:58:46.000 sat=61
3 no pseudorange 2026/07/09 05:58:46.000 sat=70
3 prec ephem outage 2026/07/09 05:58:46 sat=107
3 no ephemeris 2026/07/09 05:58:45.871 sat=107
3 prec ephem outage 2026/07/09 05:58:46 sat=108
3 no ephemeris 2026/07/09 05:58:45.869 sat=108
3 prec ephem outage 2026/07/09 05:58:46 sat=114
3 no ephemeris 2026/07/09 05:58:45.880 sat=114
3 estpos  : n=32
3 resprng : n=32
3 resprng : n=32
3 resprng : n=32
3 resprng : n=32
3 valsol  : n=32 nv=16
3 pntpos  : tobs=2026/07/09 05:58:47.000 n=31
3 satposs : teph=2026/07/09 05:58:47.000 n=31 ephopt=1
3 prec ephem outage 2026/07/09 05:58:47 sat=45
3 no ephemeris 2026/07/09 05:58:46.923 sat=45
3 no pseudorange 2026/07/09 05:58:47.000 sat=61
3 no pseudorange 2026/07/09 05:58:47.000 sat=70
3 prec ephem outage 2026/07/09 05:58:47 sat=107
3 no ephemeris 2026/07/09 05:58:46.871 sat=107
3 prec ephem outage 2026/07/09 05:58:47 sat=108
3 no ephemeris 2026/07/09 05:58:46.869 sat=108
3 prec ephem outage 2026/07/09 05:58:47 sat=114
3 no ephemeris 2026/07/09 05:58:46.880 sat=114
3 estpos  : n=31
3 resprng : n=31
3 resprng : n=31
3 resprng : n=31
3 resprng : n=31
3 valsol  : n=31 nv=15
3 pntpos  : tobs=2026/07/09 05:58:48.000 n=33
3 satposs : teph=2026/07/09 05:58:48.000 n=33 ephopt=1
3 prec ephem outage 2026/07/09 05:58:48 sat=45
3 no ephemeris 2026/07/09 05:58:47.923 sat=45
3 no pseudorange 2026/07/09 05:58:48.000 sat=61
3 no pseudorange 2026/07/09 05:58:48.000 sat=70
3 prec ephem outage 2026/07/09 05:58:48 sat=107
3 no ephemeris 2026/07/09 05:58:47.871 sat=107
3 prec ephem outage 2026/07/09 05:58:48 sat=108
3 no ephemeris 2026/07/09 05:58:47.869 sat=108
3 prec ephem outage 2026/07/09 05:58:48 sat=114
3 no ephemeris 2026/07/09 05:58:47.880 sat=114
3 estpos  : n=33
3 resprng : n=33
3 resprng : n=33
3 resprng : n=33
3 resprng : n=33
3 valsol  : n=33 nv=16
3 pntpos  : tobs=2026/07/09 05:58:49.000 n=32
3 satposs : teph=2026/07/09 05:58:49.000 n=32 ephopt=1
3 prec ephem outage 2026/07/09 05:58:49 sat=45
3 no ephemeris 2026/07/09 05:58:48.923 sat=45
3 no pseudorange 2026/07/09 05:58:49.000 sat=61
3 no pseudorange 2026/07/09 05:58:49.000 sat=70
3 prec ephem outage 2026/07/09 05:58:49 sat=107
3 no ephemeris 2026/07/09 05:58:48.871 sat=107
3 prec ephem outage 2026/07/09 05:58:49 sat=108
3 no ephemeris 2026/07/09 05:58:48.869 sat=108
3 prec ephem outage 2026/07/09 05:58:49 sat=114
3 no ephemeris 2026/07/09 05:58:48.880 sat=114
3 estpos  : n=32
3 resprng : n=32
3 resprng : n=32
3 resprng : n=32
3 resprng : n=32
3 valsol  : n=32 nv=16
3 pntpos  : tobs=2026/07/09 05:58:50.000 n=31
3 satposs : teph=2026/07/09 05:58:50.000 n=31 ephopt=1
3 prec ephem outage 2026/07/09 05:58:50 sat=45
3 no ephemeris 2026/07/09 05:58:49.923 sat=45
3 no pseudorange 2026/07/09 05:58:50.000 sat=61
3 no pseudorange 2026/07/09 05:58:50.000 sat=70
3 prec ephem outage 2026/07/09 05:58:50 sat=107
3 no ephemeris 2026/07/09 05:58:49.871 sat=107
3 prec ephem outage 2026/07/09 05:58:50 sat=108
3 no ephemeris 2026/07/09 05:58:49.869 sat=108
3 prec ephem outage 2026/07/09 05:58:50 sat=114
3 no ephemeris 2026/07/09 05:58:49.880 sat=114
3 estpos  : n=31
3 resprng : n=31
3 resprng : n=31
3 resprng : n=31
3 resprng : n=31
3 valsol  : n=31 nv=15
3 pntpos  : tobs=2026/07/09 05:58:51.000 n=32
3 satposs : teph=2026/07/09 05:58:51.000 n=32 ephopt=1
3 prec ephem outage 2026/07/09 05:58:51 sat=45
3 no ephemeris 2026/07/09 05:58:50.923 sat=45
3 no pseudorange 2026/07/09 05:58:51.000 sat=70
3 prec ephem outage 2026/07/09 05:58:51 sat=107
3 no ephemeris 2026/07/09 05:58:50.871 sat=107
3 prec ephem outage 2026/07/09 05:58:51 sat=108
3 no ephemeris 2026/07/09 05:58:50.869 sat=108
3 prec ephem outage 2026/07/09 05:58:51 sat=114
3 no ephemeris 2026/07/09 05:58:50.880 sat=114
3 estpos  : n=32
3 resprng : n=32
3 resprng : n=32
3 resprng : n=32
3 resprng : n=32
3 valsol  : n=32 nv=16
3 pntpos  : tobs=2026/07/09 05:58:52.000 n=30
3 satposs : teph=2026/07/09 05:58:52.000 n=30 ephopt=1
3 prec ephem outage 2026/07/09 05:58:52 sat=45
3 no ephemeris 2026/07/09 05:58:51.923 sat=45
3 prec ephem outage 2026/07/09 05:58:52 sat=107
3 no ephemeris 2026/07/09 05:58:51.871 sat=107
3 prec ephem outage 2026/07/09 05:58:52 sat=108
3 no ephemeris 2026/07/09 05:58:51.869 sat=108
3 prec ephem outage 2026/07/09 05:58:52 sat=114
3 no ephemeris 2026/07/09 05:58:51.880 sat=114
3 estpos  : n=30
3 resprng : n=30
3 resprng : n=30
3 resprng : n=30
3 resprng : n=30
3 valsol  : n=30 nv=15
3 pntpos  : tobs=2026/07/09 05:58:53.000 n=31
3 satposs : teph=2026/07/09 05:58:53.000 n=31 ephopt=1
3 prec ephem outage 2026/07/09 05:58:53 sat=45
3 no ephemeris 2026/07/09 05:58:52.923 sat=45
3 no pseudorange 2026/07/09 05:58:53.000 sat=70
3 prec ephem outage 2026/07/09 05:58:53 sat=107
3 no ephemeris 2026/07/09 05:58:52.871 sat=107
3 prec ephem outage 2026/07/09 05:58:53 sat=108
3 no ephemeris 2026/07/09 05:58:52.869 sat=108
3 prec ephem outage 2026/07/09 05:58:53 sat=114
3 no ephemeris 2026/07/09 05:58:52.880 sat=114
3 estpos  : n=31
3 resprng : n=31
3 resprng : n=31
3 resprng : n=31
3 resprng : n=31
3 valsol  : n=31 nv=16
3 pntpos  : tobs=2026/07/09 05:58:54.000 n=33
3 satposs : teph=2026/07/09 05:58:54.000 n=33 ephopt=1
3 prec ephem outage 2026/07/09 05:58:54 sat=45
3 no ephemeris 2026/07/09 05:58:53.923 sat=45
3 no pseudorange 2026/07/09 05:58:54.000 sat=70
3 prec ephem outage 2026/07/09 05:58:54 sat=107
3 no ephemeris 2026/07/09 05:58:53.871 sat=107
3 prec ephem outage 2026/07/09 05:58:54 sat=108
3 no ephemeris 2026/07/09 05:58:53.869 sat=108
3 prec ephem outage 2026/07/09 05:58:54 sat=114
3 no ephemeris 2026/07/09 05:58:53.880 sat=114
3 estpos  : n=33
3 resprng : n=33
3 resprng : n=33
3 resprng : n=33
3 resprng : n=33
3 valsol  : n=33 nv=16
3 pntpos  : tobs=2026/07/09 05:58:55.000 n=33
3 satposs : teph=2026/07/09 05:58:55.000 n=33 ephopt=1
3 prec ephem outage 2026/07/09 05:58:55 sat=45
3 no ephemeris 2026/07/09 05:58:54.923 sat=45
3 no pseudorange 2026/07/09 05:58:55.000 sat=70
3 prec ephem outage 2026/07/09 05:58:55 sat=107
3 no ephemeris 2026/07/09 05:58:54.871 sat=107
3 prec ephem outage 2026/07/09 05:58:55 sat=108
3 no ephemeris 2026/07/09 05:58:54.869 sat=108
3 prec ephem outage 2026/07/09 05:58:55 sat=114
3 no ephemeris 2026/07/09 05:58:54.880 sat=114
3 estpos  : n=33
3 resprng : n=33
3 resprng : n=33
3 resprng : n=33
3 resprng : n=33
3 valsol  : n=33 nv=16
3 pntpos  : tobs=2026/07/09 05:58:56.000 n=31
3 satposs : teph=2026/07/09 05:58:56.000 n=31 ephopt=1
3 no pseudorange 2026/07/09 05:58:56.000 sat=70
3 prec ephem outage 2026/07/09 05:58:56 sat=107
3 no ephemeris 2026/07/09 05:58:55.871 sat=107
3 prec ephem outage 2026/07/09 05:58:56 sat=108
3 no ephemeris 2026/07/09 05:58:55.869 sat=108
3 prec ephem outage 2026/07/09 05:58:56 sat=114
3 no ephemeris 2026/07/09 05:58:55.880 sat=114
3 estpos  : n=31
3 resprng : n=31
3 resprng : n=31
3 resprng : n=31
3 resprng : n=31
3 valsol  : n=31 nv=16
3 pntpos  : tobs=2026/07/09 05:58:57.000 n=30
3 satposs : teph=2026/07/09 05:58:57.000 n=30 ephopt=1
3 no pseudorange 2026/07/09 05:58:57.000 sat=70
3 prec ephem outage 2026/07/09 05:58:57 sat=107
3 no ephemeris 2026/07/09 05:58:56.871 sat=107
3 prec ephem outage 2026/07/09 05:58:57 sat=108
3 no ephemeris 2026/07/09 05:58:56.869 sat=108
3 prec ephem outage 2026/07/09 05:58:57 sat=114
3 no ephemeris 2026/07/09 05:58:56.880 sat=114
3 estpos  : n=30
3 resprng : n=30
3 resprng : n=30
3 resprng : n=30
3 resprng : n=30
3 valsol  : n=30 nv=16
3 pntpos  : tobs=2026/07/09 05:58:58.000 n=31
3 satposs : teph=2026/07/09 05:58:58.000 n=31 ephopt=1
3 no pseudorange 2026/07/09 05:58:58.000 sat=70
3 prec ephem outage 2026/07/09 05:58:58 sat=107
3 no ephemeris 2026/07/09 05:58:57.871 sat=107
3 prec ephem outage 2026/07/09 05:58:58 sat=108
3 no ephemeris 2026/07/09 05:58:57.869 sat=108
3 prec ephem outage 2026/07/09 05:58:58 sat=114
3 no ephemeris 2026/07/09 05:58:57.880 sat=114
3 estpos  : n=31
3 resprng : n=31
3 resprng : n=31
3 resprng : n=31
3 resprng : n=31
3 valsol  : n=31 nv=16
3 pntpos  : tobs=2026/07/09 05:58:59.000 n=31
3 satposs : teph=2026/07/09 05:58:59.000 n=31 ephopt=1
3 no pseudorange 2026/07/09 05:58:59.000 sat=70
3 prec ephem outage 2026/07/09 05:58:59 sat=107
3 no ephemeris 2026/07/09 05:58:58.871 sat=107
3 prec ephem outage 2026/07/09 05:58:59 sat=108
3 no ephemeris 2026/07/09 05:58:58.869 sat=108
3 prec ephem outage 2026/07/09 05:58:59 sat=114
3 no ephemeris 2026/07/09 05:58:58.880 sat=114
3 estpos  : n=31
3 resprng : n=31
3 resprng : n=31
3 resprng : n=31
3 resprng : n=31
3 valsol  : n=31 nv=15
3 pntpos  : tobs=2026/07/09 05:59:00.000 n=31
3 satposs : teph=2026/07/09 05:59:00.000 n=31 ephopt=1
3 prec ephem outage 2026/07/09 05:59:00 sat=107
3 no ephemeris 2026/07/09 05:58:59.871 sat=107
3 prec ephem outage 2026/07/09 05:59:00 sat=108
3 no ephemeris 2026/07/09 05:58:59.869 sat=108
3 prec ephem outage 2026/07/09 05:59:00 sat=114
3 no ephemeris 2026/07/09 05:58:59.880 sat=114
3 estpos  : n=31
3 resprng : n=31
3 resprng : n=31
3 resprng : n=31
3 resprng : n=31
3 valsol  : n=31 nv=15
3 pntpos  : tobs=2026/07/09 05:59:01.000 n=30
3 satposs : teph=2026/07/09 05:59:01.000 n=30 ephopt=1
3 no pseudorange 2026/07/09 05:59:01.000 sat=70
3 prec ephem outage 2026/07/09 05:59:01 sat=107
3 no ephemeris 2026/07/09 05:59:00.871 sat=107
3 prec ephem outage 2026/07/09 05:59:01 sat=108
3 no ephemeris 2026/07/09 05:59:00.869 sat=108
3 prec ephem outage 2026/07/09 05:59:01 sat=114
3 no ephemeris 2026/07/09 05:59:00.880 sat=114
3 estpos  : n=30
3 resprng : n=30
3 resprng : n=30
3 resprng : n=30
3 resprng : n=30
3 valsol  : n=30 nv=15
3 pntpos  : tobs=2026/07/09 05:59:02.000 n=33
3 satposs : teph=2026/07/09 05:59:02.000 n=33 ephopt=1
3 no pseudorange 2026/07/09 05:59:02.000 sat=70
3 prec ephem outage 2026/07/09 05:59:02 sat=107
3 no ephemeris 2026/07/09 05:59:01.871 sat=107
3 prec ephem outage 2026/07/09 05:59:02 sat=108
3 no ephemeris 2026/07/09 05:59:01.869 sat=108
3 prec ephem outage 2026/07/09 05:59:02 sat=114
3 no ephemeris 2026/07/09 05:59:01.880 sat=114
3 estpos  : n=33
3 resprng : n=33
3 resprng : n=33
3 resprng : n=33
3 resprng : n=33
3 valsol  : n=33 nv=16
3 pntpos  : tobs=2026/07/09 05:59:03.000 n=32
3 satposs : teph=2026/07/09 05:59:03.000 n=32 ephopt=1
3 no pseudorange 2026/07/09 05:59:03.000 sat=70
3 prec ephem outage 2026/07/09 05:59:03 sat=107
3 no ephemeris 2026/07/09 05:59:02.871 sat=107
3 prec ephem outage 2026/07/09 05:59:03 sat=108
3 no ephemeris 2026/07/09 05:59:02.869 sat=108
3 prec ephem outage 2026/07/09 05:59:03 sat=114
3 no ephemeris 2026/07/09 05:59:02.880 sat=114
3 estpos  : n=32
3 resprng : n=32
3 resprng : n=32
3 resprng : n=32
3 resprng : n=32
3 valsol  : n=32 nv=16
3 pntpos  : tobs=2026/07/09 05:59:04.000 n=32
3 satposs : teph=2026/07/09 05:59:04.000 n=32 ephopt=1
3 no pseudorange 2026/07/09 05:59:04.000 sat=61
3 no pseudorange 2026/07/09 05:59:04.000 sat=70
3 prec ephem outage 2026/07/09 05:59:04 sat=107
3 no ephemeris 2026/07/09 05:59:03.871 sat=107
3 prec ephem outage 2026/07/09 05:59:04 sat=108
3 no ephemeris 2026/07/09 05:59:03.869 sat=108
3 prec ephem outage 2026/07/09 05:59:04 sat=114
3 no ephemeris 2026/07/09 05:59:03.880 sat=114
3 estpos  : n=32
3 resprng : n=32
3 resprng : n=32
3 resprng : n=32
3 resprng : n=32
3 valsol  : n=32 nv=16
3 pntpos  : tobs=2026/07/09 05:59:05.000 n=31
3 satposs : teph=2026/07/09 05:59:05.000 n=31 ephopt=1
3 no pseudorange 2026/07/09 05:59:05.000 sat=61
3 no pseudorange 2026/07/09 05:59:05.000 sat=70
3 prec ephem outage 2026/07/09 05:59:05 sat=107
3 no ephemeris 2026/07/09 05:59:04.871 sat=107
3 prec ephem outage 2026/07/09 05:59:05 sat=108
3 no ephemeris 2026/07/09 05:59:04.869 sat=108
3 prec ephem outage 2026/07/09 05:59:05 sat=114
3 no ephemeris 2026/07/09 05:59:04.880 sat=114
3 estpos  : n=31
3 resprng : n=31
3 resprng : n=31
3 resprng : n=31
3 resprng : n=31
3 valsol  : n=31 nv=15
3 pntpos  : tobs=2026/07/09 05:59:06.000 n=31
3 satposs : teph=2026/07/09 05:59:06.000 n=31 ephopt=1
3 no pseudorange 2026/07/09 05:59:06.000 sat=61
3 prec ephem outage 2026/07/09 05:59:06 sat=107
3 no ephemeris 2026/07/09 05:59:05.871 sat=107
3 prec ephem outage 2026/07/09 05:59:06 sat=108
3 no ephemeris 2026/07/09 05:59:05.869 sat=108
3 prec ephem outage 2026/07/09 05:59:06 sat=114
3 no ephemeris 2026/07/09 05:59:05.880 sat=114
3 estpos  : n=31
3 resprng : n=31
3 resprng : n=31
3 resprng : n=31
3 resprng : n=31
3 valsol  : n=31 nv=15
3 pntpos  : tobs=2026/07/09 05:59:07.000 n=31
3 satposs : teph=2026/07/09 05:59:07.000 n=31 ephopt=1
3 no pseudorange 2026/07/09 05:59:07.000 sat=61
3 no pseudorange 2026/07/09 05:59:07.000 sat=70
3 prec ephem outage 2026/07/09 05:59:07 sat=107
3 no ephemeris 2026/07/09 05:59:06.871 sat=107
3 prec ephem outage 2026/07/09 05:59:07 sat=108
3 no ephemeris 2026/07/09 05:59:06.869 sat=108
3 prec ephem outage 2026/07/09 05:59:07 sat=114
3 no ephemeris 2026/07/09 05:59:06.880 sat=114
3 estpos  : n=31
3 resprng : n=31
3 resprng : n=31
3 resprng : n=31
3 resprng : n=31
3 valsol  : n=31 nv=16
3 pntpos  : tobs=2026/07/09 05:59:08.000 n=31
3 satposs : teph=2026/07/09 05:59:08.000 n=31 ephopt=1
3 no pseudorange 2026/07/09 05:59:08.000 sat=61
3 no pseudorange 2026/07/09 05:59:08.000 sat=70
3 prec ephem outage 2026/07/09 05:59:08 sat=107
3 no ephemeris 2026/07/09 05:59:07.871 sat=107
3 prec ephem outage 2026/07/09 05:59:08 sat=108
3 no ephemeris 2026/07/09 05:59:07.869 sat=108
3 prec ephem outage 2026/07/09 05:59:08 sat=114
3 no ephemeris 2026/07/09 05:59:07.880 sat=114
3 estpos  : n=31
3 resprng : n=31
3 resprng : n=31
3 resprng : n=31
3 resprng : n=31
3 valsol  : n=31 nv=15
3 pntpos  : tobs=2026/07/09 05:59:09.000 n=31
3 satposs : teph=2026/07/09 05:59:09.000 n=31 ephopt=1
3 no pseudorange 2026/07/09 05:59:09.000 sat=61
3 no pseudorange 2026/07/09 05:59:09.000 sat=70
3 prec ephem outage 2026/07/09 05:59:09 sat=107
3 no ephemeris 2026/07/09 05:59:08.871 sat=107
3 prec ephem outage 2026/07/09 05:59:09 sat=108
3 no ephemeris 2026/07/09 05:59:08.869 sat=108
3 prec ephem outage 2026/07/09 05:59:09 sat=114
3 no ephemeris 2026/07/09 05:59:08.880 sat=114
3 estpos  : n=31
3 resprng : n=31
3 resprng : n=31
3 resprng : n=31
3 resprng : n=31
3 valsol  : n=31 nv=16
3 pntpos  : tobs=2026/07/09 05:59:10.000 n=30
3 satposs : teph=2026/07/09 05:59:10.000 n=30 ephopt=1
3 no pseudorange 2026/07/09 05:59:10.000 sat=61
3 prec ephem outage 2026/07/09 05:59:10 sat=107
3 no ephemeris 2026/07/09 05:59:09.871 sat=107
3 prec ephem outage 2026/07/09 05:59:10 sat=108
3 no ephemeris 2026/07/09 05:59:09.869 sat=108
3 prec ephem outage 2026/07/09 05:59:10 sat=114
3 no ephemeris 2026/07/09 05:59:09.880 sat=114
3 estpos  : n=30
3 resprng : n=30
3 resprng : n=30
3 resprng : n=30
3 resprng : n=30
3 valsol  : n=30 nv=15
3 pntpos  : tobs=2026/07/09 05:59:11.000 n=31
3 satposs : teph=2026/07/09 05:59:11.000 n=31 ephopt=1
3 no pseudorange 2026/07/09 05:59:11.000 sat=61
3 no pseudorange 2026/07/09 05:59:11.000 sat=70
3 prec ephem outage 2026/07/09 05:59:11 sat=107
3 no ephemeris 2026/07/09 05:59:10.871 sat=107
3 prec ephem outage 2026/07/09 05:59:11 sat=108
3 no ephemeris 2026/07/09 05:59:10.869 sat=108
3 prec ephem outage 2026/07/09 05:59:11 sat=114
3 no ephemeris 2026/07/09 05:59:10.880 sat=114
3 estpos  : n=31
3 resprng : n=31
3 resprng : n=31
3 resprng : n=31
3 resprng : n=31
3 valsol  : n=31 nv=16
3 pntpos  : tobs=2026/07/09 05:59:12.000 n=31
3 satposs : teph=2026/07/09 05:59:12.000 n=31 ephopt=1
3 no pseudorange 2026/07/09 05:59:12.000 sat=61
3 no pseudorange 2026/07/09 05:59:12.000 sat=70
3 prec ephem outage 2026/07/09 05:59:12 sat=107
3 no ephemeris 2026/07/09 05:59:11.871 sat=107
3 prec ephem outage 2026/07/09 05:59:12 sat=108
3 no ephemeris 2026/07/09 05:59:11.869 sat=108
3 prec ephem outage 2026/07/09 05:59:12 sat=114
3 no ephemeris 2026/07/09 05:59:11.880 sat=114
3 estpos  : n=31
3 resprng : n=31
3 resprng : n=31
3 resprng : n=31
3 resprng : n=31
3 valsol  : n=31 nv=16
3 pntpos  : tobs=2026/07/09 05:59:13.000 n=30
3 satposs : teph=2026/07/09 05:59:13.000 n=30 ephopt=1
3 no pseudorange 2026/07/09 05:59:13.000 sat=61
3 no pseudorange 2026/07/09 05:59:13.000 sat=70
3 prec ephem outage 2026/07/09 05:59:13 sat=107
3 no ephemeris 2026/07/09 05:59:12.871 sat=107
3 prec ephem outage 2026/07/09 05:59:13 sat=108
3 no ephemeris 2026/07/09 05:59:12.869 sat=108
3 prec ephem outage 2026/07/09 05:59:13 sat=114
3 no ephemeris 2026/07/09 05:59:12.880 sat=114
3 estpos  : n=30
3 resprng : n=30
3 resprng : n=30
3 resprng : n=30
3 resprng : n=30
3 valsol  : n=30 nv=16
3 pntpos  : tobs=2026/07/09 05:59:14.000 n=30
3 satposs : teph=2026/07/09 05:59:14.000 n=30 ephopt=1
3 no pseudorange 2026/07/09 05:59:14.000 sat=61
3 no pseudorange 2026/07/09 05:59:14.000 sat=70
3 prec ephem outage 2026/07/09 05:59:14 sat=107
3 no ephemeris 2026/07/09 05:59:13.871 sat=107
3 prec ephem outage 2026/07/09 05:59:14 sat=108
3 no ephemeris 2026/07/09 05:59:13.869 sat=108
3 prec ephem outage 2026/07/09 05:59:14 sat=114
3 no ephemeris 2026/07/09 05:59:13.880 sat=114
3 estpos  : n=30
3 resprng : n=30
3 resprng : n=30
3 resprng : n=30
3 resprng : n=30
3 valsol  : n=30 nv=15
3 pntpos  : tobs=2026/07/09 05:59:15.000 n=28
3 satposs : teph=2026/07/09 05:59:15.000 n=28 ephopt=1
3 no pseudorange 2026/07/09 05:59:15.000 sat=61
3 no pseudorange 2026/07/09 05:59:15.000 sat=70
3 prec ephem outage 2026/07/09 05:59:15 sat=107
3 no ephemeris 2026/07/09 05:59:14.871 sat=107
3 prec ephem outage 2026/07/09 05:59:15 sat=108
3 no ephemeris 2026/07/09 05:59:14.869 sat=108
3 prec ephem outage 2026/07/09 05:59:15 sat=114
3 no ephemeris 2026/07/09 05:59:14.880 sat=114
3 estpos  : n=28
3 resprng : n=28
3 resprng : n=28
3 resprng : n=28
3 resprng : n=28
3 valsol  : n=28 nv=14
3 pntpos  : tobs=2026/07/09 05:59:16.000 n=30
3 satposs : teph=2026/07/09 05:59:16.000 n=30 ephopt=1
3 no pseudorange 2026/07/09 05:59:16.000 sat=61
3 no pseudorange 2026/07/09 05:59:16.000 sat=70
3 prec ephem outage 2026/07/09 05:59:16 sat=107
3 no ephemeris 2026/07/09 05:59:15.871 sat=107
3 prec ephem outage 2026/07/09 05:59:16 sat=108
3 no ephemeris 2026/07/09 05:59:15.869 sat=108
3 prec ephem outage 2026/07/09 05:59:16 sat=114
3 no ephemeris 2026/07/09 05:59:15.880 sat=114
3 estpos  : n=30
3 resprng : n=30
3 resprng : n=30
3 resprng : n=30
3 resprng : n=30
3 valsol  : n=30 nv=15
3 pntpos  : tobs=2026/07/09 05:59:17.000 n=29
3 satposs : teph=2026/07/09 05:59:17.000 n=29 ephopt=1
3 prec ephem outage 2026/07/09 05:59:17 sat=107
3 no ephemeris 2026/07/09 05:59:16.871 sat=107
3 prec ephem outage 2026/07/09 05:59:17 sat=108
3 no ephemeris 2026/07/09 05:59:16.869 sat=108
3 prec ephem outage 2026/07/09 05:59:17 sat=114
3 no ephemeris 2026/07/09 05:59:16.880 sat=114
3 estpos  : n=29
3 resprng : n=29
3 resprng : n=29
3 resprng : n=29
3 resprng : n=29
3 valsol  : n=29 nv=15
3 pntpos  : tobs=2026/07/09 05:59:18.000 n=30
3 satposs : teph=2026/07/09 05:59:18.000 n=30 ephopt=1
3 no pseudorange 2026/07/09 05:59:18.000 sat=70
3 prec ephem outage 2026/07/09 05:59:18 sat=107
3 no ephemeris 2026/07/09 05:59:17.871 sat=107
3 prec ephem outage 2026/07/09 05:59:18 sat=108
3 no ephemeris 2026/07/09 05:59:17.869 sat=108
3 prec ephem outage 2026/07/09 05:59:18 sat=114
3 no ephemeris 2026/07/09 05:59:17.880 sat=114
3 estpos  : n=30
3 resprng : n=30
3 resprng : n=30
3 resprng : n=30
3 resprng : n=30
3 valsol  : n=30 nv=15
3 pntpos  : tobs=2026/07/09 05:59:19.000 n=29
3 satposs : teph=2026/07/09 05:59:19.000 n=29 ephopt=1
3 no pseudorange 2026/07/09 05:59:19.000 sat=70
3 prec ephem outage 2026/07/09 05:59:19 sat=107
3 no ephemeris 2026/07/09 05:59:18.871 sat=107
3 prec ephem outage 2026/07/09 05:59:19 sat=108
3 no ephemeris 2026/07/09 05:59:18.869 sat=108
3 prec ephem outage 2026/07/09 05:59:19 sat=114
3 no ephemeris 2026/07/09 05:59:18.880 sat=114
3 estpos  : n=29
3 resprng : n=29
3 resprng : n=29
3 resprng : n=29
3 resprng : n=29
3 valsol  : n=29 nv=15
3 pntpos  : tobs=2026/07/09 05:59:20.000 n=29
3 satposs : teph=2026/07/09 05:59:20.000 n=29 ephopt=1
3 no pseudorange 2026/07/09 05:59:20.000 sat=70
3 prec ephem outage 2026/07/09 05:59:20 sat=107
3 no ephemeris 2026/07/09 05:59:19.871 sat=107
3 prec ephem outage 2026/07/09 05:59:20 sat=108
3 no ephemeris 2026/07/09 05:59:19.869 sat=108
3 prec ephem outage 2026/07/09 05:59:20 sat=114
3 no ephemeris 2026/07/09 05:59:19.880 sat=114
3 estpos  : n=29
3 resprng : n=29
3 resprng : n=29
3 resprng : n=29
3 resprng : n=29
3 valsol  : n=29 nv=15
3 pntpos  : tobs=2026/07/09 05:59:21.000 n=30
3 satposs : teph=2026/07/09 05:59:21.000 n=30 ephopt=1
3 no pseudorange 2026/07/09 05:59:21.000 sat=70
3 prec ephem outage 2026/07/09 05:59:21 sat=107
3 no ephemeris 2026/07/09 05:59:20.871 sat=107
3 prec ephem outage 2026/07/09 05:59:21 sat=108
3 no ephemeris 2026/07/09 05:59:20.869 sat=108
3 prec ephem outage 2026/07/09 05:59:21 sat=114
3 no ephemeris 2026/07/09 05:59:20.880 sat=114
3 estpos  : n=30
3 resprng : n=30
3 resprng : n=30
3 resprng : n=30
3 resprng : n=30
3 valsol  : n=30 nv=15
3 pntpos  : tobs=2026/07/09 05:59:22.000 n=30
3 satposs : teph=2026/07/09 05:59:22.000 n=30 ephopt=1
3 no pseudorange 2026/07/09 05:59:22.000 sat=70
3 prec ephem outage 2026/07/09 05:59:22 sat=107
3 no ephemeris 2026/07/09 05:59:21.871 sat=107
3 prec ephem outage 2026/07/09 05:59:22 sat=108
3 no ephemeris 2026/07/09 05:59:21.869 sat=108
3 prec ephem outage 2026/07/09 05:59:22 sat=114
3 no ephemeris 2026/07/09 05:59:21.880 sat=114
3 estpos  : n=30
3 resprng : n=30
3 resprng : n=30
3 resprng : n=30
3 resprng : n=30
3 valsol  : n=30 nv=15
3 pntpos  : tobs=2026/07/09 05:59:23.000 n=30
3 satposs : teph=2026/07/09 05:59:23.000 n=30 ephopt=1
3 no pseudorange 2026/07/09 05:59:23.000 sat=70
3 prec ephem outage 2026/07/09 05:59:23 sat=107
3 no ephemeris 2026/07/09 05:59:22.871 sat=107
3 prec ephem outage 2026/07/09 05:59:23 sat=108
3 no ephemeris 2026/07/09 05:59:22.869 sat=108
3 prec ephem outage 2026/07/09 05:59:23 sat=114
3 no ephemeris 2026/07/09 05:59:22.880 sat=114
3 estpos  : n=30
3 resprng : n=30
3 resprng : n=30
3 resprng : n=30
3 resprng : n=30
3 valsol  : n=30 nv=15
3 pntpos  : tobs=2026/07/09 05:59:24.000 n=29
3 satposs : teph=2026/07/09 05:59:24.000 n=29 ephopt=1
3 no pseudorange 2026/07/09 05:59:24.000 sat=70
3 prec ephem outage 2026/07/09 05:59:24 sat=107
3 no ephemeris 2026/07/09 05:59:23.871 sat=107
3 prec ephem outage 2026/07/09 05:59:24 sat=108
3 no ephemeris 2026/07/09 05:59:23.869 sat=108
3 prec ephem outage 2026/07/09 05:59:24 sat=114
3 no ephemeris 2026/07/09 05:59:23.880 sat=114
3 estpos  : n=29
3 resprng : n=29
3 resprng : n=29
3 resprng : n=29
3 resprng : n=29
3 valsol  : n=29 nv=15
3 pntpos  : tobs=2026/07/09 05:59:25.000 n=30
3 satposs : teph=2026/07/09 05:59:25.000 n=30 ephopt=1
3 no pseudorange 2026/07/09 05:59:25.000 sat=70
3 prec ephem outage 2026/07/09 05:59:25 sat=107
3 no ephemeris 2026/07/09 05:59:24.871 sat=107
3 prec ephem outage 2026/07/09 05:59:25 sat=108
3 no ephemeris 2026/07/09 05:59:24.869 sat=108
3 prec ephem outage 2026/07/09 05:59:25 sat=114
3 no ephemeris 2026/07/09 05:59:24.880 sat=114
3 estpos  : n=30
3 resprng : n=30
3 resprng : n=30
3 resprng : n=30
3 resprng : n=30
3 valsol  : n=30 nv=15
3 pntpos  : tobs=2026/07/09 05:59:26.000 n=30
3 satposs : teph=2026/07/09 05:59:26.000 n=30 ephopt=1
3 no pseudorange 2026/07/09 05:59:26.000 sat=70
3 prec ephem outage 2026/07/09 05:59:26 sat=107
3 no ephemeris 2026/07/09 05:59:25.871 sat=107
3 prec ephem outage 2026/07/09 05:59:26 sat=108
3 no ephemeris 2026/07/09 05:59:25.869 sat=108
3 prec ephem outage 2026/07/09 05:59:26 sat=114
3 no ephemeris 2026/07/09 05:59:25.880 sat=114
3 estpos  : n=30
3 resprng : n=30
3 resprng : n=30
3 resprng : n=30
3 resprng : n=30
3 valsol  : n=30 nv=15
3 pntpos  : tobs=2026/07/09 05:59:27.000 n=32
3 satposs : teph=2026/07/09 05:59:27.000 n=32 ephopt=1
3 no pseudorange 2026/07/09 05:59:27.000 sat=70
3 prec ephem outage 2026/07/09 05:59:27 sat=107
3 no ephemeris 2026/07/09 05:59:26.871 sat=107
3 prec ephem outage 2026/07/09 05:59:27 sat=108
3 no ephemeris 2026/07/09 05:59:26.869 sat=108
3 prec ephem outage 2026/07/09 05:59:27 sat=114
3 no ephemeris 2026/07/09 05:59:26.880 sat=114
3 estpos  : n=32
3 resprng : n=32
3 resprng : n=32
3 resprng : n=32
3 resprng : n=32
3 valsol  : n=32 nv=15
3 pntpos  : tobs=2026/07/09 05:59:28.000 n=29
3 satposs : teph=2026/07/09 05:59:28.000 n=29 ephopt=1
3 no pseudorange 2026/07/09 05:59:28.000 sat=70
3 prec ephem outage 2026/07/09 05:59:28 sat=107
3 no ephemeris 2026/07/09 05:59:27.871 sat=107
3 prec ephem outage 2026/07/09 05:59:28 sat=108
3 no ephemeris 2026/07/09 05:59:27.869 sat=108
3 prec ephem outage 2026/07/09 05:59:28 sat=114
3 no ephemeris 2026/07/09 05:59:27.880 sat=114
3 estpos  : n=29
3 resprng : n=29
3 resprng : n=29
3 resprng : n=29
3 resprng : n=29
3 valsol  : n=29 nv=15
3 pntpos  : tobs=2026/07/09 05:59:29.000 n=31
3 satposs : teph=2026/07/09 05:59:29.000 n=31 ephopt=1
3 no pseudorange 2026/07/09 05:59:29.000 sat=70
3 prec ephem outage 2026/07/09 05:59:29 sat=107
3 no ephemeris 2026/07/09 05:59:28.871 sat=107
3 prec ephem outage 2026/07/09 05:59:29 sat=108
3 no ephemeris 2026/07/09 05:59:28.869 sat=108
3 prec ephem outage 2026/07/09 05:59:29 sat=114
3 no ephemeris 2026/07/09 05:59:28.880 sat=114
3 estpos  : n=31
3 resprng : n=31
3 resprng : n=31
3 resprng : n=31
3 resprng : n=31
3 valsol  : n=31 nv=15
3 pntpos  : tobs=2026/07/09 05:59:30.000 n=29
3 satposs : teph=2026/07/09 05:59:30.000 n=29 ephopt=1
3 no pseudorange 2026/07/09 05:59:30.000 sat=70
3 prec ephem outage 2026/07/09 05:59:30 sat=108
3 no ephemeris 2026/07/09 05:59:29.869 sat=108
3 prec ephem outage 2026/07/09 05:59:30 sat=114
3 no ephemeris 2026/07/09 05:59:29.880 sat=114
3 estpos  : n=29
3 resprng : n=29
3 resprng : n=29
3 resprng : n=29
3 resprng : n=29
3 valsol  : n=29 nv=15
3 pntpos  : tobs=2026/07/09 05:59:31.000 n=30
3 satposs : teph=2026/07/09 05:59:31.000 n=30 ephopt=1
3 no pseudorange 2026/07/09 05:59:31.000 sat=70
3 prec ephem outage 2026/07/09 05:59:31 sat=108
3 no ephemeris 2026/07/09 05:59:30.869 sat=108
3 prec ephem outage 2026/07/09 05:59:31 sat=114
3 no ephemeris 2026/07/09 05:59:30.880 sat=114
3 estpos  : n=30
3 resprng : n=30
3 resprng : n=30
3 resprng : n=30
3 resprng : n=30
3 valsol  : n=30 nv=15
3 pntpos  : tobs=2026/07/09 05:59:32.000 n=31
3 satposs : teph=2026/07/09 05:59:32.000 n=31 ephopt=1
3 no pseudorange 2026/07/09 05:59:32.000 sat=70
3 prec ephem outage 2026/07/09 05:59:32 sat=107
3 no ephemeris 2026/07/09 05:59:31.871 sat=107
3 prec ephem outage 2026/07/09 05:59:32 sat=108
3 no ephemeris 2026/07/09 05:59:31.869 sat=108
3 prec ephem outage 2026/07/09 05:59:32 sat=114
3 no ephemeris 2026/07/09 05:59:31.880 sat=114
3 estpos  : n=31
3 resprng : n=31
3 resprng : n=31
3 resprng : n=31
3 resprng : n=31
3 valsol  : n=31 nv=15
3 pntpos  : tobs=2026/07/09 05:59:33.000 n=31
3 satposs : teph=2026/07/09 05:59:33.000 n=31 ephopt=1
3 no pseudorange 2026/07/09 05:59:33.000 sat=70
3 prec ephem outage 2026/07/09 05:59:33 sat=107
3 no ephemeris 2026/07/09 05:59:32.871 sat=107
3 prec ephem outage 2026/07/09 05:59:33 sat=108
3 no ephemeris 2026/07/09 05:59:32.869 sat=108
3 prec ephem outage 2026/07/09 05:59:33 sat=114
3 no ephemeris 2026/07/09 05:59:32.880 sat=114
3 estpos  : n=31
3 resprng : n=31
3 resprng : n=31
3 resprng : n=31
3 resprng : n=31
3 valsol  : n=31 nv=15
3 pntpos  : tobs=2026/07/09 05:59:34.000 n=31
3 satposs : teph=2026/07/09 05:59:34.000 n=31 ephopt=1
3 no pseudorange 2026/07/09 05:59:34.000 sat=70
3 prec ephem outage 2026/07/09 05:59:34 sat=107
3 no ephemeris 2026/07/09 05:59:33.871 sat=107
3 prec ephem outage 2026/07/09 05:59:34 sat=108
3 no ephemeris 2026/07/09 05:59:33.869 sat=108
3 prec ephem outage 2026/07/09 05:59:34 sat=114
3 no ephemeris 2026/07/09 05:59:33.880 sat=114
3 estpos  : n=31
3 resprng : n=31
3 resprng : n=31
3 resprng : n=31
3 resprng : n=31
3 valsol  : n=31 nv=15
3 pntpos  : tobs=2026/07/09 05:59:35.000 n=34
3 satposs : teph=2026/07/09 05:59:35.000 n=34 ephopt=1
3 prec ephem outage 2026/07/09 05:59:35 sat=45
3 no ephemeris 2026/07/09 05:59:34.922 sat=45
3 no pseudorange 2026/07/09 05:59:35.000 sat=46
3 no pseudorange 2026/07/09 05:59:35.000 sat=70
3 prec ephem outage 2026/07/09 05:59:35 sat=107
3 no ephemeris 2026/07/09 05:59:34.871 sat=107
3 prec ephem outage 2026/07/09 05:59:35 sat=108
3 no ephemeris 2026/07/09 05:59:34.869 sat=108
3 prec ephem outage 2026/07/09 05:59:35 sat=114
3 no ephemeris 2026/07/09 05:59:34.880 sat=114
3 estpos  : n=34
3 resprng : n=34
3 resprng : n=34
3 resprng : n=34
3 resprng : n=34
3 valsol  : n=34 nv=15
3 pntpos  : tobs=2026/07/09 05:59:36.000 n=31
3 satposs : teph=2026/07/09 05:59:36.000 n=31 ephopt=1
3 prec ephem outage 2026/07/09 05:59:36 sat=45
3 no ephemeris 2026/07/09 05:59:35.922 sat=45
3 no pseudorange 2026/07/09 05:59:36.000 sat=46
3 prec ephem outage 2026/07/09 05:59:36 sat=107
3 no ephemeris 2026/07/09 05:59:35.871 sat=107
3 prec ephem outage 2026/07/09 05:59:36 sat=108
3 no ephemeris 2026/07/09 05:59:35.869 sat=108
3 prec ephem outage 2026/07/09 05:59:36 sat=114
3 no ephemeris 2026/07/09 05:59:35.880 sat=114
3 estpos  : n=31
3 resprng : n=31
3 resprng : n=31
3 resprng : n=31
3 resprng : n=31
3 valsol  : n=31 nv=15
3 pntpos  : tobs=2026/07/09 05:59:37.000 n=33
3 satposs : teph=2026/07/09 05:59:37.000 n=33 ephopt=1
3 prec ephem outage 2026/07/09 05:59:37 sat=45
3 no ephemeris 2026/07/09 05:59:36.922 sat=45
3 no pseudorange 2026/07/09 05:59:37.000 sat=46
3 no pseudorange 2026/07/09 05:59:37.000 sat=70
3 prec ephem outage 2026/07/09 05:59:37 sat=107
3 no ephemeris 2026/07/09 05:59:36.871 sat=107
3 prec ephem outage 2026/07/09 05:59:37 sat=108
3 no ephemeris 2026/07/09 05:59:36.869 sat=108
3 prec ephem outage 2026/07/09 05:59:37 sat=114
3 no ephemeris 2026/07/09 05:59:36.880 sat=114
3 estpos  : n=33
3 resprng : n=33
3 resprng : n=33
3 resprng : n=33
3 resprng : n=33
3 valsol  : n=33 nv=15
3 pntpos  : tobs=2026/07/09 05:59:38.000 n=32
3 satposs : teph=2026/07/09 05:59:38.000 n=32 ephopt=1
3 prec ephem outage 2026/07/09 05:59:38 sat=45
3 no ephemeris 2026/07/09 05:59:37.922 sat=45
3 no pseudorange 2026/07/09 05:59:38.000 sat=70
3 prec ephem outage 2026/07/09 05:59:38 sat=107
3 no ephemeris 2026/07/09 05:59:37.871 sat=107
3 prec ephem outage 2026/07/09 05:59:38 sat=108
3 no ephemeris 2026/07/09 05:59:37.869 sat=108
3 prec ephem outage 2026/07/09 05:59:38 sat=114
3 no ephemeris 2026/07/09 05:59:37.880 sat=114
3 estpos  : n=32
3 resprng : n=32
3 resprng : n=32
3 resprng : n=32
3 resprng : n=32
3 valsol  : n=32 nv=15
3 pntpos  : tobs=2026/07/09 05:59:39.000 n=33
3 satposs : teph=2026/07/09 05:59:39.000 n=33 ephopt=1
3 prec ephem outage 2026/07/09 05:59:39 sat=45
3 no ephemeris 2026/07/09 05:59:38.922 sat=45
3 no pseudorange 2026/07/09 05:59:39.000 sat=46
3 no pseudorange 2026/07/09 05:59:39.000 sat=70
3 prec ephem outage 2026/07/09 05:59:39 sat=107
3 no ephemeris 2026/07/09 05:59:38.871 sat=107
3 prec ephem outage 2026/07/09 05:59:39 sat=108
3 no ephemeris 2026/07/09 05:59:38.869 sat=108
3 prec ephem outage 2026/07/09 05:59:39 sat=114
3 no ephemeris 2026/07/09 05:59:38.880 sat=114
3 estpos  : n=33
3 resprng : n=33
3 resprng : n=33
3 resprng : n=33
3 resprng : n=33
3 valsol  : n=33 nv=15
3 pntpos  : tobs=2026/07/09 05:59:40.000 n=33
3 satposs : teph=2026/07/09 05:59:40.000 n=33 ephopt=1
3 prec ephem outage 2026/07/09 05:59:40 sat=45
3 no ephemeris 2026/07/09 05:59:39.922 sat=45
3 no pseudorange 2026/07/09 05:59:40.000 sat=46
3 prec ephem outage 2026/07/09 05:59:40 sat=107
3 no ephemeris 2026/07/09 05:59:39.871 sat=107
3 prec ephem outage 2026/07/09 05:59:40 sat=108
3 no ephemeris 2026/07/09 05:59:39.869 sat=108
3 prec ephem outage 2026/07/09 05:59:40 sat=114
3 no ephemeris 2026/07/09 05:59:39.880 sat=114
3 estpos  : n=33
3 resprng : n=33
3 resprng : n=33
3 resprng : n=33
3 resprng : n=33
3 valsol  : n=33 nv=15
3 pntpos  : tobs=2026/07/09 05:59:41.000 n=32
3 satposs : teph=2026/07/09 05:59:41.000 n=32 ephopt=1
3 prec ephem outage 2026/07/09 05:59:41 sat=45
3 no ephemeris 2026/07/09 05:59:40.922 sat=45
3 no pseudorange 2026/07/09 05:59:41.000 sat=46
3 prec ephem outage 2026/07/09 05:59:41 sat=107
3 no ephemeris 2026/07/09 05:59:40.871 sat=107
3 prec ephem outage 2026/07/09 05:59:41 sat=108
3 no ephemeris 2026/07/09 05:59:40.869 sat=108
3 prec ephem outage 2026/07/09 05:59:41 sat=114
3 no ephemeris 2026/07/09 05:59:40.880 sat=114
3 estpos  : n=32
3 resprng : n=32
3 resprng : n=32
3 resprng : n=32
3 resprng : n=32
3 valsol  : n=32 nv=15
3 pntpos  : tobs=2026/07/09 05:59:42.000 n=32
3 satposs : teph=2026/07/09 05:59:42.000 n=32 ephopt=1
3 prec ephem outage 2026/07/09 05:59:42 sat=45
3 no ephemeris 2026/07/09 05:59:41.922 sat=45
3 no pseudorange 2026/07/09 05:59:42.000 sat=46
3 no pseudorange 2026/07/09 05:59:42.000 sat=70
3 prec ephem outage 2026/07/09 05:59:42 sat=107
3 no ephemeris 2026/07/09 05:59:41.871 sat=107
3 prec ephem outage 2026/07/09 05:59:42 sat=108
3 no ephemeris 2026/07/09 05:59:41.869 sat=108
3 prec ephem outage 2026/07/09 05:59:42 sat=114
3 no ephemeris 2026/07/09 05:59:41.880 sat=114
3 estpos  : n=32
3 resprng : n=32
3 resprng : n=32
3 resprng : n=32
3 resprng : n=32
3 valsol  : n=32 nv=15
3 pntpos  : tobs=2026/07/09 05:59:43.000 n=31
3 satposs : teph=2026/07/09 05:59:43.000 n=31 ephopt=1
3 prec ephem outage 2026/07/09 05:59:43 sat=45
3 no ephemeris 2026/07/09 05:59:42.922 sat=45
3 no pseudorange 2026/07/09 05:59:43.000 sat=46
3 no pseudorange 2026/07/09 05:59:43.000 sat=70
3 prec ephem outage 2026/07/09 05:59:43 sat=107
3 no ephemeris 2026/07/09 05:59:42.871 sat=107
3 prec ephem outage 2026/07/09 05:59:43 sat=108
3 no ephemeris 2026/07/09 05:59:42.869 sat=108
3 prec ephem outage 2026/07/09 05:59:43 sat=114
3 no ephemeris 2026/07/09 05:59:42.880 sat=114
3 estpos  : n=31
3 resprng : n=31
3 resprng : n=31
3 resprng : n=31
3 resprng : n=31
3 valsol  : n=31 nv=15
3 pntpos  : tobs=2026/07/09 05:59:44.000 n=34
3 satposs : teph=2026/07/09 05:59:44.000 n=34 ephopt=1
3 prec ephem outage 2026/07/09 05:59:44 sat=45
3 no ephemeris 2026/07/09 05:59:43.922 sat=45
3 no pseudorange 2026/07/09 05:59:44.000 sat=46
3 no pseudorange 2026/07/09 05:59:44.000 sat=70
3 prec ephem outage 2026/07/09 05:59:44 sat=107
3 no ephemeris 2026/07/09 05:59:43.871 sat=107
3 prec ephem outage 2026/07/09 05:59:44 sat=108
3 no ephemeris 2026/07/09 05:59:43.869 sat=108
3 prec ephem outage 2026/07/09 05:59:44 sat=114
3 no ephemeris 2026/07/09 05:59:43.880 sat=114
3 estpos  : n=34
3 resprng : n=34
3 resprng : n=34
3 resprng : n=34
3 resprng : n=34
3 valsol  : n=34 nv=15
3 pntpos  : tobs=2026/07/09 05:59:45.000 n=34
3 satposs : teph=2026/07/09 05:59:45.000 n=34 ephopt=1
3 prec ephem outage 2026/07/09 05:59:45 sat=45
3 no ephemeris 2026/07/09 05:59:44.922 sat=45
3 no pseudorange 2026/07/09 05:59:45.000 sat=46
3 prec ephem outage 2026/07/09 05:59:45 sat=107
3 no ephemeris 2026/07/09 05:59:44.871 sat=107
3 prec ephem outage 2026/07/09 05:59:45 sat=108
3 no ephemeris 2026/07/09 05:59:44.869 sat=108
3 prec ephem outage 2026/07/09 05:59:45 sat=114
3 no ephemeris 2026/07/09 05:59:44.880 sat=114
3 estpos  : n=34
3 resprng : n=34
3 resprng : n=34
3 resprng : n=34
3 resprng : n=34
3 valsol  : n=34 nv=15
3 pntpos  : tobs=2026/07/09 05:59:46.000 n=32
3 satposs : teph=2026/07/09 05:59:46.000 n=32 ephopt=1
3 prec ephem outage 2026/07/09 05:59:46 sat=45
3 no ephemeris 2026/07/09 05:59:45.922 sat=45
3 no pseudorange 2026/07/09 05:59:46.000 sat=46
3 prec ephem outage 2026/07/09 05:59:46 sat=107
3 no ephemeris 2026/07/09 05:59:45.871 sat=107
3 prec ephem outage 2026/07/09 05:59:46 sat=108
3 no ephemeris 2026/07/09 05:59:45.869 sat=108
3 prec ephem outage 2026/07/09 05:59:46 sat=114
3 no ephemeris 2026/07/09 05:59:45.880 sat=114
3 estpos  : n=32
3 resprng : n=32
3 resprng : n=32
3 resprng : n=32
3 resprng : n=32
3 valsol  : n=32 nv=15
3 pntpos  : tobs=2026/07/09 05:59:47.000 n=34
3 satposs : teph=2026/07/09 05:59:47.000 n=34 ephopt=1
3 prec ephem outage 2026/07/09 05:59:47 sat=45
3 no ephemeris 2026/07/09 05:59:46.922 sat=45
3 no pseudorange 2026/07/09 05:59:47.000 sat=46
3 no pseudorange 2026/07/09 05:59:47.000 sat=70
3 prec ephem outage 2026/07/09 05:59:47 sat=107
3 no ephemeris 2026/07/09 05:59:46.871 sat=107
3 prec ephem outage 2026/07/09 05:59:47 sat=108
3 no ephemeris 2026/07/09 05:59:46.869 sat=108
3 prec ephem outage 2026/07/09 05:59:47 sat=114
3 no ephemeris 2026/07/09 05:59:46.880 sat=114
3 estpos  : n=34
3 resprng : n=34
3 resprng : n=34
3 resprng : n=34
3 resprng : n=34
3 valsol  : n=34 nv=15
3 pntpos  : tobs=2026/07/09 05:59:48.000 n=34
3 satposs : teph=2026/07/09 05:59:48.000 n=34 ephopt=1
3 no pseudorange 2026/07/09 05:59:48.000 sat=46
3 no pseudorange 2026/07/09 05:59:48.000 sat=70
3 prec ephem outage 2026/07/09 05:59:48 sat=107
3 no ephemeris 2026/07/09 05:59:47.871 sat=107
3 prec ephem outage 2026/07/09 05:59:48 sat=108
3 no ephemeris 2026/07/09 05:59:47.869 sat=108
3 prec ephem outage 2026/07/09 05:59:48 sat=114
3 no ephemeris 2026/07/09 05:59:47.880 sat=114
3 estpos  : n=34
3 resprng : n=34
3 resprng : n=34
3 resprng : n=34
3 resprng : n=34
3 valsol  : n=34 nv=15
3 pntpos  : tobs=2026/07/09 05:59:49.000 n=34
3 satposs : teph=2026/07/09 05:59:49.000 n=34 ephopt=1
3 prec ephem outage 2026/07/09 05:59:49 sat=45
3 no ephemeris 2026/07/09 05:59:48.922 sat=45
3 no pseudorange 2026/07/09 05:59:49.000 sat=46
3 no pseudorange 2026/07/09 05:59:49.000 sat=70
3 prec ephem outage 2026/07/09 05:59:49 sat=107
3 no ephemeris 2026/07/09 05:59:48.871 sat=107
3 prec ephem outage 2026/07/09 05:59:49 sat=108
3 no ephemeris 2026/07/09 05:59:48.869 sat=108
3 prec ephem outage 2026/07/09 05:59:49 sat=114
3 no ephemeris 2026/07/09 05:59:48.880 sat=114
3 estpos  : n=34
3 resprng : n=34
3 resprng : n=34
3 resprng : n=34
3 resprng : n=34
3 valsol  : n=34 nv=15
3 pntpos  : tobs=2026/07/09 05:59:50.000 n=33
3 satposs : teph=2026/07/09 05:59:50.000 n=33 ephopt=1
3 prec ephem outage 2026/07/09 05:59:50 sat=45
3 no ephemeris 2026/07/09 05:59:49.922 sat=45
3 no pseudorange 2026/07/09 05:59:50.000 sat=46
3 no pseudorange 2026/07/09 05:59:50.000 sat=70
3 prec ephem outage 2026/07/09 05:59:50 sat=107
3 no ephemeris 2026/07/09 05:59:49.871 sat=107
3 prec ephem outage 2026/07/09 05:59:50 sat=108
3 no ephemeris 2026/07/09 05:59:49.869 sat=108
3 prec ephem outage 2026/07/09 05:59:50 sat=114
3 no ephemeris 2026/07/09 05:59:49.880 sat=114
3 estpos  : n=33
3 resprng : n=33
3 resprng : n=33
3 resprng : n=33
3 resprng : n=33
3 valsol  : n=33 nv=15
3 pntpos  : tobs=2026/07/09 05:59:51.000 n=34
3 satposs : teph=2026/07/09 05:59:51.000 n=34 ephopt=1
3 prec ephem outage 2026/07/09 05:59:51 sat=45
3 no ephemeris 2026/07/09 05:59:50.922 sat=45
3 no pseudorange 2026/07/09 05:59:51.000 sat=46
3 no pseudorange 2026/07/09 05:59:51.000 sat=70
3 prec ephem outage 2026/07/09 05:59:51 sat=107
3 no ephemeris 2026/07/09 05:59:50.871 sat=107
3 prec ephem outage 2026/07/09 05:59:51 sat=108
3 no ephemeris 2026/07/09 05:59:50.869 sat=108
3 prec ephem outage 2026/07/09 05:59:51 sat=114
3 no ephemeris 2026/07/09 05:59:50.880 sat=114
3 estpos  : n=34
3 resprng : n=34
3 resprng : n=34
3 resprng : n=34
3 resprng : n=34
3 valsol  : n=34 nv=14
3 pntpos  : tobs=2026/07/09 05:59:52.000 n=33
3 satposs : teph=2026/07/09 05:59:52.000 n=33 ephopt=1
3 prec ephem outage 2026/07/09 05:59:52 sat=45
3 no ephemeris 2026/07/09 05:59:51.922 sat=45
3 no pseudorange 2026/07/09 05:59:52.000 sat=46
3 no pseudorange 2026/07/09 05:59:52.000 sat=70
3 prec ephem outage 2026/07/09 05:59:52 sat=107
3 no ephemeris 2026/07/09 05:59:51.871 sat=107
3 prec ephem outage 2026/07/09 05:59:52 sat=108
3 no ephemeris 2026/07/09 05:59:51.869 sat=108
3 prec ephem outage 2026/07/09 05:59:52 sat=114
3 no ephemeris 2026/07/09 05:59:51.880 sat=114
3 estpos  : n=33
3 resprng : n=33
3 resprng : n=33
3 resprng : n=33
3 resprng : n=33
3 valsol  : n=33 nv=15
3 pntpos  : tobs=2026/07/09 05:59:53.000 n=35
3 satposs : teph=2026/07/09 05:59:53.000 n=35 ephopt=1
3 prec ephem outage 2026/07/09 05:59:53 sat=45
3 no ephemeris 2026/07/09 05:59:52.922 sat=45
3 no pseudorange 2026/07/09 05:59:53.000 sat=46
3 no pseudorange 2026/07/09 05:59:53.000 sat=70
3 prec ephem outage 2026/07/09 05:59:53 sat=107
3 no ephemeris 2026/07/09 05:59:52.871 sat=107
3 prec ephem outage 2026/07/09 05:59:53 sat=108
3 no ephemeris 2026/07/09 05:59:52.869 sat=108
3 prec ephem outage 2026/07/09 05:59:53 sat=114
3 no ephemeris 2026/07/09 05:59:52.880 sat=114
3 estpos  : n=35
3 resprng : n=35
3 resprng : n=35
3 resprng : n=35
3 resprng : n=35
3 valsol  : n=35 nv=15
3 pntpos  : tobs=2026/07/09 05:59:54.000 n=33
3 satposs : teph=2026/07/09 05:59:54.000 n=33 ephopt=1
3 prec ephem outage 2026/07/09 05:59:54 sat=45
3 no ephemeris 2026/07/09 05:59:53.922 sat=45
3 no pseudorange 2026/07/09 05:59:54.000 sat=46
3 prec ephem outage 2026/07/09 05:59:54 sat=107
3 no ephemeris 2026/07/09 05:59:53.871 sat=107
3 prec ephem outage 2026/07/09 05:59:54 sat=108
3 no ephemeris 2026/07/09 05:59:53.869 sat=108
3 prec ephem outage 2026/07/09 05:59:54 sat=114
3 no ephemeris 2026/07/09 05:59:53.880 sat=114
3 estpos  : n=33
3 resprng : n=33
3 resprng : n=33
3 resprng : n=33
3 resprng : n=33
3 valsol  : n=33 nv=15
3 pntpos  : tobs=2026/07/09 05:59:55.000 n=32
3 satposs : teph=2026/07/09 05:59:55.000 n=32 ephopt=1
3 prec ephem outage 2026/07/09 05:59:55 sat=45
3 no ephemeris 2026/07/09 05:59:54.922 sat=45
3 no pseudorange 2026/07/09 05:59:55.000 sat=46
3 prec ephem outage 2026/07/09 05:59:55 sat=107
3 no ephemeris 2026/07/09 05:59:54.871 sat=107
3 prec ephem outage 2026/07/09 05:59:55 sat=108
3 no ephemeris 2026/07/09 05:59:54.869 sat=108
3 prec ephem outage 2026/07/09 05:59:55 sat=114
3 no ephemeris 2026/07/09 05:59:54.880 sat=114
3 estpos  : n=32
3 resprng : n=32
3 resprng : n=32
3 resprng : n=32
3 resprng : n=32
3 valsol  : n=32 nv=15
3 pntpos  : tobs=2026/07/09 05:59:56.000 n=32
3 satposs : teph=2026/07/09 05:59:56.000 n=32 ephopt=1
3 prec ephem outage 2026/07/09 05:59:56 sat=45
3 no ephemeris 2026/07/09 05:59:55.922 sat=45
3 no pseudorange 2026/07/09 05:59:56.000 sat=46
3 no pseudorange 2026/07/09 05:59:56.000 sat=70
3 prec ephem outage 2026/07/09 05:59:56 sat=107
3 no ephemeris 2026/07/09 05:59:55.871 sat=107
3 prec ephem outage 2026/07/09 05:59:56 sat=108
3 no ephemeris 2026/07/09 05:59:55.869 sat=108
3 prec ephem outage 2026/07/09 05:59:56 sat=114
3 no ephemeris 2026/07/09 05:59:55.880 sat=114
3 estpos  : n=32
3 resprng : n=32
3 resprng : n=32
3 resprng : n=32
3 resprng : n=32
3 valsol  : n=32 nv=15
3 pntpos  : tobs=2026/07/09 05:59:57.000 n=34
3 satposs : teph=2026/07/09 05:59:57.000 n=34 ephopt=1
3 prec ephem outage 2026/07/09 05:59:57 sat=45
3 no ephemeris 2026/07/09 05:59:56.922 sat=45
3 no pseudorange 2026/07/09 05:59:57.000 sat=46
3 no pseudorange 2026/07/09 05:59:57.000 sat=70
3 prec ephem outage 2026/07/09 05:59:57 sat=107
3 no ephemeris 2026/07/09 05:59:56.871 sat=107
3 prec ephem outage 2026/07/09 05:59:57 sat=108
3 no ephemeris 2026/07/09 05:59:56.869 sat=108
3 prec ephem outage 2026/07/09 05:59:57 sat=114
3 no ephemeris 2026/07/09 05:59:56.880 sat=114
3 estpos  : n=34
3 resprng : n=34
3 resprng : n=34
3 resprng : n=34
3 resprng : n=34
3 valsol  : n=34 nv=15
3 pntpos  : tobs=2026/07/09 05:59:58.000 n=33
3 satposs : teph=2026/07/09 05:59:58.000 n=33 ephopt=1
3 prec ephem outage 2026/07/09 05:59:58 sat=45
3 no ephemeris 2026/07/09 05:59:57.922 sat=45
3 no pseudorange 2026/07/09 05:59:58.000 sat=46
3 no pseudorange 2026/07/09 05:59:58.000 sat=61
3 no pseudorange 2026/07/09 05:59:58.000 sat=70
3 prec ephem outage 2026/07/09 05:59:58 sat=107
3 no ephemeris 2026/07/09 05:59:57.871 sat=107
3 prec ephem outage 2026/07/09 05:59:58 sat=108
3 no ephemeris 2026/07/09 05:59:57.869 sat=108
3 prec ephem outage 2026/07/09 05:59:58 sat=114
3 no ephemeris 2026/07/09 05:59:57.880 sat=114
3 estpos  : n=33
3 resprng : n=33
3 resprng : n=33
3 resprng : n=33
3 resprng : n=33
3 valsol  : n=33 nv=15
3 pntpos  : tobs=2026/07/09 05:59:59.000 n=32
3 satposs : teph=2026/07/09 05:59:59.000 n=32 ephopt=1
3 prec ephem outage 2026/07/09 05:59:59 sat=45
3 no ephemeris 2026/07/09 05:59:58.922 sat=45
3 no pseudorange 2026/07/09 05:59:59.000 sat=46
3 no pseudorange 2026/07/09 05:59:59.000 sat=70
3 prec ephem outage 2026/07/09 05:59:59 sat=107
3 no ephemeris 2026/07/09 05:59:58.871 sat=107
3 prec ephem outage 2026/07/09 05:59:59 sat=108
3 no ephemeris 2026/07/09 05:59:58.869 sat=108
3 prec ephem outage 2026/07/09 05:59:59 sat=114
3 no ephemeris 2026/07/09 05:59:58.880 sat=114
3 estpos  : n=32
3 resprng : n=32
3 resprng : n=32
3 resprng : n=32
3 resprng : n=32
3 valsol  : n=32 nv=15
3 pntpos  : tobs=2026/07/09 06:00:00.000 n=34
3 satposs : teph=2026/07/09 06:00:00.000 n=34 ephopt=1
3 prec ephem outage 2026/07/09 06:00:00 sat=45
3 no ephemeris 2026/07/09 05:59:59.922 sat=45
3 no pseudorange 2026/07/09 06:00:00.000 sat=46
3 no pseudorange 2026/07/09 06:00:00.000 sat=61
3 prec ephem outage 2026/07/09 06:00:00 sat=107
3 no ephemeris 2026/07/09 05:59:59.871 sat=107
3 prec ephem outage 2026/07/09 06:00:00 sat=108
3 no ephemeris 2026/07/09 05:59:59.869 sat=108
3 prec ephem outage 2026/07/09 06:00:00 sat=114
3 no ephemeris 2026/07/09 05:59:59.880 sat=114
3 estpos  : n=34
3 resprng : n=34
3 resprng : n=34
3 resprng : n=34
3 resprng : n=34
3 valsol  : n=34 nv=15
3 pntpos  : tobs=2026/07/09 06:00:01.000 n=34
3 satposs : teph=2026/07/09 06:00:01.000 n=34 ephopt=1
3 prec ephem outage 2026/07/09 06:00:01 sat=45
3 no ephemeris 2026/07/09 06:00:00.922 sat=45
3 no pseudorange 2026/07/09 06:00:01.000 sat=70
3 prec ephem outage 2026/07/09 06:00:01 sat=107
3 no ephemeris 2026/07/09 06:00:00.871 sat=107
3 prec ephem outage 2026/07/09 06:00:01 sat=108
3 no ephemeris 2026/07/09 06:00:00.869 sat=108
3 prec ephem outage 2026/07/09 06:00:01 sat=114
3 no ephemeris 2026/07/09 06:00:00.880 sat=114
3 estpos  : n=34
3 resprng : n=34
3 resprng : n=34
3 resprng : n=34
3 resprng : n=34
3 valsol  : n=34 nv=16
3 pntpos  : tobs=2026/07/09 06:00:02.000 n=33
3 satposs : teph=2026/07/09 06:00:02.000 n=33 ephopt=1
3 prec ephem outage 2026/07/09 06:00:02 sat=45
3 no ephemeris 2026/07/09 06:00:01.922 sat=45
3 no pseudorange 2026/07/09 06:00:02.000 sat=70
3 prec ephem outage 2026/07/09 06:00:02 sat=107
3 no ephemeris 2026/07/09 06:00:01.871 sat=107
3 prec ephem outage 2026/07/09 06:00:02 sat=108
3 no ephemeris 2026/07/09 06:00:01.869 sat=108
3 prec ephem outage 2026/07/09 06:00:02 sat=114
3 no ephemeris 2026/07/09 06:00:01.880 sat=114
3 estpos  : n=33
3 resprng : n=33
3 resprng : n=33
3 resprng : n=33
3 resprng : n=33
3 valsol  : n=33 nv=16
3 pntpos  : tobs=2026/07/09 06:00:03.000 n=35
3 satposs : teph=2026/07/09 06:00:03.000 n=35 ephopt=1
3 prec ephem outage 2026/07/09 06:00:03 sat=45
3 no ephemeris 2026/07/09 06:00:02.922 sat=45
3 no pseudorange 2026/07/09 06:00:03.000 sat=46
3 no pseudorange 2026/07/09 06:00:03.000 sat=70
3 prec ephem outage 2026/07/09 06:00:03 sat=107
3 no ephemeris 2026/07/09 06:00:02.871 sat=107
3 prec ephem outage 2026/07/09 06:00:03 sat=108
3 no ephemeris 2026/07/09 06:00:02.869 sat=108
3 prec ephem outage 2026/07/09 06:00:03 sat=114
3 no ephemeris 2026/07/09 06:00:02.880 sat=114
3 estpos  : n=35
3 resprng : n=35
3 resprng : n=35
3 resprng : n=35
3 resprng : n=35
3 valsol  : n=35 nv=15
3 pntpos  : tobs=2026/07/09 06:00:04.000 n=33
3 satposs : teph=2026/07/09 06:00:04.000 n=33 ephopt=1
3 no pseudorange 2026/07/09 06:00:04.000 sat=70
3 prec ephem outage 2026/07/09 06:00:04 sat=107
3 no ephemeris 2026/07/09 06:00:03.871 sat=107
3 prec ephem outage 2026/07/09 06:00:04 sat=108
3 no ephemeris 2026/07/09 06:00:03.869 sat=108
3 prec ephem outage 2026/07/09 06:00:04 sat=114
3 no ephemeris 2026/07/09 06:00:03.880 sat=114
3 estpos  : n=33
3 resprng : n=33
3 resprng : n=33
3 resprng : n=33
3 resprng : n=33
3 valsol  : n=33 nv=16
3 pntpos  : tobs=2026/07/09 06:00:05.000 n=33
3 satposs : teph=2026/07/09 06:00:05.000 n=33 ephopt=1
3 prec ephem outage 2026/07/09 06:00:05 sat=45
3 no ephemeris 2026/07/09 06:00:04.922 sat=45
3 no pseudorange 2026/07/09 06:00:05.000 sat=70
3 prec ephem outage 2026/07/09 06:00:05 sat=107
3 no ephemeris 2026/07/09 06:00:04.871 sat=107
3 prec ephem outage 2026/07/09 06:00:05 sat=108
3 no ephemeris 2026/07/09 06:00:04.869 sat=108
3 prec ephem outage 2026/07/09 06:00:05 sat=114
3 no ephemeris 2026/07/09 06:00:04.880 sat=114
3 estpos  : n=33
3 resprng : n=33
3 resprng : n=33
3 resprng : n=33
3 resprng : n=33
3 valsol  : n=33 nv=16
3 pntpos  : tobs=2026/07/09 06:00:06.000 n=34
3 satposs : teph=2026/07/09 06:00:06.000 n=34 ephopt=1
3 prec ephem outage 2026/07/09 06:00:06 sat=45
3 no ephemeris 2026/07/09 06:00:05.922 sat=45
3 no pseudorange 2026/07/09 06:00:06.000 sat=46
3 no pseudorange 2026/07/09 06:00:06.000 sat=70
3 prec ephem outage 2026/07/09 06:00:06 sat=108
3 no ephemeris 2026/07/09 06:00:05.869 sat=108
3 prec ephem outage 2026/07/09 06:00:06 sat=114
3 no ephemeris 2026/07/09 06:00:05.880 sat=114
3 estpos  : n=34
3 resprng : n=34
3 resprng : n=34
3 resprng : n=34
3 resprng : n=34
3 valsol  : n=34 nv=15
3 pntpos  : tobs=2026/07/09 06:00:07.000 n=30
3 satposs : teph=2026/07/09 06:00:07.000 n=30 ephopt=1
3 prec ephem outage 2026/07/09 06:00:07 sat=107
3 no ephemeris 2026/07/09 06:00:06.871 sat=107
3 prec ephem outage 2026/07/09 06:00:07 sat=108
3 no ephemeris 2026/07/09 06:00:06.869 sat=108
3 prec ephem outage 2026/07/09 06:00:07 sat=114
3 no ephemeris 2026/07/09 06:00:06.880 sat=114
3 estpos  : n=30
3 resprng : n=30
3 resprng : n=30
3 resprng : n=30
3 resprng : n=30
3 valsol  : n=30 nv=15
3 pntpos  : tobs=2026/07/09 06:00:08.000 n=33
3 satposs : teph=2026/07/09 06:00:08.000 n=33 ephopt=1
3 no pseudorange 2026/07/09 06:00:08.000 sat=70
3 prec ephem outage 2026/07/09 06:00:08 sat=107
3 no ephemeris 2026/07/09 06:00:07.871 sat=107
3 prec ephem outage 2026/07/09 06:00:08 sat=108
3 no ephemeris 2026/07/09 06:00:07.869 sat=108
3 prec ephem outage 2026/07/09 06:00:08 sat=114
3 no ephemeris 2026/07/09 06:00:07.880 sat=114
3 estpos  : n=33
3 resprng : n=33
3 resprng : n=33
3 resprng : n=33
3 resprng : n=33
3 valsol  : n=33 nv=16
3 pntpos  : tobs=2026/07/09 06:00:09.000 n=32
3 satposs : teph=2026/07/09 06:00:09.000 n=32 ephopt=1
3 no pseudorange 2026/07/09 06:00:09.000 sat=70
3 prec ephem outage 2026/07/09 06:00:09 sat=107
3 no ephemeris 2026/07/09 06:00:08.871 sat=107
3 prec ephem outage 2026/07/09 06:00:09 sat=108
3 no ephemeris 2026/07/09 06:00:08.869 sat=108
3 prec ephem outage 2026/07/09 06:00:09 sat=114
3 no ephemeris 2026/07/09 06:00:08.880 sat=114
3 estpos  : n=32
3 resprng : n=32
3 resprng : n=32
3 resprng : n=32
3 resprng : n=32
3 valsol  : n=32 nv=15
3 pntpos  : tobs=2026/07/09 06:00:10.000 n=32
3 satposs : teph=2026/07/09 06:00:10.000 n=32 ephopt=1
3 no pseudorange 2026/07/09 06:00:10.000 sat=70
3 prec ephem outage 2026/07/09 06:00:10 sat=107
3 no ephemeris 2026/07/09 06:00:09.871 sat=107
3 prec ephem outage 2026/07/09 06:00:10 sat=108
3 no ephemeris 2026/07/09 06:00:09.869 sat=108
3 prec ephem outage 2026/07/09 06:00:10 sat=114
3 no ephemeris 2026/07/09 06:00:09.880 sat=114
3 estpos  : n=32
3 resprng : n=32
3 resprng : n=32
3 resprng : n=32
3 resprng : n=32
3 valsol  : n=32 nv=16
3 pntpos  : tobs=2026/07/09 06:00:11.000 n=32
3 satposs : teph=2026/07/09 06:00:11.000 n=32 ephopt=1
3 no pseudorange 2026/07/09 06:00:11.000 sat=46
3 prec ephem outage 2026/07/09 06:00:11 sat=107
3 no ephemeris 2026/07/09 06:00:10.871 sat=107
3 prec ephem outage 2026/07/09 06:00:11 sat=108
3 no ephemeris 2026/07/09 06:00:10.869 sat=108
3 prec ephem outage 2026/07/09 06:00:11 sat=114
3 no ephemeris 2026/07/09 06:00:10.880 sat=114
3 estpos  : n=32
3 resprng : n=32
3 resprng : n=32
3 resprng : n=32
3 resprng : n=32
3 valsol  : n=32 nv=15
3 pntpos  : tobs=2026/07/09 06:00:12.000 n=33
3 satposs : teph=2026/07/09 06:00:12.000 n=33 ephopt=1
3 no pseudorange 2026/07/09 06:00:12.000 sat=46
3 no pseudorange 2026/07/09 06:00:12.000 sat=70
3 prec ephem outage 2026/07/09 06:00:12 sat=107
3 no ephemeris 2026/07/09 06:00:11.871 sat=107
3 prec ephem outage 2026/07/09 06:00:12 sat=108
3 no ephemeris 2026/07/09 06:00:11.869 sat=108
3 prec ephem outage 2026/07/09 06:00:12 sat=114
3 no ephemeris 2026/07/09 06:00:11.880 sat=114
3 estpos  : n=33
3 resprng : n=33
3 resprng : n=33
3 resprng : n=33
3 resprng : n=33
3 valsol  : n=33 nv=15
3 pntpos  : tobs=2026/07/09 06:00:13.000 n=31
3 satposs : teph=2026/07/09 06:00:13.000 n=31 ephopt=1
3 no pseudorange 2026/07/09 06:00:13.000 sat=70
3 prec ephem outage 2026/07/09 06:00:13 sat=107
3 no ephemeris 2026/07/09 06:00:12.871 sat=107
3 prec ephem outage 2026/07/09 06:00:13 sat=108
3 no ephemeris 2026/07/09 06:00:12.869 sat=108
3 prec ephem outage 2026/07/09 06:00:13 sat=114
3 no ephemeris 2026/07/09 06:00:12.880 sat=114
3 estpos  : n=31
3 resprng : n=31
3 resprng : n=31
3 resprng : n=31
3 resprng : n=31
3 valsol  : n=31 nv=16
3 pntpos  : tobs=2026/07/09 06:00:14.000 n=33
3 satposs : teph=2026/07/09 06:00:14.000 n=33 ephopt=1
3 no pseudorange 2026/07/09 06:00:14.000 sat=46
3 no pseudorange 2026/07/09 06:00:14.000 sat=70
3 prec ephem outage 2026/07/09 06:00:14 sat=107
3 no ephemeris 2026/07/09 06:00:13.871 sat=107
3 prec ephem outage 2026/07/09 06:00:14 sat=108
3 no ephemeris 2026/07/09 06:00:13.869 sat=108
3 prec ephem outage 2026/07/09 06:00:14 sat=114
3 no ephemeris 2026/07/09 06:00:13.880 sat=114
3 estpos  : n=33
3 resprng : n=33
3 resprng : n=33
3 resprng : n=33
3 resprng : n=33
3 valsol  : n=33 nv=16
3 pntpos  : tobs=2026/07/09 06:00:15.000 n=29
3 satposs : teph=2026/07/09 06:00:15.000 n=29 ephopt=1
3 no pseudorange 2026/07/09 06:00:15.000 sat=46
3 prec ephem outage 2026/07/09 06:00:15 sat=107
3 no ephemeris 2026/07/09 06:00:14.871 sat=107
3 prec ephem outage 2026/07/09 06:00:15 sat=108
3 no ephemeris 2026/07/09 06:00:14.869 sat=108
3 prec ephem outage 2026/07/09 06:00:15 sat=114
3 no ephemeris 2026/07/09 06:00:14.880 sat=114
3 estpos  : n=29
3 resprng : n=29
3 resprng : n=29
3 resprng : n=29
3 resprng : n=29
3 valsol  : n=29 nv=15
3 pntpos  : tobs=2026/07/09 06:00:16.000 n=30
3 satposs : teph=2026/07/09 06:00:16.000 n=30 ephopt=1
3 no pseudorange 2026/07/09 06:00:16.000 sat=46
3 no pseudorange 2026/07/09 06:00:16.000 sat=70
3 prec ephem outage 2026/07/09 06:00:16 sat=107
3 no ephemeris 2026/07/09 06:00:15.871 sat=107
3 prec ephem outage 2026/07/09 06:00:16 sat=108
3 no ephemeris 2026/07/09 06:00:15.869 sat=108
3 prec ephem outage 2026/07/09 06:00:16 sat=114
3 no ephemeris 2026/07/09 06:00:15.880 sat=114
3 estpos  : n=30
3 resprng : n=30
3 resprng : n=30
3 resprng : n=30
3 resprng : n=30
3 valsol  : n=30 nv=15
3 pntpos  : tobs=2026/07/09 06:00:17.000 n=30
3 satposs : teph=2026/07/09 06:00:17.000 n=30 ephopt=1
3 no pseudorange 2026/07/09 06:00:17.000 sat=70
3 prec ephem outage 2026/07/09 06:00:17 sat=107
3 no ephemeris 2026/07/09 06:00:16.871 sat=107
3 prec ephem outage 2026/07/09 06:00:17 sat=108
3 no ephemeris 2026/07/09 06:00:16.869 sat=108
3 prec ephem outage 2026/07/09 06:00:17 sat=114
3 no ephemeris 2026/07/09 06:00:16.880 sat=114
3 estpos  : n=30
3 resprng : n=30
3 resprng : n=30
3 resprng : n=30
3 resprng : n=30
3 valsol  : n=30 nv=14
3 pntpos  : tobs=2026/07/09 06:00:18.000 n=31
3 satposs : teph=2026/07/09 06:00:18.000 n=31 ephopt=1
3 prec ephem outage 2026/07/09 06:00:18 sat=107
3 no ephemeris 2026/07/09 06:00:17.871 sat=107
3 prec ephem outage 2026/07/09 06:00:18 sat=108
3 no ephemeris 2026/07/09 06:00:17.869 sat=108
3 prec ephem outage 2026/07/09 06:00:18 sat=114
3 no ephemeris 2026/07/09 06:00:17.880 sat=114
3 estpos  : n=31
3 resprng : n=31
3 resprng : n=31
3 resprng : n=31
3 resprng : n=31
3 valsol  : n=31 nv=16
3 pntpos  : tobs=2026/07/09 06:00:19.000 n=32
3 satposs : teph=2026/07/09 06:00:19.000 n=32 ephopt=1
3 no pseudorange 2026/07/09 06:00:19.000 sat=46
3 no pseudorange 2026/07/09 06:00:19.000 sat=70
3 prec ephem outage 2026/07/09 06:00:19 sat=107
3 no ephemeris 2026/07/09 06:00:18.871 sat=107
3 prec ephem outage 2026/07/09 06:00:19 sat=108
3 no ephemeris 2026/07/09 06:00:18.869 sat=108
3 prec ephem outage 2026/07/09 06:00:19 sat=114
3 no ephemeris 2026/07/09 06:00:18.880 sat=114
3 estpos  : n=32
3 resprng : n=32
3 resprng : n=32
3 resprng : n=32
3 resprng : n=32
3 valsol  : n=32 nv=16
3 pntpos  : tobs=2026/07/09 06:00:20.000 n=31
3 satposs : teph=2026/07/09 06:00:20.000 n=31 ephopt=1
3 no pseudorange 2026/07/09 06:00:20.000 sat=70
3 prec ephem outage 2026/07/09 06:00:20 sat=107
3 no ephemeris 2026/07/09 06:00:19.871 sat=107
3 prec ephem outage 2026/07/09 06:00:20 sat=108
3 no ephemeris 2026/07/09 06:00:19.869 sat=108
3 prec ephem outage 2026/07/09 06:00:20 sat=114
3 no ephemeris 2026/07/09 06:00:19.880 sat=114
3 estpos  : n=31
3 resprng : n=31
3 resprng : n=31
3 resprng : n=31
3 resprng : n=31
3 valsol  : n=31 nv=15
3 pntpos  : tobs=2026/07/09 06:00:21.000 n=32
3 satposs : teph=2026/07/09 06:00:21.000 n=32 ephopt=1
3 no pseudorange 2026/07/09 06:00:21.000 sat=46
3 no pseudorange 2026/07/09 06:00:21.000 sat=70
3 prec ephem outage 2026/07/09 06:00:21 sat=107
3 no ephemeris 2026/07/09 06:00:20.871 sat=107
3 prec ephem outage 2026/07/09 06:00:21 sat=108
3 no ephemeris 2026/07/09 06:00:20.869 sat=108
3 prec ephem outage 2026/07/09 06:00:21 sat=114
3 no ephemeris 2026/07/09 06:00:20.880 sat=114
3 estpos  : n=32
3 resprng : n=32
3 resprng : n=32
3 resprng : n=32
3 resprng : n=32
3 valsol  : n=32 nv=16
3 pntpos  : tobs=2026/07/09 06:00:22.000 n=28
3 satposs : teph=2026/07/09 06:00:22.000 n=28 ephopt=1
3 prec ephem outage 2026/07/09 06:00:22 sat=107
3 no ephemeris 2026/07/09 06:00:21.871 sat=107
3 prec ephem outage 2026/07/09 06:00:22 sat=108
3 no ephemeris 2026/07/09 06:00:21.869 sat=108
3 prec ephem outage 2026/07/09 06:00:22 sat=114
3 no ephemeris 2026/07/09 06:00:21.880 sat=114
3 estpos  : n=28
3 resprng : n=28
3 resprng : n=28
3 resprng : n=28
3 resprng : n=28
3 valsol  : n=28 nv=15
3 pntpos  : tobs=2026/07/09 06:00:23.000 n=29
3 satposs : teph=2026/07/09 06:00:23.000 n=29 ephopt=1
3 prec ephem outage 2026/07/09 06:00:23 sat=107
3 no ephemeris 2026/07/09 06:00:22.871 sat=107
3 prec ephem outage 2026/07/09 06:00:23 sat=108
3 no ephemeris 2026/07/09 06:00:22.869 sat=108
3 prec ephem outage 2026/07/09 06:00:23 sat=114
3 no ephemeris 2026/07/09 06:00:22.880 sat=114
3 estpos  : n=29
3 resprng : n=29
3 resprng : n=29
3 resprng : n=29
3 resprng : n=29
3 valsol  : n=29 nv=15
3 pntpos  : tobs=2026/07/09 06:00:24.000 n=31
3 satposs : teph=2026/07/09 06:00:24.000 n=31 ephopt=1
3 no pseudorange 2026/07/09 06:00:24.000 sat=46
3 no pseudorange 2026/07/09 06:00:24.000 sat=70
3 prec ephem outage 2026/07/09 06:00:24 sat=107
3 no ephemeris 2026/07/09 06:00:23.871 sat=107
3 prec ephem outage 2026/07/09 06:00:24 sat=108
3 no ephemeris 2026/07/09 06:00:23.869 sat=108
3 prec ephem outage 2026/07/09 06:00:24 sat=114
3 no ephemeris 2026/07/09 06:00:23.880 sat=114
3 estpos  : n=31
3 resprng : n=31
3 resprng : n=31
3 resprng : n=31
3 resprng : n=31
3 valsol  : n=31 nv=15
3 pntpos  : tobs=2026/07/09 06:00:25.000 n=29
3 satposs : teph=2026/07/09 06:00:25.000 n=29 ephopt=1
3 no pseudorange 2026/07/09 06:00:25.000 sat=46
3 no pseudorange 2026/07/09 06:00:25.000 sat=70
3 prec ephem outage 2026/07/09 06:00:25 sat=107
3 no ephemeris 2026/07/09 06:00:24.871 sat=107
3 prec ephem outage 2026/07/09 06:00:25 sat=108
3 no ephemeris 2026/07/09 06:00:24.869 sat=108
3 prec ephem outage 2026/07/09 06:00:25 sat=114
3 no ephemeris 2026/07/09 06:00:24.880 sat=114
3 estpos  : n=29
3 resprng : n=29
3 resprng : n=29
3 resprng : n=29
3 resprng : n=29
3 valsol  : n=29 nv=14
3 pntpos  : tobs=2026/07/09 06:00:26.000 n=29
3 satposs : teph=2026/07/09 06:00:26.000 n=29 ephopt=1
3 no pseudorange 2026/07/09 06:00:26.000 sat=46
3 no pseudorange 2026/07/09 06:00:26.000 sat=70
3 prec ephem outage 2026/07/09 06:00:26 sat=107
3 no ephemeris 2026/07/09 06:00:25.871 sat=107
3 prec ephem outage 2026/07/09 06:00:26 sat=108
3 no ephemeris 2026/07/09 06:00:25.869 sat=108
3 prec ephem outage 2026/07/09 06:00:26 sat=114
3 no ephemeris 2026/07/09 06:00:25.880 sat=114
3 estpos  : n=29
3 resprng : n=29
3 resprng : n=29
3 resprng : n=29
3 resprng : n=29
3 valsol  : n=29 nv=14
3 pntpos  : tobs=2026/07/09 06:00:27.000 n=27
3 satposs : teph=2026/07/09 06:00:27.000 n=27 ephopt=1
3 prec ephem outage 2026/07/09 06:00:27 sat=107
3 no ephemeris 2026/07/09 06:00:26.871 sat=107
3 prec ephem outage 2026/07/09 06:00:27 sat=108
3 no ephemeris 2026/07/09 06:00:26.869 sat=108
3 prec ephem outage 2026/07/09 06:00:27 sat=114
3 no ephemeris 2026/07/09 06:00:26.880 sat=114
3 estpos  : n=27
3 resprng : n=27
3 resprng : n=27
3 resprng : n=27
3 resprng : n=27
3 valsol  : n=27 nv=14
3 pntpos  : tobs=2026/07/09 06:00:28.000 n=30
3 satposs : teph=2026/07/09 06:00:28.000 n=30 ephopt=1
3 no pseudorange 2026/07/09 06:00:28.000 sat=46
3 no pseudorange 2026/07/09 06:00:28.000 sat=70
3 prec ephem outage 2026/07/09 06:00:28 sat=107
3 no ephemeris 2026/07/09 06:00:27.871 sat=107
3 prec ephem outage 2026/07/09 06:00:28 sat=108
3 no ephemeris 2026/07/09 06:00:27.869 sat=108
3 prec ephem outage 2026/07/09 06:00:28 sat=114
3 no ephemeris 2026/07/09 06:00:27.880 sat=114
3 estpos  : n=30
3 resprng : n=30
3 resprng : n=30
3 resprng : n=30
3 resprng : n=30
3 valsol  : n=30 nv=14
3 pntpos  : tobs=2026/07/09 06:00:29.000 n=29
3 satposs : teph=2026/07/09 06:00:29.000 n=29 ephopt=1
3 no pseudorange 2026/07/09 06:00:29.000 sat=70
3 prec ephem outage 2026/07/09 06:00:29 sat=107
3 no ephemeris 2026/07/09 06:00:28.871 sat=107
3 prec ephem outage 2026/07/09 06:00:29 sat=108
3 no ephemeris 2026/07/09 06:00:28.869 sat=108
3 prec ephem outage 2026/07/09 06:00:29 sat=114
3 no ephemeris 2026/07/09 06:00:28.880 sat=114
3 estpos  : n=29
3 resprng : n=29
3 resprng : n=29
3 resprng : n=29
3 resprng : n=29
3 valsol  : n=29 nv=14
3 pntpos  : tobs=2026/07/09 06:00:30.000 n=29
3 satposs : teph=2026/07/09 06:00:30.000 n=29 ephopt=1
3 no pseudorange 2026/07/09 06:00:30.000 sat=46
3 no pseudorange 2026/07/09 06:00:30.000 sat=70
3 prec ephem outage 2026/07/09 06:00:30 sat=107
3 no ephemeris 2026/07/09 06:00:29.871 sat=107
3 prec ephem outage 2026/07/09 06:00:30 sat=108
3 no ephemeris 2026/07/09 06:00:29.869 sat=108
3 prec ephem outage 2026/07/09 06:00:30 sat=114
3 no ephemeris 2026/07/09 06:00:29.880 sat=114
3 estpos  : n=29
3 resprng : n=29
3 resprng : n=29
3 resprng : n=29
3 resprng : n=29
3 valsol  : n=29 nv=14
3 pntpos  : tobs=2026/07/09 06:00:31.000 n=29
3 satposs : teph=2026/07/09 06:00:31.000 n=29 ephopt=1
3 no pseudorange 2026/07/09 06:00:31.000 sat=61
3 no pseudorange 2026/07/09 06:00:31.000 sat=70
3 prec ephem outage 2026/07/09 06:00:31 sat=107
3 no ephemeris 2026/07/09 06:00:30.871 sat=107
3 prec ephem outage 2026/07/09 06:00:31 sat=108
3 no ephemeris 2026/07/09 06:00:30.869 sat=108
3 prec ephem outage 2026/07/09 06:00:31 sat=114
3 no ephemeris 2026/07/09 06:00:30.880 sat=114
3 estpos  : n=29
3 resprng : n=29
3 resprng : n=29
3 resprng : n=29
3 resprng : n=29
3 valsol  : n=29 nv=15
3 pntpos  : tobs=2026/07/09 06:00:32.000 n=30
3 satposs : teph=2026/07/09 06:00:32.000 n=30 ephopt=1
3 no pseudorange 2026/07/09 06:00:32.000 sat=46
3 no pseudorange 2026/07/09 06:00:32.000 sat=61
3 prec ephem outage 2026/07/09 06:00:32 sat=107
3 no ephemeris 2026/07/09 06:00:31.871 sat=107
3 prec ephem outage 2026/07/09 06:00:32 sat=108
3 no ephemeris 2026/07/09 06:00:31.869 sat=108
3 prec ephem outage 2026/07/09 06:00:32 sat=114
3 no ephemeris 2026/07/09 06:00:31.880 sat=114
3 estpos  : n=30
3 resprng : n=30
3 resprng : n=30
3 resprng : n=30
3 resprng : n=30
3 valsol  : n=30 nv=15
3 pntpos  : tobs=2026/07/09 06:00:33.000 n=30
3 satposs : teph=2026/07/09 06:00:33.000 n=30 ephopt=1
3 prec ephem outage 2026/07/09 06:00:33 sat=45
3 no ephemeris 2026/07/09 06:00:32.922 sat=45
3 no pseudorange 2026/07/09 06:00:33.000 sat=61
3 no pseudorange 2026/07/09 06:00:33.000 sat=70
3 prec ephem outage 2026/07/09 06:00:33 sat=108
3 no ephemeris 2026/07/09 06:00:32.869 sat=108
3 prec ephem outage 2026/07/09 06:00:33 sat=114
3 no ephemeris 2026/07/09 06:00:32.880 sat=114
3 estpos  : n=30
3 resprng : n=30
3 resprng : n=30
3 resprng : n=30
3 resprng : n=30
3 valsol  : n=30 nv=15
3 pntpos  : tobs=2026/07/09 06:00:34.000 n=33
3 satposs : teph=2026/07/09 06:00:34.000 n=33 ephopt=1
3 prec ephem outage 2026/07/09 06:00:34 sat=45
3 no ephemeris 2026/07/09 06:00:33.922 sat=45
3 no pseudorange 2026/07/09 06:00:34.000 sat=46
3 no pseudorange 2026/07/09 06:00:34.000 sat=61
3 no pseudorange 2026/07/09 06:00:34.000 sat=70
3 prec ephem outage 2026/07/09 06:00:34 sat=107
3 no ephemeris 2026/07/09 06:00:33.871 sat=107
3 prec ephem outage 2026/07/09 06:00:34 sat=108
3 no ephemeris 2026/07/09 06:00:33.869 sat=108
3 prec ephem outage 2026/07/09 06:00:34 sat=114
3 no ephemeris 2026/07/09 06:00:33.880 sat=114
3 estpos  : n=33
3 resprng : n=33
3 resprng : n=33
3 resprng : n=33
3 resprng : n=33
3 valsol  : n=33 nv=15
3 pntpos  : tobs=2026/07/09 06:00:35.000 n=30
3 satposs : teph=2026/07/09 06:00:35.000 n=30 ephopt=1
3 prec ephem outage 2026/07/09 06:00:35 sat=45
3 no ephemeris 2026/07/09 06:00:34.922 sat=45
3 no pseudorange 2026/07/09 06:00:35.000 sat=61
3 no pseudorange 2026/07/09 06:00:35.000 sat=70
3 prec ephem outage 2026/07/09 06:00:35 sat=107
3 no ephemeris 2026/07/09 06:00:34.871 sat=107
3 prec ephem outage 2026/07/09 06:00:35 sat=108
3 no ephemeris 2026/07/09 06:00:34.869 sat=108
3 prec ephem outage 2026/07/09 06:00:35 sat=114
3 no ephemeris 2026/07/09 06:00:34.880 sat=114
3 estpos  : n=30
3 resprng : n=30
3 resprng : n=30
3 resprng : n=30
3 resprng : n=30
3 valsol  : n=30 nv=15
3 pntpos  : tobs=2026/07/09 06:00:36.000 n=32
3 satposs : teph=2026/07/09 06:00:36.000 n=32 ephopt=1
3 prec ephem outage 2026/07/09 06:00:36 sat=45
3 no ephemeris 2026/07/09 06:00:35.922 sat=45
3 no pseudorange 2026/07/09 06:00:36.000 sat=46
3 no pseudorange 2026/07/09 06:00:36.000 sat=61
3 no pseudorange 2026/07/09 06:00:36.000 sat=70
3 prec ephem outage 2026/07/09 06:00:36 sat=107
3 no ephemeris 2026/07/09 06:00:35.871 sat=107
3 prec ephem outage 2026/07/09 06:00:36 sat=108
3 no ephemeris 2026/07/09 06:00:35.869 sat=108
3 prec ephem outage 2026/07/09 06:00:36 sat=114
3 no ephemeris 2026/07/09 06:00:35.880 sat=114
3 estpos  : n=32
3 resprng : n=32
3 resprng : n=32
3 resprng : n=32
3 resprng : n=32
3 valsol  : n=32 nv=15
3 pntpos  : tobs=2026/07/09 06:00:37.000 n=31
3 satposs : teph=2026/07/09 06:00:37.000 n=31 ephopt=1
3 no pseudorange 2026/07/09 06:00:37.000 sat=46
3 no pseudorange 2026/07/09 06:00:37.000 sat=61
3 no pseudorange 2026/07/09 06:00:37.000 sat=70
3 prec ephem outage 2026/07/09 06:00:37 sat=107
3 no ephemeris 2026/07/09 06:00:36.871 sat=107
3 prec ephem outage 2026/07/09 06:00:37 sat=108
3 no ephemeris 2026/07/09 06:00:36.869 sat=108
3 prec ephem outage 2026/07/09 06:00:37 sat=114
3 no ephemeris 2026/07/09 06:00:36.880 sat=114
3 estpos  : n=31
3 resprng : n=31
3 resprng : n=31
3 resprng : n=31
3 resprng : n=31
3 valsol  : n=31 nv=15
3 pntpos  : tobs=2026/07/09 06:00:38.000 n=33
3 satposs : teph=2026/07/09 06:00:38.000 n=33 ephopt=1
3 prec ephem outage 2026/07/09 06:00:38 sat=45
3 no ephemeris 2026/07/09 06:00:37.922 sat=45
3 no pseudorange 2026/07/09 06:00:38.000 sat=70
3 prec ephem outage 2026/07/09 06:00:38 sat=107
3 no ephemeris 2026/07/09 06:00:37.871 sat=107
3 prec ephem outage 2026/07/09 06:00:38 sat=108
3 no ephemeris 2026/07/09 06:00:37.869 sat=108
3 prec ephem outage 2026/07/09 06:00:38 sat=114
3 no ephemeris 2026/07/09 06:00:37.880 sat=114
3 estpos  : n=33
3 resprng : n=33
3 resprng : n=33
3 resprng : n=33
3 resprng : n=33
3 valsol  : n=33 nv=15
3 pntpos  : tobs=2026/07/09 06:00:39.000 n=31
3 satposs : teph=2026/07/09 06:00:39.000 n=31 ephopt=1
3 no pseudorange 2026/07/09 06:00:39.000 sat=61
3 no pseudorange 2026/07/09 06:00:39.000 sat=70
3 prec ephem outage 2026/07/09 06:00:39 sat=107
3 no ephemeris 2026/07/09 06:00:38.871 sat=107
3 prec ephem outage 2026/07/09 06:00:39 sat=108
3 no ephemeris 2026/07/09 06:00:38.869 sat=108
3 prec ephem outage 2026/07/09 06:00:39 sat=114
3 no ephemeris 2026/07/09 06:00:38.880 sat=114
3 estpos  : n=31
3 resprng : n=31
3 resprng : n=31
3 resprng : n=31
3 resprng : n=31
3 valsol  : n=31 nv=15
3 pntpos  : tobs=2026/07/09 06:00:40.000 n=32
3 satposs : teph=2026/07/09 06:00:40.000 n=32 ephopt=1
3 no pseudorange 2026/07/09 06:00:40.000 sat=61
3 no pseudorange 2026/07/09 06:00:40.000 sat=70
3 prec ephem outage 2026/07/09 06:00:40 sat=107
3 no ephemeris 2026/07/09 06:00:39.871 sat=107
3 prec ephem outage 2026/07/09 06:00:40 sat=108
3 no ephemeris 2026/07/09 06:00:39.869 sat=108
3 prec ephem outage 2026/07/09 06:00:40 sat=114
3 no ephemeris 2026/07/09 06:00:39.880 sat=114
3 estpos  : n=32
3 resprng : n=32
3 resprng : n=32
3 resprng : n=32
3 resprng : n=32
3 valsol  : n=32 nv=15
3 pntpos  : tobs=2026/07/09 06:00:41.000 n=31
3 satposs : teph=2026/07/09 06:00:41.000 n=31 ephopt=1
3 no pseudorange 2026/07/09 06:00:41.000 sat=70
3 prec ephem outage 2026/07/09 06:00:41 sat=107
3 no ephemeris 2026/07/09 06:00:40.871 sat=107
3 prec ephem outage 2026/07/09 06:00:41 sat=108
3 no ephemeris 2026/07/09 06:00:40.869 sat=108
3 prec ephem outage 2026/07/09 06:00:41 sat=114
3 no ephemeris 2026/07/09 06:00:40.880 sat=114
3 estpos  : n=31
3 resprng : n=31
3 resprng : n=31
3 resprng : n=31
3 resprng : n=31
3 valsol  : n=31 nv=15
3 pntpos  : tobs=2026/07/09 06:00:42.000 n=32
3 satposs : teph=2026/07/09 06:00:42.000 n=32 ephopt=1
3 no pseudorange 2026/07/09 06:00:42.000 sat=46
3 no pseudorange 2026/07/09 06:00:42.000 sat=70
3 prec ephem outage 2026/07/09 06:00:42 sat=107
3 no ephemeris 2026/07/09 06:00:41.871 sat=107
3 prec ephem outage 2026/07/09 06:00:42 sat=108
3 no ephemeris 2026/07/09 06:00:41.869 sat=108
3 prec ephem outage 2026/07/09 06:00:42 sat=114
3 no ephemeris 2026/07/09 06:00:41.880 sat=114
3 estpos  : n=32
3 resprng : n=32
3 resprng : n=32
3 resprng : n=32
3 resprng : n=32
3 valsol  : n=32 nv=15
3 pntpos  : tobs=2026/07/09 06:00:43.000 n=30
3 satposs : teph=2026/07/09 06:00:43.000 n=30 ephopt=1
3 prec ephem outage 2026/07/09 06:00:43 sat=45
3 no ephemeris 2026/07/09 06:00:42.922 sat=45
3 prec ephem outage 2026/07/09 06:00:43 sat=107
3 no ephemeris 2026/07/09 06:00:42.871 sat=107
3 prec ephem outage 2026/07/09 06:00:43 sat=108
3 no ephemeris 2026/07/09 06:00:42.869 sat=108
3 prec ephem outage 2026/07/09 06:00:43 sat=114
3 no ephemeris 2026/07/09 06:00:42.880 sat=114
3 estpos  : n=30
3 resprng : n=30
3 resprng : n=30
3 resprng : n=30
3 resprng : n=30
3 valsol  : n=30 nv=15
3 pntpos  : tobs=2026/07/09 06:00:44.000 n=30
3 satposs : teph=2026/07/09 06:00:44.000 n=30 ephopt=1
3 no pseudorange 2026/07/09 06:00:44.000 sat=70
3 prec ephem outage 2026/07/09 06:00:44 sat=107
3 no ephemeris 2026/07/09 06:00:43.871 sat=107
3 prec ephem outage 2026/07/09 06:00:44 sat=108
3 no ephemeris 2026/07/09 06:00:43.869 sat=108
3 prec ephem outage 2026/07/09 06:00:44 sat=114
3 no ephemeris 2026/07/09 06:00:43.880 sat=114
3 estpos  : n=30
3 resprng : n=30
3 resprng : n=30
3 resprng : n=30
3 resprng : n=30
3 valsol  : n=30 nv=15
3 pntpos  : tobs=2026/07/09 06:00:45.000 n=32
3 satposs : teph=2026/07/09 06:00:45.000 n=32 ephopt=1
3 no pseudorange 2026/07/09 06:00:45.000 sat=46
3 no pseudorange 2026/07/09 06:00:45.000 sat=70
3 prec ephem outage 2026/07/09 06:00:45 sat=107
3 no ephemeris 2026/07/09 06:00:44.871 sat=107
3 prec ephem outage 2026/07/09 06:00:45 sat=108
3 no ephemeris 2026/07/09 06:00:44.869 sat=108
3 prec ephem outage 2026/07/09 06:00:45 sat=114
3 no ephemeris 2026/07/09 06:00:44.880 sat=114
3 estpos  : n=32
3 resprng : n=32
3 resprng : n=32
3 resprng : n=32
3 resprng : n=32
3 valsol  : n=32 nv=15
3 pntpos  : tobs=2026/07/09 06:00:46.000 n=31
3 satposs : teph=2026/07/09 06:00:46.000 n=31 ephopt=1
3 no pseudorange 2026/07/09 06:00:46.000 sat=70
3 prec ephem outage 2026/07/09 06:00:46 sat=107
3 no ephemeris 2026/07/09 06:00:45.871 sat=107
3 prec ephem outage 2026/07/09 06:00:46 sat=108
3 no ephemeris 2026/07/09 06:00:45.869 sat=108
3 prec ephem outage 2026/07/09 06:00:46 sat=114
3 no ephemeris 2026/07/09 06:00:45.880 sat=114
3 estpos  : n=31
3 resprng : n=31
3 resprng : n=31
3 resprng : n=31
3 resprng : n=31
3 valsol  : n=31 nv=15
3 pntpos  : tobs=2026/07/09 06:00:47.000 n=29
3 satposs : teph=2026/07/09 06:00:47.000 n=29 ephopt=1
3 no pseudorange 2026/07/09 06:00:47.000 sat=70
3 prec ephem outage 2026/07/09 06:00:47 sat=107
3 no ephemeris 2026/07/09 06:00:46.871 sat=107
3 prec ephem outage 2026/07/09 06:00:47 sat=108
3 no ephemeris 2026/07/09 06:00:46.869 sat=108
3 prec ephem outage 2026/07/09 06:00:47 sat=114
3 no ephemeris 2026/07/09 06:00:46.880 sat=114
3 estpos  : n=29
3 resprng : n=29
3 resprng : n=29
3 resprng : n=29
3 resprng : n=29
3 valsol  : n=29 nv=15
3 pntpos  : tobs=2026/07/09 06:00:48.000 n=29
3 satposs : teph=2026/07/09 06:00:48.000 n=29 ephopt=1
3 no pseudorange 2026/07/09 06:00:48.000 sat=70
3 prec ephem outage 2026/07/09 06:00:48 sat=108
3 no ephemeris 2026/07/09 06:00:47.869 sat=108
3 prec ephem outage 2026/07/09 06:00:48 sat=114
3 no ephemeris 2026/07/09 06:00:47.880 sat=114
3 estpos  : n=29
3 resprng : n=29
3 resprng : n=29
3 resprng : n=29
3 resprng : n=29
3 valsol  : n=29 nv=15
3 pntpos  : tobs=2026/07/09 06:00:49.000 n=30
3 satposs : teph=2026/07/09 06:00:49.000 n=30 ephopt=1
3 prec ephem outage 2026/07/09 06:00:49 sat=45
3 no ephemeris 2026/07/09 06:00:48.922 sat=45
3 no pseudorange 2026/07/09 06:00:49.000 sat=70
3 prec ephem outage 2026/07/09 06:00:49 sat=107
3 no ephemeris 2026/07/09 06:00:48.871 sat=107
3 prec ephem outage 2026/07/09 06:00:49 sat=108
3 no ephemeris 2026/07/09 06:00:48.869 sat=108
3 prec ephem outage 2026/07/09 06:00:49 sat=114
3 no ephemeris 2026/07/09 06:00:48.880 sat=114
3 estpos  : n=30
3 resprng : n=30
3 resprng : n=30
3 resprng : n=30
3 resprng : n=30
3 valsol  : n=30 nv=15
3 pntpos  : tobs=2026/07/09 06:00:50.000 n=30
3 satposs : teph=2026/07/09 06:00:50.000 n=30 ephopt=1
3 prec ephem outage 2026/07/09 06:00:50 sat=45
3 no ephemeris 2026/07/09 06:00:49.922 sat=45
3 no pseudorange 2026/07/09 06:00:50.000 sat=70
3 prec ephem outage 2026/07/09 06:00:50 sat=107
3 no ephemeris 2026/07/09 06:00:49.871 sat=107
3 prec ephem outage 2026/07/09 06:00:50 sat=108
3 no ephemeris 2026/07/09 06:00:49.869 sat=108
3 prec ephem outage 2026/07/09 06:00:50 sat=114
3 no ephemeris 2026/07/09 06:00:49.880 sat=114
3 estpos  : n=30
3 resprng : n=30
3 resprng : n=30
3 resprng : n=30
3 resprng : n=30
3 valsol  : n=30 nv=15
3 pntpos  : tobs=2026/07/09 06:00:51.000 n=32
3 satposs : teph=2026/07/09 06:00:51.000 n=32 ephopt=1
3 prec ephem outage 2026/07/09 06:00:51 sat=45
3 no ephemeris 2026/07/09 06:00:50.922 sat=45
3 no pseudorange 2026/07/09 06:00:51.000 sat=46
3 no pseudorange 2026/07/09 06:00:51.000 sat=70
3 prec ephem outage 2026/07/09 06:00:51 sat=107
3 no ephemeris 2026/07/09 06:00:50.871 sat=107
3 prec ephem outage 2026/07/09 06:00:51 sat=108
3 no ephemeris 2026/07/09 06:00:50.869 sat=108
3 prec ephem outage 2026/07/09 06:00:51 sat=114
3 no ephemeris 2026/07/09 06:00:50.880 sat=114
3 estpos  : n=32
3 resprng : n=32
3 resprng : n=32
3 resprng : n=32
3 resprng : n=32
3 valsol  : n=32 nv=15
3 pntpos  : tobs=2026/07/09 06:00:52.000 n=30
3 satposs : teph=2026/07/09 06:00:52.000 n=30 ephopt=1
3 prec ephem outage 2026/07/09 06:00:52 sat=45
3 no ephemeris 2026/07/09 06:00:51.922 sat=45
3 no pseudorange 2026/07/09 06:00:52.000 sat=70
3 prec ephem outage 2026/07/09 06:00:52 sat=107
3 no ephemeris 2026/07/09 06:00:51.871 sat=107
3 prec ephem outage 2026/07/09 06:00:52 sat=108
3 no ephemeris 2026/07/09 06:00:51.869 sat=108
3 prec ephem outage 2026/07/09 06:00:52 sat=114
3 no ephemeris 2026/07/09 06:00:51.880 sat=114
3 estpos  : n=30
3 resprng : n=30
3 resprng : n=30
3 resprng : n=30
3 resprng : n=30
3 valsol  : n=30 nv=15
3 pntpos  : tobs=2026/07/09 06:00:53.000 n=29
3 satposs : teph=2026/07/09 06:00:53.000 n=29 ephopt=1
3 prec ephem outage 2026/07/09 06:00:53 sat=45
3 no ephemeris 2026/07/09 06:00:52.922 sat=45
3 no pseudorange 2026/07/09 06:00:53.000 sat=70
3 prec ephem outage 2026/07/09 06:00:53 sat=107
3 no ephemeris 2026/07/09 06:00:52.871 sat=107
3 prec ephem outage 2026/07/09 06:00:53 sat=108
3 no ephemeris 2026/07/09 06:00:52.869 sat=108
3 prec ephem outage 2026/07/09 06:00:53 sat=114
3 no ephemeris 2026/07/09 06:00:52.880 sat=114
3 estpos  : n=29
3 resprng : n=29
3 resprng : n=29
3 resprng : n=29
3 resprng : n=29
3 valsol  : n=29 nv=15
3 pntpos  : tobs=2026/07/09 06:00:54.000 n=31
3 satposs : teph=2026/07/09 06:00:54.000 n=31 ephopt=1
3 prec ephem outage 2026/07/09 06:00:54 sat=45
3 no ephemeris 2026/07/09 06:00:53.922 sat=45
3 no pseudorange 2026/07/09 06:00:54.000 sat=46
3 no pseudorange 2026/07/09 06:00:54.000 sat=70
3 prec ephem outage 2026/07/09 06:00:54 sat=107
3 no ephemeris 2026/07/09 06:00:53.871 sat=107
3 prec ephem outage 2026/07/09 06:00:54 sat=108
3 no ephemeris 2026/07/09 06:00:53.869 sat=108
3 prec ephem outage 2026/07/09 06:00:54 sat=114
3 no ephemeris 2026/07/09 06:00:53.880 sat=114
3 estpos  : n=31
3 resprng : n=31
3 resprng : n=31
3 resprng : n=31
3 resprng : n=31
3 valsol  : n=31 nv=15
3 pntpos  : tobs=2026/07/09 06:00:55.000 n=30
3 satposs : teph=2026/07/09 06:00:55.000 n=30 ephopt=1
3 prec ephem outage 2026/07/09 06:00:55 sat=45
3 no ephemeris 2026/07/09 06:00:54.922 sat=45
3 no pseudorange 2026/07/09 06:00:55.000 sat=46
3 no pseudorange 2026/07/09 06:00:55.000 sat=70
3 prec ephem outage 2026/07/09 06:00:55 sat=107
3 no ephemeris 2026/07/09 06:00:54.871 sat=107
3 prec ephem outage 2026/07/09 06:00:55 sat=108
3 no ephemeris 2026/07/09 06:00:54.869 sat=108
3 prec ephem outage 2026/07/09 06:00:55 sat=114
3 no ephemeris 2026/07/09 06:00:54.880 sat=114
3 estpos  : n=30
3 resprng : n=30
3 resprng : n=30
3 resprng : n=30
3 resprng : n=30
3 valsol  : n=30 nv=15
3 pntpos  : tobs=2026/07/09 06:00:56.000 n=31
3 satposs : teph=2026/07/09 06:00:56.000 n=31 ephopt=1
3 prec ephem outage 2026/07/09 06:00:56 sat=45
3 no ephemeris 2026/07/09 06:00:55.922 sat=45
3 no pseudorange 2026/07/09 06:00:56.000 sat=46
3 no pseudorange 2026/07/09 06:00:56.000 sat=70
3 prec ephem outage 2026/07/09 06:00:56 sat=107
3 no ephemeris 2026/07/09 06:00:55.871 sat=107
3 prec ephem outage 2026/07/09 06:00:56 sat=108
3 no ephemeris 2026/07/09 06:00:55.869 sat=108
3 prec ephem outage 2026/07/09 06:00:56 sat=114
3 no ephemeris 2026/07/09 06:00:55.880 sat=114
3 estpos  : n=31
3 resprng : n=31
3 resprng : n=31
3 resprng : n=31
3 resprng : n=31
3 valsol  : n=31 nv=15
3 pntpos  : tobs=2026/07/09 06:00:57.000 n=31
3 satposs : teph=2026/07/09 06:00:57.000 n=31 ephopt=1
3 prec ephem outage 2026/07/09 06:00:57 sat=45
3 no ephemeris 2026/07/09 06:00:56.922 sat=45
3 no pseudorange 2026/07/09 06:00:57.000 sat=46
3 no pseudorange 2026/07/09 06:00:57.000 sat=70
3 prec ephem outage 2026/07/09 06:00:57 sat=107
3 no ephemeris 2026/07/09 06:00:56.871 sat=107
3 prec ephem outage 2026/07/09 06:00:57 sat=108
3 no ephemeris 2026/07/09 06:00:56.869 sat=108
3 prec ephem outage 2026/07/09 06:00:57 sat=114
3 no ephemeris 2026/07/09 06:00:56.880 sat=114
3 estpos  : n=31
3 resprng : n=31
3 resprng : n=31
3 resprng : n=31
3 resprng : n=31
3 valsol  : n=31 nv=15
3 pntpos  : tobs=2026/07/09 06:00:58.000 n=30
3 satposs : teph=2026/07/09 06:00:58.000 n=30 ephopt=1
3 prec ephem outage 2026/07/09 06:00:58 sat=45
3 no ephemeris 2026/07/09 06:00:57.922 sat=45
3 no pseudorange 2026/07/09 06:00:58.000 sat=46
3 prec ephem outage 2026/07/09 06:00:58 sat=107
3 no ephemeris 2026/07/09 06:00:57.871 sat=107
3 prec ephem outage 2026/07/09 06:00:58 sat=108
3 no ephemeris 2026/07/09 06:00:57.869 sat=108
3 prec ephem outage 2026/07/09 06:00:58 sat=114
3 no ephemeris 2026/07/09 06:00:57.880 sat=114
3 estpos  : n=30
3 resprng : n=30
3 resprng : n=30
3 resprng : n=30
3 resprng : n=30
3 valsol  : n=30 nv=15
3 pntpos  : tobs=2026/07/09 06:00:59.000 n=30
3 satposs : teph=2026/07/09 06:00:59.000 n=30 ephopt=1
3 prec ephem outage 2026/07/09 06:00:59 sat=45
3 no ephemeris 2026/07/09 06:00:58.922 sat=45
3 no pseudorange 2026/07/09 06:00:59.000 sat=46
3 no pseudorange 2026/07/09 06:00:59.000 sat=70
3 prec ephem outage 2026/07/09 06:00:59 sat=107
3 no ephemeris 2026/07/09 06:00:58.871 sat=107
3 prec ephem outage 2026/07/09 06:00:59 sat=108
3 no ephemeris 2026/07/09 06:00:58.869 sat=108
3 prec ephem outage 2026/07/09 06:00:59 sat=114
3 no ephemeris 2026/07/09 06:00:58.880 sat=114
3 estpos  : n=30
3 resprng : n=30
3 resprng : n=30
3 resprng : n=30
3 resprng : n=30
3 valsol  : n=30 nv=15
3 pntpos  : tobs=2026/07/09 06:01:00.000 n=31
3 satposs : teph=2026/07/09 06:01:00.000 n=31 ephopt=1
3 prec ephem outage 2026/07/09 06:01:00 sat=45
3 no ephemeris 2026/07/09 06:00:59.922 sat=45
3 no pseudorange 2026/07/09 06:01:00.000 sat=46
3 no pseudorange 2026/07/09 06:01:00.000 sat=70
3 prec ephem outage 2026/07/09 06:01:00 sat=107
3 no ephemeris 2026/07/09 06:00:59.871 sat=107
3 prec ephem outage 2026/07/09 06:01:00 sat=108
3 no ephemeris 2026/07/09 06:00:59.869 sat=108
3 prec ephem outage 2026/07/09 06:01:00 sat=114
3 no ephemeris 2026/07/09 06:00:59.880 sat=114
3 estpos  : n=31
3 resprng : n=31
3 resprng : n=31
3 resprng : n=31
3 resprng : n=31
3 valsol  : n=31 nv=15
3 pntpos  : tobs=2026/07/09 06:01:01.000 n=30
3 satposs : teph=2026/07/09 06:01:01.000 n=30 ephopt=1
3 prec ephem outage 2026/07/09 06:01:01 sat=45
3 no ephemeris 2026/07/09 06:01:00.922 sat=45
3 no pseudorange 2026/07/09 06:01:01.000 sat=46
3 no pseudorange 2026/07/09 06:01:01.000 sat=70
3 prec ephem outage 2026/07/09 06:01:01 sat=107
3 no ephemeris 2026/07/09 06:01:00.871 sat=107
3 prec ephem outage 2026/07/09 06:01:01 sat=108
3 no ephemeris 2026/07/09 06:01:00.869 sat=108
3 prec ephem outage 2026/07/09 06:01:01 sat=114
3 no ephemeris 2026/07/09 06:01:00.880 sat=114
3 estpos  : n=30
3 resprng : n=30
3 resprng : n=30
3 resprng : n=30
3 resprng : n=30
3 valsol  : n=30 nv=15
3 pntpos  : tobs=2026/07/09 06:01:02.000 n=30
3 satposs : teph=2026/07/09 06:01:02.000 n=30 ephopt=1
3 prec ephem outage 2026/07/09 06:01:02 sat=45
3 no ephemeris 2026/07/09 06:01:01.922 sat=45
3 no pseudorange 2026/07/09 06:01:02.000 sat=46
3 no pseudorange 2026/07/09 06:01:02.000 sat=70
3 prec ephem outage 2026/07/09 06:01:02 sat=107
3 no ephemeris 2026/07/09 06:01:01.871 sat=107
3 prec ephem outage 2026/07/09 06:01:02 sat=108
3 no ephemeris 2026/07/09 06:01:01.869 sat=108
3 prec ephem outage 2026/07/09 06:01:02 sat=114
3 no ephemeris 2026/07/09 06:01:01.880 sat=114
3 estpos  : n=30
3 resprng : n=30
3 resprng : n=30
3 resprng : n=30
3 resprng : n=30
3 valsol  : n=30 nv=15
3 pntpos  : tobs=2026/07/09 06:01:03.000 n=31
3 satposs : teph=2026/07/09 06:01:03.000 n=31 ephopt=1
3 prec ephem outage 2026/07/09 06:01:03 sat=45
3 no ephemeris 2026/07/09 06:01:02.922 sat=45
3 no pseudorange 2026/07/09 06:01:03.000 sat=46
3 no pseudorange 2026/07/09 06:01:03.000 sat=70
3 prec ephem outage 2026/07/09 06:01:03 sat=107
3 no ephemeris 2026/07/09 06:01:02.871 sat=107
3 prec ephem outage 2026/07/09 06:01:03 sat=108
3 no ephemeris 2026/07/09 06:01:02.869 sat=108
3 prec ephem outage 2026/07/09 06:01:03 sat=114
3 no ephemeris 2026/07/09 06:01:02.880 sat=114
3 estpos  : n=31
3 resprng : n=31
3 resprng : n=31
3 resprng : n=31
3 resprng : n=31
3 valsol  : n=31 nv=15
3 pntpos  : tobs=2026/07/09 06:01:04.000 n=32
3 satposs : teph=2026/07/09 06:01:04.000 n=32 ephopt=1
3 prec ephem outage 2026/07/09 06:01:04 sat=45
3 no ephemeris 2026/07/09 06:01:03.922 sat=45
3 no pseudorange 2026/07/09 06:01:04.000 sat=46
3 no pseudorange 2026/07/09 06:01:04.000 sat=70
3 prec ephem outage 2026/07/09 06:01:04 sat=107
3 no ephemeris 2026/07/09 06:01:03.871 sat=107
3 prec ephem outage 2026/07/09 06:01:04 sat=108
3 no ephemeris 2026/07/09 06:01:03.869 sat=108
3 prec ephem outage 2026/07/09 06:01:04 sat=114
3 no ephemeris 2026/07/09 06:01:03.880 sat=114
3 estpos  : n=32
3 resprng : n=32
3 resprng : n=32
3 resprng : n=32
3 resprng : n=32
3 valsol  : n=32 nv=15
3 pntpos  : tobs=2026/07/09 06:01:05.000 n=32
3 satposs : teph=2026/07/09 06:01:05.000 n=32 ephopt=1
3 prec ephem outage 2026/07/09 06:01:05 sat=45
3 no ephemeris 2026/07/09 06:01:04.922 sat=45
3 no pseudorange 2026/07/09 06:01:05.000 sat=46
3 no pseudorange 2026/07/09 06:01:05.000 sat=70
3 prec ephem outage 2026/07/09 06:01:05 sat=107
3 no ephemeris 2026/07/09 06:01:04.871 sat=107
3 prec ephem outage 2026/07/09 06:01:05 sat=108
3 no ephemeris 2026/07/09 06:01:04.869 sat=108
3 prec ephem outage 2026/07/09 06:01:05 sat=114
3 no ephemeris 2026/07/09 06:01:04.880 sat=114
3 estpos  : n=32
3 resprng : n=32
3 resprng : n=32
3 resprng : n=32
3 resprng : n=32
3 valsol  : n=32 nv=15
3 pntpos  : tobs=2026/07/09 06:01:06.000 n=32
3 satposs : teph=2026/07/09 06:01:06.000 n=32 ephopt=1
3 prec ephem outage 2026/07/09 06:01:06 sat=45
3 no ephemeris 2026/07/09 06:01:05.922 sat=45
3 no pseudorange 2026/07/09 06:01:06.000 sat=46
3 no pseudorange 2026/07/09 06:01:06.000 sat=70
3 prec ephem outage 2026/07/09 06:01:06 sat=107
3 no ephemeris 2026/07/09 06:01:05.871 sat=107
3 prec ephem outage 2026/07/09 06:01:06 sat=108
3 no ephemeris 2026/07/09 06:01:05.869 sat=108
3 prec ephem outage 2026/07/09 06:01:06 sat=114
3 no ephemeris 2026/07/09 06:01:05.880 sat=114
3 estpos  : n=32
3 resprng : n=32
3 resprng : n=32
3 resprng : n=32
3 resprng : n=32
3 valsol  : n=32 nv=15
3 pntpos  : tobs=2026/07/09 06:01:07.000 n=30
3 satposs : teph=2026/07/09 06:01:07.000 n=30 ephopt=1
3 prec ephem outage 2026/07/09 06:01:07 sat=45
3 no ephemeris 2026/07/09 06:01:06.922 sat=45
3 prec ephem outage 2026/07/09 06:01:07 sat=107
3 no ephemeris 2026/07/09 06:01:06.871 sat=107
3 prec ephem outage 2026/07/09 06:01:07 sat=108
3 no ephemeris 2026/07/09 06:01:06.869 sat=108
3 prec ephem outage 2026/07/09 06:01:07 sat=114
3 no ephemeris 2026/07/09 06:01:06.880 sat=114
3 estpos  : n=30
3 resprng : n=30
3 resprng : n=30
3 resprng : n=30
3 resprng : n=30
3 valsol  : n=30 nv=15
3 pntpos  : tobs=2026/07/09 06:01:08.000 n=30
3 satposs : teph=2026/07/09 06:01:08.000 n=30 ephopt=1
3 prec ephem outage 2026/07/09 06:01:08 sat=45
3 no ephemeris 2026/07/09 06:01:07.922 sat=45
3 prec ephem outage 2026/07/09 06:01:08 sat=107
3 no ephemeris 2026/07/09 06:01:07.871 sat=107
3 prec ephem outage 2026/07/09 06:01:08 sat=108
3 no ephemeris 2026/07/09 06:01:07.869 sat=108
3 prec ephem outage 2026/07/09 06:01:08 sat=114
3 no ephemeris 2026/07/09 06:01:07.880 sat=114
3 estpos  : n=30
3 resprng : n=30
3 resprng : n=30
3 resprng : n=30
3 resprng : n=30
3 valsol  : n=30 nv=15
3 pntpos  : tobs=2026/07/09 06:01:09.000 n=31
3 satposs : teph=2026/07/09 06:01:09.000 n=31 ephopt=1
3 prec ephem outage 2026/07/09 06:01:09 sat=45
3 no ephemeris 2026/07/09 06:01:08.922 sat=45
3 no pseudorange 2026/07/09 06:01:09.000 sat=70
3 prec ephem outage 2026/07/09 06:01:09 sat=107
3 no ephemeris 2026/07/09 06:01:08.871 sat=107
3 prec ephem outage 2026/07/09 06:01:09 sat=108
3 no ephemeris 2026/07/09 06:01:08.869 sat=108
3 prec ephem outage 2026/07/09 06:01:09 sat=114
3 no ephemeris 2026/07/09 06:01:08.880 sat=114
3 estpos  : n=31
3 resprng : n=31
3 resprng : n=31
3 resprng : n=31
3 resprng : n=31
3 valsol  : n=31 nv=15
3 pntpos  : tobs=2026/07/09 06:01:10.000 n=29
3 satposs : teph=2026/07/09 06:01:10.000 n=29 ephopt=1
3 prec ephem outage 2026/07/09 06:01:10 sat=107
3 no ephemeris 2026/07/09 06:01:09.871 sat=107
3 prec ephem outage 2026/07/09 06:01:10 sat=108
3 no ephemeris 2026/07/09 06:01:09.869 sat=108
3 prec ephem outage 2026/07/09 06:01:10 sat=114
3 no ephemeris 2026/07/09 06:01:09.880 sat=114
3 estpos  : n=29
3 resprng : n=29
3 resprng : n=29
3 resprng : n=29
3 resprng : n=29
3 valsol  : n=29 nv=15
3 pntpos  : tobs=2026/07/09 06:01:11.000 n=34
3 satposs : teph=2026/07/09 06:01:11.000 n=34 ephopt=1
3 prec ephem outage 2026/07/09 06:01:11 sat=45
3 no ephemeris 2026/07/09 06:01:10.922 sat=45
3 no pseudorange 2026/07/09 06:01:11.000 sat=46
3 no pseudorange 2026/07/09 06:01:11.000 sat=70
3 prec ephem outage 2026/07/09 06:01:11 sat=107
3 no ephemeris 2026/07/09 06:01:10.871 sat=107
3 prec ephem outage 2026/07/09 06:01:11 sat=108
3 no ephemeris 2026/07/09 06:01:10.869 sat=108
3 prec ephem outage 2026/07/09 06:01:11 sat=114
3 no ephemeris 2026/07/09 06:01:10.880 sat=114
3 estpos  : n=34
3 resprng : n=34
3 resprng : n=34
3 resprng : n=34
3 resprng : n=34
3 valsol  : n=34 nv=15
3 pntpos  : tobs=2026/07/09 06:01:12.000 n=29
3 satposs : teph=2026/07/09 06:01:12.000 n=29 ephopt=1
3 no pseudorange 2026/07/09 06:01:12.000 sat=70
3 prec ephem outage 2026/07/09 06:01:12 sat=107
3 no ephemeris 2026/07/09 06:01:11.871 sat=107
3 prec ephem outage 2026/07/09 06:01:12 sat=108
3 no ephemeris 2026/07/09 06:01:11.869 sat=108
3 prec ephem outage 2026/07/09 06:01:12 sat=114
3 no ephemeris 2026/07/09 06:01:11.880 sat=114
3 estpos  : n=29
3 resprng : n=29
3 resprng : n=29
3 resprng : n=29
3 resprng : n=29
3 valsol  : n=29 nv=15
3 pntpos  : tobs=2026/07/09 06:01:13.000 n=33
3 satposs : teph=2026/07/09 06:01:13.000 n=33 ephopt=1
3 prec ephem outage 2026/07/09 06:01:13 sat=45
3 no ephemeris 2026/07/09 06:01:12.922 sat=45
3 no pseudorange 2026/07/09 06:01:13.000 sat=46
3 no pseudorange 2026/07/09 06:01:13.000 sat=70
3 prec ephem outage 2026/07/09 06:01:13 sat=107
3 no ephemeris 2026/07/09 06:01:12.871 sat=107
3 prec ephem outage 2026/07/09 06:01:13 sat=108
3 no ephemeris 2026/07/09 06:01:12.869 sat=108
3 prec ephem outage 2026/07/09 06:01:13 sat=114
3 no ephemeris 2026/07/09 06:01:12.880 sat=114
3 estpos  : n=33
3 resprng : n=33
3 resprng : n=33
3 resprng : n=33
3 resprng : n=33
3 valsol  : n=33 nv=15
3 pntpos  : tobs=2026/07/09 06:01:14.000 n=32
3 satposs : teph=2026/07/09 06:01:14.000 n=32 ephopt=1
3 prec ephem outage 2026/07/09 06:01:14 sat=45
3 no ephemeris 2026/07/09 06:01:13.922 sat=45
3 no pseudorange 2026/07/09 06:01:14.000 sat=46
3 no pseudorange 2026/07/09 06:01:14.000 sat=70
3 prec ephem outage 2026/07/09 06:01:14 sat=107
3 no ephemeris 2026/07/09 06:01:13.871 sat=107
3 prec ephem outage 2026/07/09 06:01:14 sat=108
3 no ephemeris 2026/07/09 06:01:13.869 sat=108
3 prec ephem outage 2026/07/09 06:01:14 sat=114
3 no ephemeris 2026/07/09 06:01:13.880 sat=114
3 estpos  : n=32
3 resprng : n=32
3 resprng : n=32
3 resprng : n=32
3 resprng : n=32
3 valsol  : n=32 nv=15
3 pntpos  : tobs=2026/07/09 06:01:15.000 n=31
3 satposs : teph=2026/07/09 06:01:15.000 n=31 ephopt=1
3 no pseudorange 2026/07/09 06:01:15.000 sat=46
3 no pseudorange 2026/07/09 06:01:15.000 sat=70
3 prec ephem outage 2026/07/09 06:01:15 sat=107
3 no ephemeris 2026/07/09 06:01:14.871 sat=107
3 prec ephem outage 2026/07/09 06:01:15 sat=108
3 no ephemeris 2026/07/09 06:01:14.869 sat=108
3 prec ephem outage 2026/07/09 06:01:15 sat=114
3 no ephemeris 2026/07/09 06:01:14.880 sat=114
3 estpos  : n=31
3 resprng : n=31
3 resprng : n=31
3 resprng : n=31
3 resprng : n=31
3 valsol  : n=31 nv=15
3 pntpos  : tobs=2026/07/09 06:01:16.000 n=32
3 satposs : teph=2026/07/09 06:01:16.000 n=32 ephopt=1
3 prec ephem outage 2026/07/09 06:01:16 sat=45
3 no ephemeris 2026/07/09 06:01:15.922 sat=45
3 no pseudorange 2026/07/09 06:01:16.000 sat=46
3 prec ephem outage 2026/07/09 06:01:16 sat=107
3 no ephemeris 2026/07/09 06:01:15.871 sat=107
3 prec ephem outage 2026/07/09 06:01:16 sat=108
3 no ephemeris 2026/07/09 06:01:15.869 sat=108
3 prec ephem outage 2026/07/09 06:01:16 sat=114
3 no ephemeris 2026/07/09 06:01:15.880 sat=114
3 estpos  : n=32
3 resprng : n=32
3 resprng : n=32
3 resprng : n=32
3 resprng : n=32
3 valsol  : n=32 nv=15
3 pntpos  : tobs=2026/07/09 06:01:17.000 n=32
3 satposs : teph=2026/07/09 06:01:17.000 n=32 ephopt=1
3 prec ephem outage 2026/07/09 06:01:17 sat=45
3 no ephemeris 2026/07/09 06:01:16.922 sat=45
3 no pseudorange 2026/07/09 06:01:17.000 sat=46
3 no pseudorange 2026/07/09 06:01:17.000 sat=61
3 no pseudorange 2026/07/09 06:01:17.000 sat=70
3 prec ephem outage 2026/07/09 06:01:17 sat=107
3 no ephemeris 2026/07/09 06:01:16.871 sat=107
3 prec ephem outage 2026/07/09 06:01:17 sat=108
3 no ephemeris 2026/07/09 06:01:16.869 sat=108
3 prec ephem outage 2026/07/09 06:01:17 sat=114
3 no ephemeris 2026/07/09 06:01:16.880 sat=114
3 estpos  : n=32
3 resprng : n=32
3 resprng : n=32
3 resprng : n=32
3 resprng : n=32
3 valsol  : n=32 nv=15
3 pntpos  : tobs=2026/07/09 06:01:18.000 n=32
3 satposs : teph=2026/07/09 06:01:18.000 n=32 ephopt=1
3 prec ephem outage 2026/07/09 06:01:18 sat=45
3 no ephemeris 2026/07/09 06:01:17.922 sat=45
3 no pseudorange 2026/07/09 06:01:18.000 sat=46
3 no pseudorange 2026/07/09 06:01:18.000 sat=61
3 no pseudorange 2026/07/09 06:01:18.000 sat=70
3 prec ephem outage 2026/07/09 06:01:18 sat=107
3 no ephemeris 2026/07/09 06:01:17.871 sat=107
3 prec ephem outage 2026/07/09 06:01:18 sat=108
3 no ephemeris 2026/07/09 06:01:17.869 sat=108
3 prec ephem outage 2026/07/09 06:01:18 sat=114
3 no ephemeris 2026/07/09 06:01:17.880 sat=114
3 estpos  : n=32
3 resprng : n=32
3 resprng : n=32
3 resprng : n=32
3 resprng : n=32
3 valsol  : n=32 nv=15
3 pntpos  : tobs=2026/07/09 06:01:19.000 n=33
3 satposs : teph=2026/07/09 06:01:19.000 n=33 ephopt=1
3 prec ephem outage 2026/07/09 06:01:19 sat=45
3 no ephemeris 2026/07/09 06:01:18.922 sat=45
3 no pseudorange 2026/07/09 06:01:19.000 sat=46
3 no pseudorange 2026/07/09 06:01:19.000 sat=61
3 no pseudorange 2026/07/09 06:01:19.000 sat=70
3 prec ephem outage 2026/07/09 06:01:19 sat=107
3 no ephemeris 2026/07/09 06:01:18.871 sat=107
3 prec ephem outage 2026/07/09 06:01:19 sat=108
3 no ephemeris 2026/07/09 06:01:18.869 sat=108
3 prec ephem outage 2026/07/09 06:01:19 sat=114
3 no ephemeris 2026/07/09 06:01:18.880 sat=114
3 estpos  : n=33
3 resprng : n=33
3 resprng : n=33
3 resprng : n=33
3 resprng : n=33
3 valsol  : n=33 nv=15
3 pntpos  : tobs=2026/07/09 06:01:20.000 n=31
3 satposs : teph=2026/07/09 06:01:20.000 n=31 ephopt=1
3 no pseudorange 2026/07/09 06:01:20.000 sat=46
3 no pseudorange 2026/07/09 06:01:20.000 sat=61
3 no pseudorange 2026/07/09 06:01:20.000 sat=70
3 prec ephem outage 2026/07/09 06:01:20 sat=107
3 no ephemeris 2026/07/09 06:01:19.871 sat=107
3 prec ephem outage 2026/07/09 06:01:20 sat=108
3 no ephemeris 2026/07/09 06:01:19.869 sat=108
3 prec ephem outage 2026/07/09 06:01:20 sat=114
3 no ephemeris 2026/07/09 06:01:19.880 sat=114
3 estpos  : n=31
3 resprng : n=31
3 resprng : n=31
3 resprng : n=31
3 resprng : n=31
3 valsol  : n=31 nv=15
3 pntpos  : tobs=2026/07/09 06:01:21.000 n=30
3 satposs : teph=2026/07/09 06:01:21.000 n=30 ephopt=1
3 no pseudorange 2026/07/09 06:01:21.000 sat=46
3 no pseudorange 2026/07/09 06:01:21.000 sat=61
3 no pseudorange 2026/07/09 06:01:21.000 sat=70
3 prec ephem outage 2026/07/09 06:01:21 sat=107
3 no ephemeris 2026/07/09 06:01:20.871 sat=107
3 prec ephem outage 2026/07/09 06:01:21 sat=108
3 no ephemeris 2026/07/09 06:01:20.869 sat=108
3 prec ephem outage 2026/07/09 06:01:21 sat=114
3 no ephemeris 2026/07/09 06:01:20.880 sat=114
3 estpos  : n=30
3 resprng : n=30
3 resprng : n=30
3 resprng : n=30
3 resprng : n=30
3 valsol  : n=30 nv=15
3 pntpos  : tobs=2026/07/09 06:01:22.000 n=30
3 satposs : teph=2026/07/09 06:01:22.000 n=30 ephopt=1
3 no pseudorange 2026/07/09 06:01:22.000 sat=46
3 no pseudorange 2026/07/09 06:01:22.000 sat=61
3 no pseudorange 2026/07/09 06:01:22.000 sat=70
3 prec ephem outage 2026/07/09 06:01:22 sat=107
3 no ephemeris 2026/07/09 06:01:21.871 sat=107
3 prec ephem outage 2026/07/09 06:01:22 sat=108
3 no ephemeris 2026/07/09 06:01:21.869 sat=108
3 prec ephem outage 2026/07/09 06:01:22 sat=114
3 no ephemeris 2026/07/09 06:01:21.880 sat=114
3 estpos  : n=30
3 resprng : n=30
3 resprng : n=30
3 resprng : n=30
3 resprng : n=30
3 valsol  : n=30 nv=15
3 pntpos  : tobs=2026/07/09 06:01:23.000 n=30
3 satposs : teph=2026/07/09 06:01:23.000 n=30 ephopt=1
3 no pseudorange 2026/07/09 06:01:23.000 sat=46
3 no pseudorange 2026/07/09 06:01:23.000 sat=61
3 prec ephem outage 2026/07/09 06:01:23 sat=107
3 no ephemeris 2026/07/09 06:01:22.871 sat=107
3 prec ephem outage 2026/07/09 06:01:23 sat=108
3 no ephemeris 2026/07/09 06:01:22.869 sat=108
3 prec ephem outage 2026/07/09 06:01:23 sat=114
3 no ephemeris 2026/07/09 06:01:22.880 sat=114
3 estpos  : n=30
3 resprng : n=30
3 resprng : n=30
3 resprng : n=30
3 resprng : n=30
3 valsol  : n=30 nv=15
3 pntpos  : tobs=2026/07/09 06:01:24.000 n=30
3 satposs : teph=2026/07/09 06:01:24.000 n=30 ephopt=1
3 no pseudorange 2026/07/09 06:01:24.000 sat=46
3 no pseudorange 2026/07/09 06:01:24.000 sat=61
3 no pseudorange 2026/07/09 06:01:24.000 sat=70
3 prec ephem outage 2026/07/09 06:01:24 sat=107
3 no ephemeris 2026/07/09 06:01:23.871 sat=107
3 prec ephem outage 2026/07/09 06:01:24 sat=108
3 no ephemeris 2026/07/09 06:01:23.869 sat=108
3 prec ephem outage 2026/07/09 06:01:24 sat=114
3 no ephemeris 2026/07/09 06:01:23.880 sat=114
3 estpos  : n=30
3 resprng : n=30
3 resprng : n=30
3 resprng : n=30
3 resprng : n=30
3 valsol  : n=30 nv=15
3 pntpos  : tobs=2026/07/09 06:01:25.000 n=31
3 satposs : teph=2026/07/09 06:01:25.000 n=31 ephopt=1
3 no pseudorange 2026/07/09 06:01:25.000 sat=46
3 no pseudorange 2026/07/09 06:01:25.000 sat=61
3 no pseudorange 2026/07/09 06:01:25.000 sat=70
3 prec ephem outage 2026/07/09 06:01:25 sat=107
3 no ephemeris 2026/07/09 06:01:24.871 sat=107
3 prec ephem outage 2026/07/09 06:01:25 sat=108
3 no ephemeris 2026/07/09 06:01:24.869 sat=108
3 prec ephem outage 2026/07/09 06:01:25 sat=114
3 no ephemeris 2026/07/09 06:01:24.880 sat=114
3 estpos  : n=31
3 resprng : n=31
3 resprng : n=31
3 resprng : n=31
3 resprng : n=31
3 valsol  : n=31 nv=15
3 pntpos  : tobs=2026/07/09 06:01:26.000 n=30
3 satposs : teph=2026/07/09 06:01:26.000 n=30 ephopt=1
3 no pseudorange 2026/07/09 06:01:26.000 sat=46
3 no pseudorange 2026/07/09 06:01:26.000 sat=61
3 no pseudorange 2026/07/09 06:01:26.000 sat=70
3 prec ephem outage 2026/07/09 06:01:26 sat=107
3 no ephemeris 2026/07/09 06:01:25.871 sat=107
3 prec ephem outage 2026/07/09 06:01:26 sat=108
3 no ephemeris 2026/07/09 06:01:25.869 sat=108
3 prec ephem outage 2026/07/09 06:01:26 sat=114
3 no ephemeris 2026/07/09 06:01:25.880 sat=114
3 estpos  : n=30
3 resprng : n=30
3 resprng : n=30
3 resprng : n=30
3 resprng : n=30
3 valsol  : n=30 nv=15
3 pntpos  : tobs=2026/07/09 06:01:27.000 n=28
3 satposs : teph=2026/07/09 06:01:27.000 n=28 ephopt=1
3 no pseudorange 2026/07/09 06:01:27.000 sat=46
3 no pseudorange 2026/07/09 06:01:27.000 sat=61
3 prec ephem outage 2026/07/09 06:01:27 sat=107
3 no ephemeris 2026/07/09 06:01:26.871 sat=107
3 prec ephem outage 2026/07/09 06:01:27 sat=108
3 no ephemeris 2026/07/09 06:01:26.869 sat=108
3 prec ephem outage 2026/07/09 06:01:27 sat=114
3 no ephemeris 2026/07/09 06:01:26.880 sat=114
3 estpos  : n=28
3 resprng : n=28
3 resprng : n=28
3 resprng : n=28
3 resprng : n=28
3 valsol  : n=28 nv=15
3 pntpos  : tobs=2026/07/09 06:01:28.000 n=29
3 satposs : teph=2026/07/09 06:01:28.000 n=29 ephopt=1
3 no pseudorange 2026/07/09 06:01:28.000 sat=46
3 no pseudorange 2026/07/09 06:01:28.000 sat=61
3 no pseudorange 2026/07/09 06:01:28.000 sat=70
3 prec ephem outage 2026/07/09 06:01:28 sat=107
3 no ephemeris 2026/07/09 06:01:27.871 sat=107
3 prec ephem outage 2026/07/09 06:01:28 sat=108
3 no ephemeris 2026/07/09 06:01:27.869 sat=108
3 prec ephem outage 2026/07/09 06:01:28 sat=114
3 no ephemeris 2026/07/09 06:01:27.880 sat=114
3 estpos  : n=29
3 resprng : n=29
3 resprng : n=29
3 resprng : n=29
3 resprng : n=29
3 valsol  : n=29 nv=15
3 pntpos  : tobs=2026/07/09 06:01:29.000 n=30
3 satposs : teph=2026/07/09 06:01:29.000 n=30 ephopt=1
3 no pseudorange 2026/07/09 06:01:29.000 sat=46
3 no pseudorange 2026/07/09 06:01:29.000 sat=61
3 no pseudorange 2026/07/09 06:01:29.000 sat=70
3 prec ephem outage 2026/07/09 06:01:29 sat=107
3 no ephemeris 2026/07/09 06:01:28.871 sat=107
3 prec ephem outage 2026/07/09 06:01:29 sat=108
3 no ephemeris 2026/07/09 06:01:28.869 sat=108
3 prec ephem outage 2026/07/09 06:01:29 sat=114
3 no ephemeris 2026/07/09 06:01:28.880 sat=114
3 estpos  : n=30
3 resprng : n=30
3 resprng : n=30
3 resprng : n=30
3 resprng : n=30
3 valsol  : n=30 nv=15
3 pntpos  : tobs=2026/07/09 06:01:30.000 n=31
3 satposs : teph=2026/07/09 06:01:30.000 n=31 ephopt=1
3 prec ephem outage 2026/07/09 06:01:30 sat=45
3 no ephemeris 2026/07/09 06:01:29.922 sat=45
3 no pseudorange 2026/07/09 06:01:30.000 sat=61
3 no pseudorange 2026/07/09 06:01:30.000 sat=70
3 prec ephem outage 2026/07/09 06:01:30 sat=107
3 no ephemeris 2026/07/09 06:01:29.871 sat=107
3 prec ephem outage 2026/07/09 06:01:30 sat=108
3 no ephemeris 2026/07/09 06:01:29.869 sat=108
3 prec ephem outage 2026/07/09 06:01:30 sat=114
3 no ephemeris 2026/07/09 06:01:29.880 sat=114
3 estpos  : n=31
3 resprng : n=31
3 resprng : n=31
3 resprng : n=31
3 resprng : n=31
3 valsol  : n=31 nv=15
3 pntpos  : tobs=2026/07/09 06:01:31.000 n=31
3 satposs : teph=2026/07/09 06:01:31.000 n=31 ephopt=1
3 prec ephem outage 2026/07/09 06:01:31 sat=45
3 no ephemeris 2026/07/09 06:01:30.922 sat=45
3 no pseudorange 2026/07/09 06:01:31.000 sat=46
3 no pseudorange 2026/07/09 06:01:31.000 sat=61
3 no pseudorange 2026/07/09 06:01:31.000 sat=70
3 prec ephem outage 2026/07/09 06:01:31 sat=107
3 no ephemeris 2026/07/09 06:01:30.871 sat=107
3 prec ephem outage 2026/07/09 06:01:31 sat=108
3 no ephemeris 2026/07/09 06:01:30.869 sat=108
3 prec ephem outage 2026/07/09 06:01:31 sat=114
3 no ephemeris 2026/07/09 06:01:30.880 sat=114
3 estpos  : n=31
3 resprng : n=31
3 resprng : n=31
3 resprng : n=31
3 resprng : n=31
3 valsol  : n=31 nv=15
3 pntpos  : tobs=2026/07/09 06:01:32.000 n=31
3 satposs : teph=2026/07/09 06:01:32.000 n=31 ephopt=1
3 prec ephem outage 2026/07/09 06:01:32 sat=45
3 no ephemeris 2026/07/09 06:01:31.922 sat=45
3 no pseudorange 2026/07/09 06:01:32.000 sat=46
3 no pseudorange 2026/07/09 06:01:32.000 sat=61
3 no pseudorange 2026/07/09 06:01:32.000 sat=70
3 prec ephem outage 2026/07/09 06:01:32 sat=107
3 no ephemeris 2026/07/09 06:01:31.871 sat=107
3 prec ephem outage 2026/07/09 06:01:32 sat=108
3 no ephemeris 2026/07/09 06:01:31.869 sat=108
3 prec ephem outage 2026/07/09 06:01:32 sat=114
3 no ephemeris 2026/07/09 06:01:31.880 sat=114
3 estpos  : n=31
3 resprng : n=31
3 resprng : n=31
3 resprng : n=31
3 resprng : n=31
3 valsol  : n=31 nv=15
3 pntpos  : tobs=2026/07/09 06:01:33.000 n=31
3 satposs : teph=2026/07/09 06:01:33.000 n=31 ephopt=1
3 prec ephem outage 2026/07/09 06:01:33 sat=45
3 no ephemeris 2026/07/09 06:01:32.922 sat=45
3 no pseudorange 2026/07/09 06:01:33.000 sat=46
3 no pseudorange 2026/07/09 06:01:33.000 sat=61
3 prec ephem outage 2026/07/09 06:01:33 sat=107
3 no ephemeris 2026/07/09 06:01:32.871 sat=107
3 prec ephem outage 2026/07/09 06:01:33 sat=108
3 no ephemeris 2026/07/09 06:01:32.869 sat=108
3 prec ephem outage 2026/07/09 06:01:33 sat=114
3 no ephemeris 2026/07/09 06:01:32.880 sat=114
3 estpos  : n=31
3 resprng : n=31
3 resprng : n=31
3 resprng : n=31
3 resprng : n=31
3 valsol  : n=31 nv=15
3 pntpos  : tobs=2026/07/09 06:01:34.000 n=31
3 satposs : teph=2026/07/09 06:01:34.000 n=31 ephopt=1
3 prec ephem outage 2026/07/09 06:01:34 sat=45
3 no ephemeris 2026/07/09 06:01:33.922 sat=45
3 no pseudorange 2026/07/09 06:01:34.000 sat=46
3 no pseudorange 2026/07/09 06:01:34.000 sat=61
3 no pseudorange 2026/07/09 06:01:34.000 sat=70
3 prec ephem outage 2026/07/09 06:01:34 sat=107
3 no ephemeris 2026/07/09 06:01:33.871 sat=107
3 prec ephem outage 2026/07/09 06:01:34 sat=108
3 no ephemeris 2026/07/09 06:01:33.869 sat=108
3 prec ephem outage 2026/07/09 06:01:34 sat=114
3 no ephemeris 2026/07/09 06:01:33.880 sat=114
3 estpos  : n=31
3 resprng : n=31
3 resprng : n=31
3 resprng : n=31
3 resprng : n=31
3 valsol  : n=31 nv=15
3 pntpos  : tobs=2026/07/09 06:01:35.000 n=30
3 satposs : teph=2026/07/09 06:01:35.000 n=30 ephopt=1
3 prec ephem outage 2026/07/09 06:01:35 sat=45
3 no ephemeris 2026/07/09 06:01:34.922 sat=45
3 no pseudorange 2026/07/09 06:01:35.000 sat=61
3 no pseudorange 2026/07/09 06:01:35.000 sat=70
3 prec ephem outage 2026/07/09 06:01:35 sat=107
3 no ephemeris 2026/07/09 06:01:34.871 sat=107
3 prec ephem outage 2026/07/09 06:01:35 sat=108
3 no ephemeris 2026/07/09 06:01:34.869 sat=108
3 prec ephem outage 2026/07/09 06:01:35 sat=114
3 no ephemeris 2026/07/09 06:01:34.880 sat=114
3 estpos  : n=30
3 resprng : n=30
3 resprng : n=30
3 resprng : n=30
3 resprng : n=30
3 valsol  : n=30 nv=15
3 pntpos  : tobs=2026/07/09 06:01:36.000 n=31
3 satposs : teph=2026/07/09 06:01:36.000 n=31 ephopt=1
3 prec ephem outage 2026/07/09 06:01:36 sat=45
3 no ephemeris 2026/07/09 06:01:35.922 sat=45
3 no pseudorange 2026/07/09 06:01:36.000 sat=61
3 no pseudorange 2026/07/09 06:01:36.000 sat=70
3 prec ephem outage 2026/07/09 06:01:36 sat=107
3 no ephemeris 2026/07/09 06:01:35.871 sat=107
3 prec ephem outage 2026/07/09 06:01:36 sat=108
3 no ephemeris 2026/07/09 06:01:35.869 sat=108
3 prec ephem outage 2026/07/09 06:01:36 sat=114
3 no ephemeris 2026/07/09 06:01:35.880 sat=114
3 estpos  : n=31
3 resprng : n=31
3 resprng : n=31
3 resprng : n=31
3 resprng : n=31
3 valsol  : n=31 nv=15
3 pntpos  : tobs=2026/07/09 06:01:37.000 n=31
3 satposs : teph=2026/07/09 06:01:37.000 n=31 ephopt=1
3 prec ephem outage 2026/07/09 06:01:37 sat=45
3 no ephemeris 2026/07/09 06:01:36.922 sat=45
3 no pseudorange 2026/07/09 06:01:37.000 sat=46
3 no pseudorange 2026/07/09 06:01:37.000 sat=61
3 no pseudorange 2026/07/09 06:01:37.000 sat=70
3 prec ephem outage 2026/07/09 06:01:37 sat=107
3 no ephemeris 2026/07/09 06:01:36.871 sat=107
3 prec ephem outage 2026/07/09 06:01:37 sat=108
3 no ephemeris 2026/07/09 06:01:36.869 sat=108
3 prec ephem outage 2026/07/09 06:01:37 sat=114
3 no ephemeris 2026/07/09 06:01:36.880 sat=114
3 estpos  : n=31
3 resprng : n=31
3 resprng : n=31
3 resprng : n=31
3 resprng : n=31
3 valsol  : n=31 nv=15
3 pntpos  : tobs=2026/07/09 06:01:38.000 n=30
3 satposs : teph=2026/07/09 06:01:38.000 n=30 ephopt=1
3 prec ephem outage 2026/07/09 06:01:38 sat=45
3 no ephemeris 2026/07/09 06:01:37.922 sat=45
3 no pseudorange 2026/07/09 06:01:38.000 sat=46
3 no pseudorange 2026/07/09 06:01:38.000 sat=70
3 prec ephem outage 2026/07/09 06:01:38 sat=107
3 no ephemeris 2026/07/09 06:01:37.871 sat=107
3 prec ephem outage 2026/07/09 06:01:38 sat=108
3 no ephemeris 2026/07/09 06:01:37.869 sat=108
3 prec ephem outage 2026/07/09 06:01:38 sat=114
3 no ephemeris 2026/07/09 06:01:37.880 sat=114
3 estpos  : n=30
3 resprng : n=30
3 resprng : n=30
3 resprng : n=30
3 resprng : n=30
3 valsol  : n=30 nv=15
3 pntpos  : tobs=2026/07/09 06:01:39.000 n=31
3 satposs : teph=2026/07/09 06:01:39.000 n=31 ephopt=1
3 prec ephem outage 2026/07/09 06:01:39 sat=45
3 no ephemeris 2026/07/09 06:01:38.922 sat=45
3 no pseudorange 2026/07/09 06:01:39.000 sat=46
3 no pseudorange 2026/07/09 06:01:39.000 sat=61
3 no pseudorange 2026/07/09 06:01:39.000 sat=70
3 prec ephem outage 2026/07/09 06:01:39 sat=107
3 no ephemeris 2026/07/09 06:01:38.871 sat=107
3 prec ephem outage 2026/07/09 06:01:39 sat=108
3 no ephemeris 2026/07/09 06:01:38.869 sat=108
3 prec ephem outage 2026/07/09 06:01:39 sat=114
3 no ephemeris 2026/07/09 06:01:38.880 sat=114
3 estpos  : n=31
3 resprng : n=31
3 resprng : n=31
3 resprng : n=31
3 resprng : n=31
3 valsol  : n=31 nv=15
3 pntpos  : tobs=2026/07/09 06:01:40.000 n=30
3 satposs : teph=2026/07/09 06:01:40.000 n=30 ephopt=1
3 no pseudorange 2026/07/09 06:01:40.000 sat=46
3 no pseudorange 2026/07/09 06:01:40.000 sat=61
3 no pseudorange 2026/07/09 06:01:40.000 sat=70
3 prec ephem outage 2026/07/09 06:01:40 sat=107
3 no ephemeris 2026/07/09 06:01:39.871 sat=107
3 prec ephem outage 2026/07/09 06:01:40 sat=108
3 no ephemeris 2026/07/09 06:01:39.869 sat=108
3 prec ephem outage 2026/07/09 06:01:40 sat=114
3 no ephemeris 2026/07/09 06:01:39.880 sat=114
3 estpos  : n=30
3 resprng : n=30
3 resprng : n=30
3 resprng : n=30
3 resprng : n=30
3 valsol  : n=30 nv=15
3 pntpos  : tobs=2026/07/09 06:01:41.000 n=30
3 satposs : teph=2026/07/09 06:01:41.000 n=30 ephopt=1
3 prec ephem outage 2026/07/09 06:01:41 sat=45
3 no ephemeris 2026/07/09 06:01:40.922 sat=45
3 no pseudorange 2026/07/09 06:01:41.000 sat=46
3 no pseudorange 2026/07/09 06:01:41.000 sat=61
3 prec ephem outage 2026/07/09 06:01:41 sat=107
3 no ephemeris 2026/07/09 06:01:40.871 sat=107
3 prec ephem outage 2026/07/09 06:01:41 sat=108
3 no ephemeris 2026/07/09 06:01:40.869 sat=108
3 prec ephem outage 2026/07/09 06:01:41 sat=114
3 no ephemeris 2026/07/09 06:01:40.880 sat=114
3 estpos  : n=30
3 resprng : n=30
3 resprng : n=30
3 resprng : n=30
3 resprng : n=30
3 valsol  : n=30 nv=15
3 pntpos  : tobs=2026/07/09 06:01:42.000 n=31
3 satposs : teph=2026/07/09 06:01:42.000 n=31 ephopt=1
3 prec ephem outage 2026/07/09 06:01:42 sat=45
3 no ephemeris 2026/07/09 06:01:41.922 sat=45
3 no pseudorange 2026/07/09 06:01:42.000 sat=46
3 no pseudorange 2026/07/09 06:01:42.000 sat=61
3 prec ephem outage 2026/07/09 06:01:42 sat=107
3 no ephemeris 2026/07/09 06:01:41.871 sat=107
3 prec ephem outage 2026/07/09 06:01:42 sat=108
3 no ephemeris 2026/07/09 06:01:41.869 sat=108
3 prec ephem outage 2026/07/09 06:01:42 sat=114
3 no ephemeris 2026/07/09 06:01:41.880 sat=114
3 estpos  : n=31
3 resprng : n=31
3 resprng : n=31
3 resprng : n=31
3 resprng : n=31
3 valsol  : n=31 nv=15
3 pntpos  : tobs=2026/07/09 06:01:43.000 n=32
3 satposs : teph=2026/07/09 06:01:43.000 n=32 ephopt=1
3 prec ephem outage 2026/07/09 06:01:43 sat=45
3 no ephemeris 2026/07/09 06:01:42.922 sat=45
3 no pseudorange 2026/07/09 06:01:43.000 sat=46
3 no pseudorange 2026/07/09 06:01:43.000 sat=61
3 no pseudorange 2026/07/09 06:01:43.000 sat=70
3 prec ephem outage 2026/07/09 06:01:43 sat=107
3 no ephemeris 2026/07/09 06:01:42.871 sat=107
3 prec ephem outage 2026/07/09 06:01:43 sat=108
3 no ephemeris 2026/07/09 06:01:42.869 sat=108
3 prec ephem outage 2026/07/09 06:01:43 sat=114
3 no ephemeris 2026/07/09 06:01:42.880 sat=114
3 estpos  : n=32
3 resprng : n=32
3 resprng : n=32
3 resprng : n=32
3 resprng : n=32
3 valsol  : n=32 nv=15
3 pntpos  : tobs=2026/07/09 06:01:44.000 n=32
3 satposs : teph=2026/07/09 06:01:44.000 n=32 ephopt=1
3 prec ephem outage 2026/07/09 06:01:44 sat=45
3 no ephemeris 2026/07/09 06:01:43.922 sat=45
3 no pseudorange 2026/07/09 06:01:44.000 sat=46
3 no pseudorange 2026/07/09 06:01:44.000 sat=61
3 no pseudorange 2026/07/09 06:01:44.000 sat=70
3 prec ephem outage 2026/07/09 06:01:44 sat=107
3 no ephemeris 2026/07/09 06:01:43.871 sat=107
3 prec ephem outage 2026/07/09 06:01:44 sat=108
3 no ephemeris 2026/07/09 06:01:43.869 sat=108
3 prec ephem outage 2026/07/09 06:01:44 sat=114
3 no ephemeris 2026/07/09 06:01:43.880 sat=114
3 estpos  : n=32
3 resprng : n=32
3 resprng : n=32
3 resprng : n=32
3 resprng : n=32
3 valsol  : n=32 nv=15
3 pntpos  : tobs=2026/07/09 06:01:45.000 n=32
3 satposs : teph=2026/07/09 06:01:45.000 n=32 ephopt=1
3 prec ephem outage 2026/07/09 06:01:45 sat=45
3 no ephemeris 2026/07/09 06:01:44.922 sat=45
3 no pseudorange 2026/07/09 06:01:45.000 sat=46
3 no pseudorange 2026/07/09 06:01:45.000 sat=61
3 no pseudorange 2026/07/09 06:01:45.000 sat=70
3 prec ephem outage 2026/07/09 06:01:45 sat=107
3 no ephemeris 2026/07/09 06:01:44.871 sat=107
3 prec ephem outage 2026/07/09 06:01:45 sat=108
3 no ephemeris 2026/07/09 06:01:44.869 sat=108
3 prec ephem outage 2026/07/09 06:01:45 sat=114
3 no ephemeris 2026/07/09 06:01:44.880 sat=114
3 estpos  : n=32
3 resprng : n=32
3 resprng : n=32
3 resprng : n=32
3 resprng : n=32
3 valsol  : n=32 nv=15
3 pntpos  : tobs=2026/07/09 06:01:46.000 n=31
3 satposs : teph=2026/07/09 06:01:46.000 n=31 ephopt=1
3 prec ephem outage 2026/07/09 06:01:46 sat=45
3 no ephemeris 2026/07/09 06:01:45.922 sat=45
3 no pseudorange 2026/07/09 06:01:46.000 sat=46
3 no pseudorange 2026/07/09 06:01:46.000 sat=61
3 no pseudorange 2026/07/09 06:01:46.000 sat=70
3 prec ephem outage 2026/07/09 06:01:46 sat=107
3 no ephemeris 2026/07/09 06:01:45.871 sat=107
3 prec ephem outage 2026/07/09 06:01:46 sat=108
3 no ephemeris 2026/07/09 06:01:45.869 sat=108
3 prec ephem outage 2026/07/09 06:01:46 sat=114
3 no ephemeris 2026/07/09 06:01:45.880 sat=114
3 estpos  : n=31
3 resprng : n=31
3 resprng : n=31
3 resprng : n=31
3 resprng : n=31
3 valsol  : n=31 nv=15
3 pntpos  : tobs=2026/07/09 06:01:47.000 n=32
3 satposs : teph=2026/07/09 06:01:47.000 n=32 ephopt=1
3 prec ephem outage 2026/07/09 06:01:47 sat=45
3 no ephemeris 2026/07/09 06:01:46.922 sat=45
3 no pseudorange 2026/07/09 06:01:47.000 sat=46
3 no pseudorange 2026/07/09 06:01:47.000 sat=70
3 prec ephem outage 2026/07/09 06:01:47 sat=107
3 no ephemeris 2026/07/09 06:01:46.871 sat=107
3 prec ephem outage 2026/07/09 06:01:47 sat=108
3 no ephemeris 2026/07/09 06:01:46.869 sat=108
3 prec ephem outage 2026/07/09 06:01:47 sat=114
3 no ephemeris 2026/07/09 06:01:46.880 sat=114
3 estpos  : n=32
3 resprng : n=32
3 resprng : n=32
3 resprng : n=32
3 resprng : n=32
3 valsol  : n=32 nv=15
3 pntpos  : tobs=2026/07/09 06:01:48.000 n=30
3 satposs : teph=2026/07/09 06:01:48.000 n=30 ephopt=1
3 prec ephem outage 2026/07/09 06:01:48 sat=45
3 no ephemeris 2026/07/09 06:01:47.922 sat=45
3 no pseudorange 2026/07/09 06:01:48.000 sat=46
3 prec ephem outage 2026/07/09 06:01:48 sat=107
3 no ephemeris 2026/07/09 06:01:47.871 sat=107
3 prec ephem outage 2026/07/09 06:01:48 sat=108
3 no ephemeris 2026/07/09 06:01:47.869 sat=108
3 prec ephem outage 2026/07/09 06:01:48 sat=114
3 no ephemeris 2026/07/09 06:01:47.880 sat=114
3 estpos  : n=30
3 resprng : n=30
3 resprng : n=30
3 resprng : n=30
3 resprng : n=30
3 valsol  : n=30 nv=14
3 pntpos  : tobs=2026/07/09 06:01:49.000 n=29
3 satposs : teph=2026/07/09 06:01:49.000 n=29 ephopt=1
3 prec ephem outage 2026/07/09 06:01:49 sat=45
3 no ephemeris 2026/07/09 06:01:48.922 sat=45
3 no pseudorange 2026/07/09 06:01:49.000 sat=70
3 prec ephem outage 2026/07/09 06:01:49 sat=107
3 no ephemeris 2026/07/09 06:01:48.871 sat=107
3 prec ephem outage 2026/07/09 06:01:49 sat=108
3 no ephemeris 2026/07/09 06:01:48.869 sat=108
3 prec ephem outage 2026/07/09 06:01:49 sat=114
3 no ephemeris 2026/07/09 06:01:48.880 sat=114
3 estpos  : n=29
3 resprng : n=29
3 resprng : n=29
3 resprng : n=29
3 resprng : n=29
3 valsol  : n=29 nv=15
3 pntpos  : tobs=2026/07/09 06:01:50.000 n=31
3 satposs : teph=2026/07/09 06:01:50.000 n=31 ephopt=1
3 prec ephem outage 2026/07/09 06:01:50 sat=45
3 no ephemeris 2026/07/09 06:01:49.922 sat=45
3 no pseudorange 2026/07/09 06:01:50.000 sat=46
3 prec ephem outage 2026/07/09 06:01:50 sat=107
3 no ephemeris 2026/07/09 06:01:49.871 sat=107
3 prec ephem outage 2026/07/09 06:01:50 sat=108
3 no ephemeris 2026/07/09 06:01:49.869 sat=108
3 prec ephem outage 2026/07/09 06:01:50 sat=114
3 no ephemeris 2026/07/09 06:01:49.880 sat=114
3 estpos  : n=31
3 resprng : n=31
3 resprng : n=31
3 resprng : n=31
3 resprng : n=31
3 valsol  : n=31 nv=15
3 pntpos  : tobs=2026/07/09 06:01:51.000 n=32
3 satposs : teph=2026/07/09 06:01:51.000 n=32 ephopt=1
3 prec ephem outage 2026/07/09 06:01:51 sat=45
3 no ephemeris 2026/07/09 06:01:50.922 sat=45
3 no pseudorange 2026/07/09 06:01:51.000 sat=46
3 no pseudorange 2026/07/09 06:01:51.000 sat=70
3 prec ephem outage 2026/07/09 06:01:51 sat=107
3 no ephemeris 2026/07/09 06:01:50.871 sat=107
3 prec ephem outage 2026/07/09 06:01:51 sat=108
3 no ephemeris 2026/07/09 06:01:50.869 sat=108
3 prec ephem outage 2026/07/09 06:01:51 sat=114
3 no ephemeris 2026/07/09 06:01:50.880 sat=114
3 estpos  : n=32
3 resprng : n=32
3 resprng : n=32
3 resprng : n=32
3 resprng : n=32
3 valsol  : n=32 nv=15
3 pntpos  : tobs=2026/07/09 06:01:52.000 n=30
3 satposs : teph=2026/07/09 06:01:52.000 n=30 ephopt=1
3 prec ephem outage 2026/07/09 06:01:52 sat=45
3 no ephemeris 2026/07/09 06:01:51.922 sat=45
3 no pseudorange 2026/07/09 06:01:52.000 sat=46
3 prec ephem outage 2026/07/09 06:01:52 sat=107
3 no ephemeris 2026/07/09 06:01:51.871 sat=107
3 prec ephem outage 2026/07/09 06:01:52 sat=108
3 no ephemeris 2026/07/09 06:01:51.869 sat=108
3 prec ephem outage 2026/07/09 06:01:52 sat=114
3 no ephemeris 2026/07/09 06:01:51.880 sat=114
3 estpos  : n=30
3 resprng : n=30
3 resprng : n=30
3 resprng : n=30
3 resprng : n=30
3 valsol  : n=30 nv=15
3 pntpos  : tobs=2026/07/09 06:01:53.000 n=31
3 satposs : teph=2026/07/09 06:01:53.000 n=31 ephopt=1
3 prec ephem outage 2026/07/09 06:01:53 sat=45
3 no ephemeris 2026/07/09 06:01:52.922 sat=45
3 no pseudorange 2026/07/09 06:01:53.000 sat=46
3 no pseudorange 2026/07/09 06:01:53.000 sat=70
3 prec ephem outage 2026/07/09 06:01:53 sat=107
3 no ephemeris 2026/07/09 06:01:52.871 sat=107
3 prec ephem outage 2026/07/09 06:01:53 sat=108
3 no ephemeris 2026/07/09 06:01:52.869 sat=108
3 prec ephem outage 2026/07/09 06:01:53 sat=114
3 no ephemeris 2026/07/09 06:01:52.880 sat=114
3 estpos  : n=31
3 resprng : n=31
3 resprng : n=31
3 resprng : n=31
3 resprng : n=31
3 valsol  : n=31 nv=15
3 pntpos  : tobs=2026/07/09 06:01:54.000 n=32
3 satposs : teph=2026/07/09 06:01:54.000 n=32 ephopt=1
3 prec ephem outage 2026/07/09 06:01:54 sat=45
3 no ephemeris 2026/07/09 06:01:53.922 sat=45
3 no pseudorange 2026/07/09 06:01:54.000 sat=46
3 no pseudorange 2026/07/09 06:01:54.000 sat=61
3 no pseudorange 2026/07/09 06:01:54.000 sat=70
3 prec ephem outage 2026/07/09 06:01:54 sat=107
3 no ephemeris 2026/07/09 06:01:53.871 sat=107
3 prec ephem outage 2026/07/09 06:01:54 sat=108
3 no ephemeris 2026/07/09 06:01:53.869 sat=108
3 prec ephem outage 2026/07/09 06:01:54 sat=114
3 no ephemeris 2026/07/09 06:01:53.880 sat=114
3 estpos  : n=32
3 resprng : n=32
3 resprng : n=32
3 resprng : n=32
3 resprng : n=32
3 valsol  : n=32 nv=15
3 pntpos  : tobs=2026/07/09 06:01:55.000 n=29
3 satposs : teph=2026/07/09 06:01:55.000 n=29 ephopt=1
3 no pseudorange 2026/07/09 06:01:55.000 sat=46
3 no pseudorange 2026/07/09 06:01:55.000 sat=61
3 no pseudorange 2026/07/09 06:01:55.000 sat=70
3 prec ephem outage 2026/07/09 06:01:55 sat=107
3 no ephemeris 2026/07/09 06:01:54.871 sat=107
3 prec ephem outage 2026/07/09 06:01:55 sat=108
3 no ephemeris 2026/07/09 06:01:54.869 sat=108
3 prec ephem outage 2026/07/09 06:01:55 sat=114
3 no ephemeris 2026/07/09 06:01:54.880 sat=114
3 estpos  : n=29
3 resprng : n=29
3 resprng : n=29
3 resprng : n=29
3 resprng : n=29
3 valsol  : n=29 nv=15
3 pntpos  : tobs=2026/07/09 06:01:56.000 n=29
3 satposs : teph=2026/07/09 06:01:56.000 n=29 ephopt=1
3 no pseudorange 2026/07/09 06:01:56.000 sat=46
3 no pseudorange 2026/07/09 06:01:56.000 sat=61
3 no pseudorange 2026/07/09 06:01:56.000 sat=70
3 prec ephem outage 2026/07/09 06:01:56 sat=107
3 no ephemeris 2026/07/09 06:01:55.871 sat=107
3 prec ephem outage 2026/07/09 06:01:56 sat=108
3 no ephemeris 2026/07/09 06:01:55.869 sat=108
3 prec ephem outage 2026/07/09 06:01:56 sat=114
3 no ephemeris 2026/07/09 06:01:55.880 sat=114
3 estpos  : n=29
3 resprng : n=29
3 resprng : n=29
3 resprng : n=29
3 resprng : n=29
3 valsol  : n=29 nv=14
3 pntpos  : tobs=2026/07/09 06:01:57.000 n=31
3 satposs : teph=2026/07/09 06:01:57.000 n=31 ephopt=1
3 no pseudorange 2026/07/09 06:01:57.000 sat=46
3 no pseudorange 2026/07/09 06:01:57.000 sat=61
3 no pseudorange 2026/07/09 06:01:57.000 sat=70
3 prec ephem outage 2026/07/09 06:01:57 sat=107
3 no ephemeris 2026/07/09 06:01:56.871 sat=107
3 prec ephem outage 2026/07/09 06:01:57 sat=108
3 no ephemeris 2026/07/09 06:01:56.869 sat=108
3 prec ephem outage 2026/07/09 06:01:57 sat=114
3 no ephemeris 2026/07/09 06:01:56.880 sat=114
3 estpos  : n=31
3 resprng : n=31
3 resprng : n=31
3 resprng : n=31
3 resprng : n=31
3 valsol  : n=31 nv=15
3 pntpos  : tobs=2026/07/09 06:01:58.000 n=31
3 satposs : teph=2026/07/09 06:01:58.000 n=31 ephopt=1
3 no pseudorange 2026/07/09 06:01:58.000 sat=46
3 no pseudorange 2026/07/09 06:01:58.000 sat=61
3 no pseudorange 2026/07/09 06:01:58.000 sat=70
3 prec ephem outage 2026/07/09 06:01:58 sat=107
3 no ephemeris 2026/07/09 06:01:57.871 sat=107
3 prec ephem outage 2026/07/09 06:01:58 sat=108
3 no ephemeris 2026/07/09 06:01:57.869 sat=108
3 prec ephem outage 2026/07/09 06:01:58 sat=114
3 no ephemeris 2026/07/09 06:01:57.880 sat=114
3 estpos  : n=31
3 resprng : n=31
3 resprng : n=31
3 resprng : n=31
3 resprng : n=31
3 valsol  : n=31 nv=15
3 pntpos  : tobs=2026/07/09 06:01:59.000 n=30
3 satposs : teph=2026/07/09 06:01:59.000 n=30 ephopt=1
3 no pseudorange 2026/07/09 06:01:59.000 sat=46
3 no pseudorange 2026/07/09 06:01:59.000 sat=61
3 no pseudorange 2026/07/09 06:01:59.000 sat=70
3 prec ephem outage 2026/07/09 06:01:59 sat=107
3 no ephemeris 2026/07/09 06:01:58.871 sat=107
3 prec ephem outage 2026/07/09 06:01:59 sat=108
3 no ephemeris 2026/07/09 06:01:58.869 sat=108
3 prec ephem outage 2026/07/09 06:01:59 sat=114
3 no ephemeris 2026/07/09 06:01:58.880 sat=114
3 estpos  : n=30
3 resprng : n=30
3 resprng : n=30
3 resprng : n=30
3 resprng : n=30
3 valsol  : n=30 nv=15
3 pntpos  : tobs=2026/07/09 06:02:00.000 n=30
3 satposs : teph=2026/07/09 06:02:00.000 n=30 ephopt=1
3 no pseudorange 2026/07/09 06:02:00.000 sat=46
3 no pseudorange 2026/07/09 06:02:00.000 sat=70
3 prec ephem outage 2026/07/09 06:02:00 sat=107
3 no ephemeris 2026/07/09 06:01:59.871 sat=107
3 prec ephem outage 2026/07/09 06:02:00 sat=108
3 no ephemeris 2026/07/09 06:01:59.869 sat=108
3 prec ephem outage 2026/07/09 06:02:00 sat=114
3 no ephemeris 2026/07/09 06:01:59.880 sat=114
3 estpos  : n=30
3 resprng : n=30
3 resprng : n=30
3 resprng : n=30
3 resprng : n=30
3 valsol  : n=30 nv=15
3 pntpos  : tobs=2026/07/09 06:02:01.000 n=31
3 satposs : teph=2026/07/09 06:02:01.000 n=31 ephopt=1
3 no pseudorange 2026/07/09 06:02:01.000 sat=46
3 no pseudorange 2026/07/09 06:02:01.000 sat=70
3 prec ephem outage 2026/07/09 06:02:01 sat=107
3 no ephemeris 2026/07/09 06:02:00.871 sat=107
3 prec ephem outage 2026/07/09 06:02:01 sat=108
3 no ephemeris 2026/07/09 06:02:00.869 sat=108
3 prec ephem outage 2026/07/09 06:02:01 sat=114
3 no ephemeris 2026/07/09 06:02:00.880 sat=114
3 estpos  : n=31
3 resprng : n=31
3 resprng : n=31
3 resprng : n=31
3 resprng : n=31
3 valsol  : n=31 nv=15
3 pntpos  : tobs=2026/07/09 06:02:02.000 n=29
3 satposs : teph=2026/07/09 06:02:02.000 n=29 ephopt=1
3 no pseudorange 2026/07/09 06:02:02.000 sat=70
3 prec ephem outage 2026/07/09 06:02:02 sat=107
3 no ephemeris 2026/07/09 06:02:01.871 sat=107
3 prec ephem outage 2026/07/09 06:02:02 sat=108
3 no ephemeris 2026/07/09 06:02:01.869 sat=108
3 prec ephem outage 2026/07/09 06:02:02 sat=114
3 no ephemeris 2026/07/09 06:02:01.880 sat=114
3 estpos  : n=29
3 resprng : n=29
3 resprng : n=29
3 resprng : n=29
3 resprng : n=29
3 valsol  : n=29 nv=15
3 pntpos  : tobs=2026/07/09 06:02:03.000 n=30
3 satposs : teph=2026/07/09 06:02:03.000 n=30 ephopt=1
3 no pseudorange 2026/07/09 06:02:03.000 sat=46
3 no pseudorange 2026/07/09 06:02:03.000 sat=70
3 prec ephem outage 2026/07/09 06:02:03 sat=107
3 no ephemeris 2026/07/09 06:02:02.871 sat=107
3 prec ephem outage 2026/07/09 06:02:03 sat=108
3 no ephemeris 2026/07/09 06:02:02.869 sat=108
3 prec ephem outage 2026/07/09 06:02:03 sat=114
3 no ephemeris 2026/07/09 06:02:02.880 sat=114
3 estpos  : n=30
3 resprng : n=30
3 resprng : n=30
3 resprng : n=30
3 resprng : n=30
3 valsol  : n=30 nv=15
3 pntpos  : tobs=2026/07/09 06:02:04.000 n=30
3 satposs : teph=2026/07/09 06:02:04.000 n=30 ephopt=1
3 no pseudorange 2026/07/09 06:02:04.000 sat=46
3 no pseudorange 2026/07/09 06:02:04.000 sat=70
3 prec ephem outage 2026/07/09 06:02:04 sat=107
3 no ephemeris 2026/07/09 06:02:03.871 sat=107
3 prec ephem outage 2026/07/09 06:02:04 sat=108
3 no ephemeris 2026/07/09 06:02:03.869 sat=108
3 prec ephem outage 2026/07/09 06:02:04 sat=114
3 no ephemeris 2026/07/09 06:02:03.880 sat=114
3 estpos  : n=30
3 resprng : n=30
3 resprng : n=30
3 resprng : n=30
3 resprng : n=30
3 valsol  : n=30 nv=15
3 pntpos  : tobs=2026/07/09 06:02:05.000 n=30
3 satposs : teph=2026/07/09 06:02:05.000 n=30 ephopt=1
3 prec ephem outage 2026/07/09 06:02:05 sat=45
3 no ephemeris 2026/07/09 06:02:04.922 sat=45
3 no pseudorange 2026/07/09 06:02:05.000 sat=46
3 no pseudorange 2026/07/09 06:02:05.000 sat=70
3 prec ephem outage 2026/07/09 06:02:05 sat=108
3 no ephemeris 2026/07/09 06:02:04.869 sat=108
3 prec ephem outage 2026/07/09 06:02:05 sat=114
3 no ephemeris 2026/07/09 06:02:04.880 sat=114
3 estpos  : n=30
3 resprng : n=30
3 resprng : n=30
3 resprng : n=30
3 resprng : n=30
3 valsol  : n=30 nv=15
3 pntpos  : tobs=2026/07/09 06:02:06.000 n=29
3 satposs : teph=2026/07/09 06:02:06.000 n=29 ephopt=1
3 prec ephem outage 2026/07/09 06:02:06 sat=45
3 no ephemeris 2026/07/09 06:02:05.922 sat=45
3 no pseudorange 2026/07/09 06:02:06.000 sat=70
3 prec ephem outage 2026/07/09 06:02:06 sat=108
3 no ephemeris 2026/07/09 06:02:05.869 sat=108
3 prec ephem outage 2026/07/09 06:02:06 sat=114
3 no ephemeris 2026/07/09 06:02:05.880 sat=114
3 estpos  : n=29
3 resprng : n=29
3 resprng : n=29
3 resprng : n=29
3 resprng : n=29
3 valsol  : n=29 nv=15
3 pntpos  : tobs=2026/07/09 06:02:07.000 n=30
3 satposs : teph=2026/07/09 06:02:07.000 n=30 ephopt=1
3 prec ephem outage 2026/07/09 06:02:07 sat=107
3 no ephemeris 2026/07/09 06:02:06.871 sat=107
3 prec ephem outage 2026/07/09 06:02:07 sat=108
3 no ephemeris 2026/07/09 06:02:06.869 sat=108
3 prec ephem outage 2026/07/09 06:02:07 sat=114
3 no ephemeris 2026/07/09 06:02:06.880 sat=114
3 estpos  : n=30
3 resprng : n=30
3 resprng : n=30
3 resprng : n=30
3 resprng : n=30
3 valsol  : n=30 nv=15
3 pntpos  : tobs=2026/07/09 06:02:08.000 n=32
3 satposs : teph=2026/07/09 06:02:08.000 n=32 ephopt=1
3 prec ephem outage 2026/07/09 06:02:08 sat=45
3 no ephemeris 2026/07/09 06:02:07.922 sat=45
3 no pseudorange 2026/07/09 06:02:08.000 sat=46
3 no pseudorange 2026/07/09 06:02:08.000 sat=70
3 prec ephem outage 2026/07/09 06:02:08 sat=108
3 no ephemeris 2026/07/09 06:02:07.869 sat=108
3 prec ephem outage 2026/07/09 06:02:08 sat=114
3 no ephemeris 2026/07/09 06:02:07.880 sat=114
3 estpos  : n=32
3 resprng : n=32
3 resprng : n=32
3 resprng : n=32
3 resprng : n=32
3 valsol  : n=32 nv=15
3 pntpos  : tobs=2026/07/09 06:02:09.000 n=29
3 satposs : teph=2026/07/09 06:02:09.000 n=29 ephopt=1
3 no pseudorange 2026/07/09 06:02:09.000 sat=70
3 prec ephem outage 2026/07/09 06:02:09 sat=108
3 no ephemeris 2026/07/09 06:02:08.869 sat=108
3 prec ephem outage 2026/07/09 06:02:09 sat=114
3 no ephemeris 2026/07/09 06:02:08.879 sat=114
3 estpos  : n=29
3 resprng : n=29
3 resprng : n=29
3 resprng : n=29
3 resprng : n=29
3 valsol  : n=29 nv=15
3 pntpos  : tobs=2026/07/09 06:02:10.000 n=28
3 satposs : teph=2026/07/09 06:02:10.000 n=28 ephopt=1
3 no pseudorange 2026/07/09 06:02:10.000 sat=70
3 prec ephem outage 2026/07/09 06:02:10 sat=108
3 no ephemeris 2026/07/09 06:02:09.869 sat=108
3 prec ephem outage 2026/07/09 06:02:10 sat=114
3 no ephemeris 2026/07/09 06:02:09.879 sat=114
3 estpos  : n=28
3 resprng : n=28
3 resprng : n=28
3 resprng : n=28
3 resprng : n=28
3 valsol  : n=28 nv=15
3 pntpos  : tobs=2026/07/09 06:02:11.000 n=29
3 satposs : teph=2026/07/09 06:02:11.000 n=29 ephopt=1
3 no pseudorange 2026/07/09 06:02:11.000 sat=61
3 no pseudorange 2026/07/09 06:02:11.000 sat=70
3 prec ephem outage 2026/07/09 06:02:11 sat=108
3 no ephemeris 2026/07/09 06:02:10.869 sat=108
3 prec ephem outage 2026/07/09 06:02:11 sat=114
3 no ephemeris 2026/07/09 06:02:10.879 sat=114
3 estpos  : n=29
3 resprng : n=29
3 resprng : n=29
3 resprng : n=29
3 resprng : n=29
3 valsol  : n=29 nv=15
3 pntpos  : tobs=2026/07/09 06:02:12.000 n=31
3 satposs : teph=2026/07/09 06:02:12.000 n=31 ephopt=1
3 prec ephem outage 2026/07/09 06:02:12 sat=45
3 no ephemeris 2026/07/09 06:02:11.922 sat=45
3 no pseudorange 2026/07/09 06:02:12.000 sat=61
3 no pseudorange 2026/07/09 06:02:12.000 sat=70
3 prec ephem outage 2026/07/09 06:02:12 sat=108
3 no ephemeris 2026/07/09 06:02:11.869 sat=108
3 prec ephem outage 2026/07/09 06:02:12 sat=114
3 no ephemeris 2026/07/09 06:02:11.879 sat=114
3 estpos  : n=31
3 resprng : n=31
3 resprng : n=31
3 resprng : n=31
3 resprng : n=31
3 valsol  : n=31 nv=15
3 pntpos  : tobs=2026/07/09 06:02:13.000 n=30
3 satposs : teph=2026/07/09 06:02:13.000 n=30 ephopt=1
3 no pseudorange 2026/07/09 06:02:13.000 sat=61
3 no pseudorange 2026/07/09 06:02:13.000 sat=70
3 prec ephem outage 2026/07/09 06:02:13 sat=108
3 no ephemeris 2026/07/09 06:02:12.869 sat=108
3 prec ephem outage 2026/07/09 06:02:13 sat=114
3 no ephemeris 2026/07/09 06:02:12.879 sat=114
3 estpos  : n=30
3 resprng : n=30
3 resprng : n=30
3 resprng : n=30
3 resprng : n=30
3 valsol  : n=30 nv=15
3 pntpos  : tobs=2026/07/09 06:02:14.000 n=30
3 satposs : teph=2026/07/09 06:02:14.000 n=30 ephopt=1
3 no pseudorange 2026/07/09 06:02:14.000 sat=46
3 no pseudorange 2026/07/09 06:02:14.000 sat=61
3 no pseudorange 2026/07/09 06:02:14.000 sat=70
3 prec ephem outage 2026/07/09 06:02:14 sat=107
3 no ephemeris 2026/07/09 06:02:13.871 sat=107
3 prec ephem outage 2026/07/09 06:02:14 sat=108
3 no ephemeris 2026/07/09 06:02:13.869 sat=108
3 prec ephem outage 2026/07/09 06:02:14 sat=114
3 no ephemeris 2026/07/09 06:02:13.879 sat=114
3 estpos  : n=30
3 resprng : n=30
3 resprng : n=30
3 resprng : n=30
3 resprng : n=30
3 valsol  : n=30 nv=15
3 pntpos  : tobs=2026/07/09 06:02:15.000 n=28
3 satposs : teph=2026/07/09 06:02:15.000 n=28 ephopt=1
3 no pseudorange 2026/07/09 06:02:15.000 sat=61
3 no pseudorange 2026/07/09 06:02:15.000 sat=70
3 prec ephem outage 2026/07/09 06:02:15 sat=108
3 no ephemeris 2026/07/09 06:02:14.869 sat=108
3 prec ephem outage 2026/07/09 06:02:15 sat=114
3 no ephemeris 2026/07/09 06:02:14.879 sat=114
3 estpos  : n=28
3 resprng : n=28
3 resprng : n=28
3 resprng : n=28
3 resprng : n=28
3 valsol  : n=28 nv=15
3 pntpos  : tobs=2026/07/09 06:02:16.000 n=31
3 satposs : teph=2026/07/09 06:02:16.000 n=31 ephopt=1
3 no pseudorange 2026/07/09 06:02:16.000 sat=46
3 no pseudorange 2026/07/09 06:02:16.000 sat=70
3 prec ephem outage 2026/07/09 06:02:16 sat=107
3 no ephemeris 2026/07/09 06:02:15.871 sat=107
3 prec ephem outage 2026/07/09 06:02:16 sat=108
3 no ephemeris 2026/07/09 06:02:15.869 sat=108
3 prec ephem outage 2026/07/09 06:02:16 sat=114
3 no ephemeris 2026/07/09 06:02:15.879 sat=114
3 estpos  : n=31
3 resprng : n=31
3 resprng : n=31
3 resprng : n=31
3 resprng : n=31
3 valsol  : n=31 nv=15
3 pntpos  : tobs=2026/07/09 06:02:17.000 n=30
3 satposs : teph=2026/07/09 06:02:17.000 n=30 ephopt=1
3 no pseudorange 2026/07/09 06:02:17.000 sat=70
3 prec ephem outage 2026/07/09 06:02:17 sat=107
3 no ephemeris 2026/07/09 06:02:16.871 sat=107
3 prec ephem outage 2026/07/09 06:02:17 sat=108
3 no ephemeris 2026/07/09 06:02:16.869 sat=108
3 prec ephem outage 2026/07/09 06:02:17 sat=114
3 no ephemeris 2026/07/09 06:02:16.879 sat=114
3 estpos  : n=30
3 resprng : n=30
3 resprng : n=30
3 resprng : n=30
3 resprng : n=30
3 valsol  : n=30 nv=15
3 pntpos  : tobs=2026/07/09 06:02:18.000 n=30
3 satposs : teph=2026/07/09 06:02:18.000 n=30 ephopt=1
3 prec ephem outage 2026/07/09 06:02:18 sat=45
3 no ephemeris 2026/07/09 06:02:17.922 sat=45
3 no pseudorange 2026/07/09 06:02:18.000 sat=70
3 prec ephem outage 2026/07/09 06:02:18 sat=107
3 no ephemeris 2026/07/09 06:02:17.871 sat=107
3 prec ephem outage 2026/07/09 06:02:18 sat=108
3 no ephemeris 2026/07/09 06:02:17.869 sat=108
3 prec ephem outage 2026/07/09 06:02:18 sat=114
3 no ephemeris 2026/07/09 06:02:17.879 sat=114
3 estpos  : n=30
3 resprng : n=30
3 resprng : n=30
3 resprng : n=30
3 resprng : n=30
3 valsol  : n=30 nv=15
3 pntpos  : tobs=2026/07/09 06:02:19.000 n=31
3 satposs : teph=2026/07/09 06:02:19.000 n=31 ephopt=1
3 prec ephem outage 2026/07/09 06:02:19 sat=45
3 no ephemeris 2026/07/09 06:02:18.922 sat=45
3 no pseudorange 2026/07/09 06:02:19.000 sat=46
3 no pseudorange 2026/07/09 06:02:19.000 sat=70
3 prec ephem outage 2026/07/09 06:02:19 sat=108
3 no ephemeris 2026/07/09 06:02:18.869 sat=108
3 prec ephem outage 2026/07/09 06:02:19 sat=114
3 no ephemeris 2026/07/09 06:02:18.879 sat=114
3 estpos  : n=31
3 resprng : n=31
3 resprng : n=31
3 resprng : n=31
3 resprng : n=31
3 valsol  : n=31 nv=15
3 pntpos  : tobs=2026/07/09 06:02:20.000 n=32
3 satposs : teph=2026/07/09 06:02:20.000 n=32 ephopt=1
3 prec ephem outage 2026/07/09 06:02:20 sat=45
3 no ephemeris 2026/07/09 06:02:19.922 sat=45
3 no pseudorange 2026/07/09 06:02:20.000 sat=70
3 prec ephem outage 2026/07/09 06:02:20 sat=107
3 no ephemeris 2026/07/09 06:02:19.871 sat=107
3 prec ephem outage 2026/07/09 06:02:20 sat=108
3 no ephemeris 2026/07/09 06:02:19.869 sat=108
3 prec ephem outage 2026/07/09 06:02:20 sat=114
3 no ephemeris 2026/07/09 06:02:19.879 sat=114
3 estpos  : n=32
3 resprng : n=32
3 resprng : n=32
3 resprng : n=32
3 resprng : n=32
3 valsol  : n=32 nv=15
3 pntpos  : tobs=2026/07/09 06:02:21.000 n=31
3 satposs : teph=2026/07/09 06:02:21.000 n=31 ephopt=1
3 prec ephem outage 2026/07/09 06:02:21 sat=45
3 no ephemeris 2026/07/09 06:02:20.922 sat=45
3 no pseudorange 2026/07/09 06:02:21.000 sat=46
3 no pseudorange 2026/07/09 06:02:21.000 sat=70
3 prec ephem outage 2026/07/09 06:02:21 sat=107
3 no ephemeris 2026/07/09 06:02:20.871 sat=107
3 prec ephem outage 2026/07/09 06:02:21 sat=108
3 no ephemeris 2026/07/09 06:02:20.869 sat=108
3 prec ephem outage 2026/07/09 06:02:21 sat=114
3 no ephemeris 2026/07/09 06:02:20.879 sat=114
3 estpos  : n=31
3 resprng : n=31
3 resprng : n=31
3 resprng : n=31
3 resprng : n=31
3 valsol  : n=31 nv=15
3 pntpos  : tobs=2026/07/09 06:02:22.000 n=31
3 satposs : teph=2026/07/09 06:02:22.000 n=31 ephopt=1
3 prec ephem outage 2026/07/09 06:02:22 sat=45
3 no ephemeris 2026/07/09 06:02:21.922 sat=45
3 no pseudorange 2026/07/09 06:02:22.000 sat=46
3 no pseudorange 2026/07/09 06:02:22.000 sat=70
3 prec ephem outage 2026/07/09 06:02:22 sat=107
3 no ephemeris 2026/07/09 06:02:21.871 sat=107
3 prec ephem outage 2026/07/09 06:02:22 sat=108
3 no ephemeris 2026/07/09 06:02:21.869 sat=108
3 prec ephem outage 2026/07/09 06:02:22 sat=114
3 no ephemeris 2026/07/09 06:02:21.879 sat=114
3 estpos  : n=31
3 resprng : n=31
3 resprng : n=31
3 resprng : n=31
3 resprng : n=31
3 valsol  : n=31 nv=15
3 pntpos  : tobs=2026/07/09 06:02:23.000 n=32
3 satposs : teph=2026/07/09 06:02:23.000 n=32 ephopt=1
3 prec ephem outage 2026/07/09 06:02:23 sat=45
3 no ephemeris 2026/07/09 06:02:22.922 sat=45
3 no pseudorange 2026/07/09 06:02:23.000 sat=46
3 no pseudorange 2026/07/09 06:02:23.000 sat=61
3 no pseudorange 2026/07/09 06:02:23.000 sat=70
3 prec ephem outage 2026/07/09 06:02:23 sat=107
3 no ephemeris 2026/07/09 06:02:22.871 sat=107
3 prec ephem outage 2026/07/09 06:02:23 sat=108
3 no ephemeris 2026/07/09 06:02:22.869 sat=108
3 prec ephem outage 2026/07/09 06:02:23 sat=114
3 no ephemeris 2026/07/09 06:02:22.879 sat=114
3 estpos  : n=32
3 resprng : n=32
3 resprng : n=32
3 resprng : n=32
3 resprng : n=32
3 valsol  : n=32 nv=15
3 pntpos  : tobs=2026/07/09 06:02:24.000 n=31
3 satposs : teph=2026/07/09 06:02:24.000 n=31 ephopt=1
3 prec ephem outage 2026/07/09 06:02:24 sat=45
3 no ephemeris 2026/07/09 06:02:23.922 sat=45
3 no pseudorange 2026/07/09 06:02:24.000 sat=46
3 no pseudorange 2026/07/09 06:02:24.000 sat=61
3 no pseudorange 2026/07/09 06:02:24.000 sat=70
3 prec ephem outage 2026/07/09 06:02:24 sat=107
3 no ephemeris 2026/07/09 06:02:23.871 sat=107
3 prec ephem outage 2026/07/09 06:02:24 sat=108
3 no ephemeris 2026/07/09 06:02:23.869 sat=108
3 prec ephem outage 2026/07/09 06:02:24 sat=114
3 no ephemeris 2026/07/09 06:02:23.879 sat=114
3 estpos  : n=31
3 resprng : n=31
3 resprng : n=31
3 resprng : n=31
3 resprng : n=31
3 valsol  : n=31 nv=15
3 pntpos  : tobs=2026/07/09 06:02:25.000 n=31
3 satposs : teph=2026/07/09 06:02:25.000 n=31 ephopt=1
3 prec ephem outage 2026/07/09 06:02:25 sat=45
3 no ephemeris 2026/07/09 06:02:24.922 sat=45
3 no pseudorange 2026/07/09 06:02:25.000 sat=46
3 no pseudorange 2026/07/09 06:02:25.000 sat=61
3 no pseudorange 2026/07/09 06:02:25.000 sat=70
3 prec ephem outage 2026/07/09 06:02:25 sat=107
3 no ephemeris 2026/07/09 06:02:24.871 sat=107
3 prec ephem outage 2026/07/09 06:02:25 sat=108
3 no ephemeris 2026/07/09 06:02:24.869 sat=108
3 prec ephem outage 2026/07/09 06:02:25 sat=114
3 no ephemeris 2026/07/09 06:02:24.879 sat=114
3 estpos  : n=31
3 resprng : n=31
3 resprng : n=31
3 resprng : n=31
3 resprng : n=31
3 valsol  : n=31 nv=15
3 pntpos  : tobs=2026/07/09 06:02:26.000 n=32
3 satposs : teph=2026/07/09 06:02:26.000 n=32 ephopt=1
3 no pseudorange 2026/07/09 06:02:26.000 sat=46
3 no pseudorange 2026/07/09 06:02:26.000 sat=61
3 no pseudorange 2026/07/09 06:02:26.000 sat=70
3 prec ephem outage 2026/07/09 06:02:26 sat=107
3 no ephemeris 2026/07/09 06:02:25.871 sat=107
3 prec ephem outage 2026/07/09 06:02:26 sat=108
3 no ephemeris 2026/07/09 06:02:25.869 sat=108
3 prec ephem outage 2026/07/09 06:02:26 sat=114
3 no ephemeris 2026/07/09 06:02:25.879 sat=114
3 estpos  : n=32
3 resprng : n=32
3 resprng : n=32
3 resprng : n=32
3 resprng : n=32
3 valsol  : n=32 nv=15
3 pntpos  : tobs=2026/07/09 06:02:27.000 n=30
3 satposs : teph=2026/07/09 06:02:27.000 n=30 ephopt=1
3 no pseudorange 2026/07/09 06:02:27.000 sat=61
3 prec ephem outage 2026/07/09 06:02:27 sat=107
3 no ephemeris 2026/07/09 06:02:26.871 sat=107
3 prec ephem outage 2026/07/09 06:02:27 sat=108
3 no ephemeris 2026/07/09 06:02:26.869 sat=108
3 prec ephem outage 2026/07/09 06:02:27 sat=114
3 no ephemeris 2026/07/09 06:02:26.879 sat=114
3 estpos  : n=30
3 resprng : n=30
3 resprng : n=30
3 resprng : n=30
3 resprng : n=30
3 valsol  : n=30 nv=15
3 pntpos  : tobs=2026/07/09 06:02:28.000 n=30
3 satposs : teph=2026/07/09 06:02:28.000 n=30 ephopt=1
3 no pseudorange 2026/07/09 06:02:28.000 sat=46
3 no pseudorange 2026/07/09 06:02:28.000 sat=61
3 no pseudorange 2026/07/09 06:02:28.000 sat=70
3 prec ephem outage 2026/07/09 06:02:28 sat=107
3 no ephemeris 2026/07/09 06:02:27.871 sat=107
3 prec ephem outage 2026/07/09 06:02:28 sat=108
3 no ephemeris 2026/07/09 06:02:27.869 sat=108
3 prec ephem outage 2026/07/09 06:02:28 sat=114
3 no ephemeris 2026/07/09 06:02:27.879 sat=114
3 estpos  : n=30
3 resprng : n=30
3 resprng : n=30
3 resprng : n=30
3 resprng : n=30
3 valsol  : n=30 nv=15
3 pntpos  : tobs=2026/07/09 06:02:29.000 n=31
3 satposs : teph=2026/07/09 06:02:29.000 n=31 ephopt=1
3 prec ephem outage 2026/07/09 06:02:29 sat=45
3 no ephemeris 2026/07/09 06:02:28.922 sat=45
3 no pseudorange 2026/07/09 06:02:29.000 sat=46
3 no pseudorange 2026/07/09 06:02:29.000 sat=61
3 no pseudorange 2026/07/09 06:02:29.000 sat=70
3 prec ephem outage 2026/07/09 06:02:29 sat=107
3 no ephemeris 2026/07/09 06:02:28.871 sat=107
3 prec ephem outage 2026/07/09 06:02:29 sat=108
3 no ephemeris 2026/07/09 06:02:28.869 sat=108
3 prec ephem outage 2026/07/09 06:02:29 sat=114
3 no ephemeris 2026/07/09 06:02:28.879 sat=114
3 estpos  : n=31
3 resprng : n=31
3 resprng : n=31
3 resprng : n=31
3 resprng : n=31
3 valsol  : n=31 nv=15
3 pntpos  : tobs=2026/07/09 06:02:30.000 n=31
3 satposs : teph=2026/07/09 06:02:30.000 n=31 ephopt=1
3 prec ephem outage 2026/07/09 06:02:30 sat=45
3 no ephemeris 2026/07/09 06:02:29.922 sat=45
3 no pseudorange 2026/07/09 06:02:30.000 sat=46
3 no pseudorange 2026/07/09 06:02:30.000 sat=61
3 prec ephem outage 2026/07/09 06:02:30 sat=107
3 no ephemeris 2026/07/09 06:02:29.871 sat=107
3 prec ephem outage 2026/07/09 06:02:30 sat=108
3 no ephemeris 2026/07/09 06:02:29.869 sat=108
3 prec ephem outage 2026/07/09 06:02:30 sat=114
3 no ephemeris 2026/07/09 06:02:29.879 sat=114
3 estpos  : n=31
3 resprng : n=31
3 resprng : n=31
3 resprng : n=31
3 resprng : n=31
3 valsol  : n=31 nv=15
3 pntpos  : tobs=2026/07/09 06:02:31.000 n=32
3 satposs : teph=2026/07/09 06:02:31.000 n=32 ephopt=1
3 prec ephem outage 2026/07/09 06:02:31 sat=45
3 no ephemeris 2026/07/09 06:02:30.922 sat=45
3 no pseudorange 2026/07/09 06:02:31.000 sat=46
3 no pseudorange 2026/07/09 06:02:31.000 sat=61
3 no pseudorange 2026/07/09 06:02:31.000 sat=70
3 prec ephem outage 2026/07/09 06:02:31 sat=107
3 no ephemeris 2026/07/09 06:02:30.871 sat=107
3 prec ephem outage 2026/07/09 06:02:31 sat=108
3 no ephemeris 2026/07/09 06:02:30.869 sat=108
3 prec ephem outage 2026/07/09 06:02:31 sat=114
3 no ephemeris 2026/07/09 06:02:30.879 sat=114
3 estpos  : n=32
3 resprng : n=32
3 resprng : n=32
3 resprng : n=32
3 resprng : n=32
3 valsol  : n=32 nv=15
3 pntpos  : tobs=2026/07/09 06:02:32.000 n=33
3 satposs : teph=2026/07/09 06:02:32.000 n=33 ephopt=1
3 no pseudorange 2026/07/09 06:02:32.000 sat=46
3 no pseudorange 2026/07/09 06:02:32.000 sat=61
3 no pseudorange 2026/07/09 06:02:32.000 sat=70
3 prec ephem outage 2026/07/09 06:02:32 sat=107
3 no ephemeris 2026/07/09 06:02:31.871 sat=107
3 prec ephem outage 2026/07/09 06:02:32 sat=108
3 no ephemeris 2026/07/09 06:02:31.869 sat=108
3 prec ephem outage 2026/07/09 06:02:32 sat=114
3 no ephemeris 2026/07/09 06:02:31.879 sat=114
3 estpos  : n=33
3 resprng : n=33
3 resprng : n=33
3 resprng : n=33
3 resprng : n=33
3 valsol  : n=33 nv=15
3 pntpos  : tobs=2026/07/09 06:02:33.000 n=33
3 satposs : teph=2026/07/09 06:02:33.000 n=33 ephopt=1
3 prec ephem outage 2026/07/09 06:02:33 sat=45
3 no ephemeris 2026/07/09 06:02:32.922 sat=45
3 no pseudorange 2026/07/09 06:02:33.000 sat=46
3 no pseudorange 2026/07/09 06:02:33.000 sat=61
3 no pseudorange 2026/07/09 06:02:33.000 sat=70
3 prec ephem outage 2026/07/09 06:02:33 sat=107
3 no ephemeris 2026/07/09 06:02:32.871 sat=107
3 prec ephem outage 2026/07/09 06:02:33 sat=108
3 no ephemeris 2026/07/09 06:02:32.869 sat=108
3 prec ephem outage 2026/07/09 06:02:33 sat=114
3 no ephemeris 2026/07/09 06:02:32.879 sat=114
3 estpos  : n=33
3 resprng : n=33
3 resprng : n=33
3 resprng : n=33
3 resprng : n=33
3 valsol  : n=33 nv=15
3 pntpos  : tobs=2026/07/09 06:02:34.000 n=32
3 satposs : teph=2026/07/09 06:02:34.000 n=32 ephopt=1
3 no pseudorange 2026/07/09 06:02:34.000 sat=46
3 no pseudorange 2026/07/09 06:02:34.000 sat=61
3 no pseudorange 2026/07/09 06:02:34.000 sat=70
3 prec ephem outage 2026/07/09 06:02:34 sat=108
3 no ephemeris 2026/07/09 06:02:33.869 sat=108
3 prec ephem outage 2026/07/09 06:02:34 sat=114
3 no ephemeris 2026/07/09 06:02:33.879 sat=114
3 estpos  : n=32
3 resprng : n=32
3 resprng : n=32
3 resprng : n=32
3 resprng : n=32
3 valsol  : n=32 nv=15
3 pntpos  : tobs=2026/07/09 06:02:35.000 n=31
3 satposs : teph=2026/07/09 06:02:35.000 n=31 ephopt=1
3 no pseudorange 2026/07/09 06:02:35.000 sat=61
3 no pseudorange 2026/07/09 06:02:35.000 sat=70
3 prec ephem outage 2026/07/09 06:02:35 sat=107
3 no ephemeris 2026/07/09 06:02:34.871 sat=107
3 prec ephem outage 2026/07/09 06:02:35 sat=108
3 no ephemeris 2026/07/09 06:02:34.869 sat=108
3 prec ephem outage 2026/07/09 06:02:35 sat=114
3 no ephemeris 2026/07/09 06:02:34.879 sat=114
3 estpos  : n=31
3 resprng : n=31
3 resprng : n=31
3 resprng : n=31
3 resprng : n=31
3 valsol  : n=31 nv=15
3 pntpos  : tobs=2026/07/09 06:02:36.000 n=31
3 satposs : teph=2026/07/09 06:02:36.000 n=31 ephopt=1
3 no pseudorange 2026/07/09 06:02:36.000 sat=61
3 no pseudorange 2026/07/09 06:02:36.000 sat=70
3 prec ephem outage 2026/07/09 06:02:36 sat=107
3 no ephemeris 2026/07/09 06:02:35.871 sat=107
3 prec ephem outage 2026/07/09 06:02:36 sat=108
3 no ephemeris 2026/07/09 06:02:35.869 sat=108
3 prec ephem outage 2026/07/09 06:02:36 sat=114
3 no ephemeris 2026/07/09 06:02:35.879 sat=114
3 estpos  : n=31
3 resprng : n=31
3 resprng : n=31
3 resprng : n=31
3 resprng : n=31
3 valsol  : n=31 nv=15
3 pntpos  : tobs=2026/07/09 06:02:37.000 n=31
3 satposs : teph=2026/07/09 06:02:37.000 n=31 ephopt=1
3 prec ephem outage 2026/07/09 06:02:37 sat=45
3 no ephemeris 2026/07/09 06:02:36.922 sat=45
3 no pseudorange 2026/07/09 06:02:37.000 sat=46
3 no pseudorange 2026/07/09 06:02:37.000 sat=61
3 prec ephem outage 2026/07/09 06:02:37 sat=107
3 no ephemeris 2026/07/09 06:02:36.871 sat=107
3 prec ephem outage 2026/07/09 06:02:37 sat=108
3 no ephemeris 2026/07/09 06:02:36.869 sat=108
3 prec ephem outage 2026/07/09 06:02:37 sat=114
3 no ephemeris 2026/07/09 06:02:36.879 sat=114
3 estpos  : n=31
3 resprng : n=31
3 resprng : n=31
3 resprng : n=31
3 resprng : n=31
3 valsol  : n=31 nv=15
3 pntpos  : tobs=2026/07/09 06:02:38.000 n=30
3 satposs : teph=2026/07/09 06:02:38.000 n=30 ephopt=1
3 no pseudorange 2026/07/09 06:02:38.000 sat=61
3 no pseudorange 2026/07/09 06:02:38.000 sat=70
3 prec ephem outage 2026/07/09 06:02:38 sat=107
3 no ephemeris 2026/07/09 06:02:37.871 sat=107
3 prec ephem outage 2026/07/09 06:02:38 sat=108
3 no ephemeris 2026/07/09 06:02:37.869 sat=108
3 prec ephem outage 2026/07/09 06:02:38 sat=114
3 no ephemeris 2026/07/09 06:02:37.879 sat=114
3 estpos  : n=30
3 resprng : n=30
3 resprng : n=30
3 resprng : n=30
3 resprng : n=30
3 valsol  : n=30 nv=15
3 pntpos  : tobs=2026/07/09 06:02:39.000 n=32
3 satposs : teph=2026/07/09 06:02:39.000 n=32 ephopt=1
3 prec ephem outage 2026/07/09 06:02:39 sat=45
3 no ephemeris 2026/07/09 06:02:38.922 sat=45
3 no pseudorange 2026/07/09 06:02:39.000 sat=61
3 no pseudorange 2026/07/09 06:02:39.000 sat=70
3 prec ephem outage 2026/07/09 06:02:39 sat=108
3 no ephemeris 2026/07/09 06:02:38.869 sat=108
3 prec ephem outage 2026/07/09 06:02:39 sat=114
3 no ephemeris 2026/07/09 06:02:38.879 sat=114
3 estpos  : n=32
3 resprng : n=32
3 resprng : n=32
3 resprng : n=32
3 resprng : n=32
3 valsol  : n=32 nv=15
3 pntpos  : tobs=2026/07/09 06:02:40.000 n=33
3 satposs : teph=2026/07/09 06:02:40.000 n=33 ephopt=1
3 prec ephem outage 2026/07/09 06:02:40 sat=45
3 no ephemeris 2026/07/09 06:02:39.922 sat=45
3 no pseudorange 2026/07/09 06:02:40.000 sat=46
3 no pseudorange 2026/07/09 06:02:40.000 sat=61
3 no pseudorange 2026/07/09 06:02:40.000 sat=70
3 prec ephem outage 2026/07/09 06:02:40 sat=107
3 no ephemeris 2026/07/09 06:02:39.871 sat=107
3 prec ephem outage 2026/07/09 06:02:40 sat=108
3 no ephemeris 2026/07/09 06:02:39.869 sat=108
3 prec ephem outage 2026/07/09 06:02:40 sat=114
3 no ephemeris 2026/07/09 06:02:39.879 sat=114
3 estpos  : n=33
3 resprng : n=33
3 resprng : n=33
3 resprng : n=33
3 resprng : n=33
3 valsol  : n=33 nv=15
3 pntpos  : tobs=2026/07/09 06:02:41.000 n=30
3 satposs : teph=2026/07/09 06:02:41.000 n=30 ephopt=1
3 prec ephem outage 2026/07/09 06:02:41 sat=45
3 no ephemeris 2026/07/09 06:02:40.922 sat=45
3 no pseudorange 2026/07/09 06:02:41.000 sat=61
3 no pseudorange 2026/07/09 06:02:41.000 sat=70
3 prec ephem outage 2026/07/09 06:02:41 sat=107
3 no ephemeris 2026/07/09 06:02:40.871 sat=107
3 prec ephem outage 2026/07/09 06:02:41 sat=108
3 no ephemeris 2026/07/09 06:02:40.869 sat=108
3 prec ephem outage 2026/07/09 06:02:41 sat=114
3 no ephemeris 2026/07/09 06:02:40.879 sat=114
3 estpos  : n=30
3 resprng : n=30
3 resprng : n=30
3 resprng : n=30
3 resprng : n=30
3 valsol  : n=30 nv=15
3 pntpos  : tobs=2026/07/09 06:02:42.000 n=30
3 satposs : teph=2026/07/09 06:02:42.000 n=30 ephopt=1
3 no pseudorange 2026/07/09 06:02:42.000 sat=61
3 no pseudorange 2026/07/09 06:02:42.000 sat=70
3 prec ephem outage 2026/07/09 06:02:42 sat=108
3 no ephemeris 2026/07/09 06:02:41.869 sat=108
3 prec ephem outage 2026/07/09 06:02:42 sat=114
3 no ephemeris 2026/07/09 06:02:41.879 sat=114
3 estpos  : n=30
3 resprng : n=30
3 resprng : n=30
3 resprng : n=30
3 resprng : n=30
3 valsol  : n=30 nv=15
3 pntpos  : tobs=2026/07/09 06:02:43.000 n=33
3 satposs : teph=2026/07/09 06:02:43.000 n=33 ephopt=1
3 no pseudorange 2026/07/09 06:02:43.000 sat=46
3 no pseudorange 2026/07/09 06:02:43.000 sat=61
3 no pseudorange 2026/07/09 06:02:43.000 sat=70
3 prec ephem outage 2026/07/09 06:02:43 sat=107
3 no ephemeris 2026/07/09 06:02:42.871 sat=107
3 prec ephem outage 2026/07/09 06:02:43 sat=108
3 no ephemeris 2026/07/09 06:02:42.869 sat=108
3 prec ephem outage 2026/07/09 06:02:43 sat=114
3 no ephemeris 2026/07/09 06:02:42.879 sat=114
3 estpos  : n=33
3 resprng : n=33
3 resprng : n=33
3 resprng : n=33
3 resprng : n=33
3 valsol  : n=33 nv=15
3 pntpos  : tobs=2026/07/09 06:02:44.000 n=33
3 satposs : teph=2026/07/09 06:02:44.000 n=33 ephopt=1
3 no pseudorange 2026/07/09 06:02:44.000 sat=61
3 no pseudorange 2026/07/09 06:02:44.000 sat=70
3 prec ephem outage 2026/07/09 06:02:44 sat=107
3 no ephemeris 2026/07/09 06:02:43.871 sat=107
3 prec ephem outage 2026/07/09 06:02:44 sat=108
3 no ephemeris 2026/07/09 06:02:43.869 sat=108
3 prec ephem outage 2026/07/09 06:02:44 sat=114
3 no ephemeris 2026/07/09 06:02:43.879 sat=114
3 estpos  : n=33
3 resprng : n=33
3 resprng : n=33
3 resprng : n=33
3 resprng : n=33
3 valsol  : n=33 nv=16
3 pntpos  : tobs=2026/07/09 06:02:45.000 n=32
3 satposs : teph=2026/07/09 06:02:45.000 n=32 ephopt=1
3 prec ephem outage 2026/07/09 06:02:45 sat=45
3 no ephemeris 2026/07/09 06:02:44.922 sat=45
3 no pseudorange 2026/07/09 06:02:45.000 sat=61
3 no pseudorange 2026/07/09 06:02:45.000 sat=70
3 prec ephem outage 2026/07/09 06:02:45 sat=107
3 no ephemeris 2026/07/09 06:02:44.871 sat=107
3 prec ephem outage 2026/07/09 06:02:45 sat=108
3 no ephemeris 2026/07/09 06:02:44.869 sat=108
3 prec ephem outage 2026/07/09 06:02:45 sat=114
3 no ephemeris 2026/07/09 06:02:44.879 sat=114
3 estpos  : n=32
3 resprng : n=32
3 resprng : n=32
3 resprng : n=32
3 resprng : n=32
3 valsol  : n=32 nv=15
3 pntpos  : tobs=2026/07/09 06:02:46.000 n=32
3 satposs : teph=2026/07/09 06:02:46.000 n=32 ephopt=1
3 no pseudorange 2026/07/09 06:02:46.000 sat=46
3 no pseudorange 2026/07/09 06:02:46.000 sat=61
3 no pseudorange 2026/07/09 06:02:46.000 sat=70
3 prec ephem outage 2026/07/09 06:02:46 sat=107
3 no ephemeris 2026/07/09 06:02:45.871 sat=107
3 prec ephem outage 2026/07/09 06:02:46 sat=108
3 no ephemeris 2026/07/09 06:02:45.869 sat=108
3 prec ephem outage 2026/07/09 06:02:46 sat=114
3 no ephemeris 2026/07/09 06:02:45.879 sat=114
3 estpos  : n=32
3 resprng : n=32
3 resprng : n=32
3 resprng : n=32
3 resprng : n=32
3 valsol  : n=32 nv=15
3 pntpos  : tobs=2026/07/09 06:02:47.000 n=33
3 satposs : teph=2026/07/09 06:02:47.000 n=33 ephopt=1
3 no pseudorange 2026/07/09 06:02:47.000 sat=46
3 no pseudorange 2026/07/09 06:02:47.000 sat=61
3 prec ephem outage 2026/07/09 06:02:47 sat=107
3 no ephemeris 2026/07/09 06:02:46.871 sat=107
3 prec ephem outage 2026/07/09 06:02:47 sat=108
3 no ephemeris 2026/07/09 06:02:46.869 sat=108
3 prec ephem outage 2026/07/09 06:02:47 sat=114
3 no ephemeris 2026/07/09 06:02:46.879 sat=114
3 estpos  : n=33
3 resprng : n=33
3 resprng : n=33
3 resprng : n=33
3 resprng : n=33
3 valsol  : n=33 nv=16
3 pntpos  : tobs=2026/07/09 06:02:48.000 n=34
3 satposs : teph=2026/07/09 06:02:48.000 n=34 ephopt=1
3 prec ephem outage 2026/07/09 06:02:48 sat=45
3 no ephemeris 2026/07/09 06:02:47.922 sat=45
3 no pseudorange 2026/07/09 06:02:48.000 sat=61
3 no pseudorange 2026/07/09 06:02:48.000 sat=70
3 prec ephem outage 2026/07/09 06:02:48 sat=107
3 no ephemeris 2026/07/09 06:02:47.871 sat=107
3 prec ephem outage 2026/07/09 06:02:48 sat=108
3 no ephemeris 2026/07/09 06:02:47.869 sat=108
3 prec ephem outage 2026/07/09 06:02:48 sat=114
3 no ephemeris 2026/07/09 06:02:47.879 sat=114
3 estpos  : n=34
3 resprng : n=34
3 resprng : n=34
3 resprng : n=34
3 resprng : n=34
3 valsol  : n=34 nv=16
3 pntpos  : tobs=2026/07/09 06:02:49.000 n=30
3 satposs : teph=2026/07/09 06:02:49.000 n=30 ephopt=1
3 no pseudorange 2026/07/09 06:02:49.000 sat=61
3 no pseudorange 2026/07/09 06:02:49.000 sat=70
3 prec ephem outage 2026/07/09 06:02:49 sat=107
3 no ephemeris 2026/07/09 06:02:48.871 sat=107
3 prec ephem outage 2026/07/09 06:02:49 sat=108
3 no ephemeris 2026/07/09 06:02:48.869 sat=108
3 prec ephem outage 2026/07/09 06:02:49 sat=114
3 no ephemeris 2026/07/09 06:02:48.879 sat=114
3 estpos  : n=30
3 resprng : n=30
3 resprng : n=30
3 resprng : n=30
3 resprng : n=30
3 valsol  : n=30 nv=15
3 pntpos  : tobs=2026/07/09 06:02:50.000 n=32
3 satposs : teph=2026/07/09 06:02:50.000 n=32 ephopt=1
3 prec ephem outage 2026/07/09 06:02:50 sat=45
3 no ephemeris 2026/07/09 06:02:49.922 sat=45
3 no pseudorange 2026/07/09 06:02:50.000 sat=46
3 no pseudorange 2026/07/09 06:02:50.000 sat=61
3 no pseudorange 2026/07/09 06:02:50.000 sat=70
3 prec ephem outage 2026/07/09 06:02:50 sat=107
3 no ephemeris 2026/07/09 06:02:49.871 sat=107
3 prec ephem outage 2026/07/09 06:02:50 sat=108
3 no ephemeris 2026/07/09 06:02:49.869 sat=108
3 prec ephem outage 2026/07/09 06:02:50 sat=114
3 no ephemeris 2026/07/09 06:02:49.879 sat=114
3 estpos  : n=32
3 resprng : n=32
3 resprng : n=32
3 resprng : n=32
3 resprng : n=32
3 valsol  : n=32 nv=15
3 pntpos  : tobs=2026/07/09 06:02:51.000 n=33
3 satposs : teph=2026/07/09 06:02:51.000 n=33 ephopt=1
3 prec ephem outage 2026/07/09 06:02:51 sat=45
3 no ephemeris 2026/07/09 06:02:50.922 sat=45
3 no pseudorange 2026/07/09 06:02:51.000 sat=46
3 no pseudorange 2026/07/09 06:02:51.000 sat=61
3 no pseudorange 2026/07/09 06:02:51.000 sat=70
3 prec ephem outage 2026/07/09 06:02:51 sat=107
3 no ephemeris 2026/07/09 06:02:50.871 sat=107
3 prec ephem outage 2026/07/09 06:02:51 sat=108
3 no ephemeris 2026/07/09 06:02:50.869 sat=108
3 prec ephem outage 2026/07/09 06:02:51 sat=114
3 no ephemeris 2026/07/09 06:02:50.879 sat=114
3 estpos  : n=33
3 resprng : n=33
3 resprng : n=33
3 resprng : n=33
3 resprng : n=33
3 valsol  : n=33 nv=15
3 pntpos  : tobs=2026/07/09 06:02:52.000 n=31
3 satposs : teph=2026/07/09 06:02:52.000 n=31 ephopt=1
3 prec ephem outage 2026/07/09 06:02:52 sat=45
3 no ephemeris 2026/07/09 06:02:51.922 sat=45
3 no pseudorange 2026/07/09 06:02:52.000 sat=61
3 no pseudorange 2026/07/09 06:02:52.000 sat=70
3 prec ephem outage 2026/07/09 06:02:52 sat=107
3 no ephemeris 2026/07/09 06:02:51.871 sat=107
3 prec ephem outage 2026/07/09 06:02:52 sat=108
3 no ephemeris 2026/07/09 06:02:51.869 sat=108
3 prec ephem outage 2026/07/09 06:02:52 sat=114
3 no ephemeris 2026/07/09 06:02:51.879 sat=114
3 estpos  : n=31
3 resprng : n=31
3 resprng : n=31
3 resprng : n=31
3 resprng : n=31
3 valsol  : n=31 nv=15
3 pntpos  : tobs=2026/07/09 06:02:53.000 n=31
3 satposs : teph=2026/07/09 06:02:53.000 n=31 ephopt=1
3 prec ephem outage 2026/07/09 06:02:53 sat=45
3 no ephemeris 2026/07/09 06:02:52.922 sat=45
3 no pseudorange 2026/07/09 06:02:53.000 sat=46
3 no pseudorange 2026/07/09 06:02:53.000 sat=61
3 no pseudorange 2026/07/09 06:02:53.000 sat=70
3 prec ephem outage 2026/07/09 06:02:53 sat=107
3 no ephemeris 2026/07/09 06:02:52.871 sat=107
3 prec ephem outage 2026/07/09 06:02:53 sat=108
3 no ephemeris 2026/07/09 06:02:52.869 sat=108
3 prec ephem outage 2026/07/09 06:02:53 sat=114
3 no ephemeris 2026/07/09 06:02:52.879 sat=114
3 estpos  : n=31
3 resprng : n=31
3 resprng : n=31
3 resprng : n=31
3 resprng : n=31
3 valsol  : n=31 nv=15
3 pntpos  : tobs=2026/07/09 06:02:54.000 n=30
3 satposs : teph=2026/07/09 06:02:54.000 n=30 ephopt=1
3 no pseudorange 2026/07/09 06:02:54.000 sat=61
3 no pseudorange 2026/07/09 06:02:54.000 sat=70
3 prec ephem outage 2026/07/09 06:02:54 sat=108
3 no ephemeris 2026/07/09 06:02:53.869 sat=108
3 prec ephem outage 2026/07/09 06:02:54 sat=114
3 no ephemeris 2026/07/09 06:02:53.879 sat=114
3 estpos  : n=30
3 resprng : n=30
3 resprng : n=30
3 resprng : n=30
3 resprng : n=30
3 valsol  : n=30 nv=15
3 pntpos  : tobs=2026/07/09 06:02:55.000 n=34
3 satposs : teph=2026/07/09 06:02:55.000 n=34 ephopt=1
3 prec ephem outage 2026/07/09 06:02:55 sat=45
3 no ephemeris 2026/07/09 06:02:54.922 sat=45
3 no pseudorange 2026/07/09 06:02:55.000 sat=46
3 no pseudorange 2026/07/09 06:02:55.000 sat=61
3 no pseudorange 2026/07/09 06:02:55.000 sat=70
3 prec ephem outage 2026/07/09 06:02:55 sat=107
3 no ephemeris 2026/07/09 06:02:54.871 sat=107
3 prec ephem outage 2026/07/09 06:02:55 sat=108
3 no ephemeris 2026/07/09 06:02:54.869 sat=108
3 prec ephem outage 2026/07/09 06:02:55 sat=114
3 no ephemeris 2026/07/09 06:02:54.879 sat=114
3 estpos  : n=34
3 resprng : n=34
3 resprng : n=34
3 resprng : n=34
3 resprng : n=34
3 valsol  : n=34 nv=17
3 pntpos  : tobs=2026/07/09 06:02:56.000 n=32
3 satposs : teph=2026/07/09 06:02:56.000 n=32 ephopt=1
3 no pseudorange 2026/07/09 06:02:56.000 sat=61
3 no pseudorange 2026/07/09 06:02:56.000 sat=70
3 prec ephem outage 2026/07/09 06:02:56 sat=107
3 no ephemeris 2026/07/09 06:02:55.871 sat=107
3 prec ephem outage 2026/07/09 06:02:56 sat=108
3 no ephemeris 2026/07/09 06:02:55.869 sat=108
3 prec ephem outage 2026/07/09 06:02:56 sat=114
3 no ephemeris 2026/07/09 06:02:55.879 sat=114
3 estpos  : n=32
3 resprng : n=32
3 resprng : n=32
3 resprng : n=32
3 resprng : n=32
3 valsol  : n=32 nv=17
3 pntpos  : tobs=2026/07/09 06:02:57.000 n=31
3 satposs : teph=2026/07/09 06:02:57.000 n=31 ephopt=1
3 no pseudorange 2026/07/09 06:02:57.000 sat=46
3 no pseudorange 2026/07/09 06:02:57.000 sat=61
3 no pseudorange 2026/07/09 06:02:57.000 sat=70
3 prec ephem outage 2026/07/09 06:02:57 sat=107
3 no ephemeris 2026/07/09 06:02:56.871 sat=107
3 prec ephem outage 2026/07/09 06:02:57 sat=108
3 no ephemeris 2026/07/09 06:02:56.869 sat=108
3 prec ephem outage 2026/07/09 06:02:57 sat=114
3 no ephemeris 2026/07/09 06:02:56.879 sat=114
3 estpos  : n=31
3 resprng : n=31
3 resprng : n=31
3 resprng : n=31
3 resprng : n=31
3 valsol  : n=31 nv=16
3 pntpos  : tobs=2026/07/09 06:02:58.000 n=33
3 satposs : teph=2026/07/09 06:02:58.000 n=33 ephopt=1
3 prec ephem outage 2026/07/09 06:02:58 sat=45
3 no ephemeris 2026/07/09 06:02:57.922 sat=45
3 no pseudorange 2026/07/09 06:02:58.000 sat=46
3 no pseudorange 2026/07/09 06:02:58.000 sat=61
3 no pseudorange 2026/07/09 06:02:58.000 sat=70
3 prec ephem outage 2026/07/09 06:02:58 sat=107
3 no ephemeris 2026/07/09 06:02:57.871 sat=107
3 prec ephem outage 2026/07/09 06:02:58 sat=108
3 no ephemeris 2026/07/09 06:02:57.869 sat=108
3 prec ephem outage 2026/07/09 06:02:58 sat=114
3 no ephemeris 2026/07/09 06:02:57.879 sat=114
3 estpos  : n=33
3 resprng : n=33
3 resprng : n=33
3 resprng : n=33
3 resprng : n=33
3 valsol  : n=33 nv=16
3 pntpos  : tobs=2026/07/09 06:02:59.000 n=32
3 satposs : teph=2026/07/09 06:02:59.000 n=32 ephopt=1
3 prec ephem outage 2026/07/09 06:02:59 sat=45
3 no ephemeris 2026/07/09 06:02:58.922 sat=45
3 no pseudorange 2026/07/09 06:02:59.000 sat=61
3 no pseudorange 2026/07/09 06:02:59.000 sat=70
3 prec ephem outage 2026/07/09 06:02:59 sat=107
3 no ephemeris 2026/07/09 06:02:58.871 sat=107
3 prec ephem outage 2026/07/09 06:02:59 sat=108
3 no ephemeris 2026/07/09 06:02:58.869 sat=108
3 prec ephem outage 2026/07/09 06:02:59 sat=114
3 no ephemeris 2026/07/09 06:02:58.879 sat=114
3 estpos  : n=32
3 resprng : n=32
3 resprng : n=32
3 resprng : n=32
3 resprng : n=32
3 valsol  : n=32 nv=17
3 pntpos  : tobs=2026/07/09 06:03:00.000 n=30
3 satposs : teph=2026/07/09 06:03:00.000 n=30 ephopt=1
3 no pseudorange 2026/07/09 06:03:00.000 sat=61
3 no pseudorange 2026/07/09 06:03:00.000 sat=70
3 prec ephem outage 2026/07/09 06:03:00 sat=107
3 no ephemeris 2026/07/09 06:02:59.871 sat=107
3 prec ephem outage 2026/07/09 06:03:00 sat=108
3 no ephemeris 2026/07/09 06:02:59.869 sat=108
3 prec ephem outage 2026/07/09 06:03:00 sat=114
3 no ephemeris 2026/07/09 06:02:59.879 sat=114
3 estpos  : n=30
3 resprng : n=30
3 resprng : n=30
3 resprng : n=30
3 resprng : n=30
3 valsol  : n=30 nv=16
3 pntpos  : tobs=2026/07/09 06:03:01.000 n=31
3 satposs : teph=2026/07/09 06:03:01.000 n=31 ephopt=1
3 prec ephem outage 2026/07/09 06:03:01 sat=45
3 no ephemeris 2026/07/09 06:03:00.922 sat=45
3 no pseudorange 2026/07/09 06:03:01.000 sat=61
3 no pseudorange 2026/07/09 06:03:01.000 sat=70
3 prec ephem outage 2026/07/09 06:03:01 sat=107
3 no ephemeris 2026/07/09 06:03:00.871 sat=107
3 prec ephem outage 2026/07/09 06:03:01 sat=108
3 no ephemeris 2026/07/09 06:03:00.869 sat=108
3 prec ephem outage 2026/07/09 06:03:01 sat=114
3 no ephemeris 2026/07/09 06:03:00.879 sat=114
3 estpos  : n=31
3 resprng : n=31
3 resprng : n=31
3 resprng : n=31
3 resprng : n=31
3 valsol  : n=31 nv=16
3 pntpos  : tobs=2026/07/09 06:03:02.000 n=32
3 satposs : teph=2026/07/09 06:03:02.000 n=32 ephopt=1
3 prec ephem outage 2026/07/09 06:03:02 sat=45
3 no ephemeris 2026/07/09 06:03:01.922 sat=45
3 no pseudorange 2026/07/09 06:03:02.000 sat=46
3 no pseudorange 2026/07/09 06:03:02.000 sat=61
3 no pseudorange 2026/07/09 06:03:02.000 sat=70
3 prec ephem outage 2026/07/09 06:03:02 sat=107
3 no ephemeris 2026/07/09 06:03:01.871 sat=107
3 prec ephem outage 2026/07/09 06:03:02 sat=108
3 no ephemeris 2026/07/09 06:03:01.869 sat=108
3 prec ephem outage 2026/07/09 06:03:02 sat=114
3 no ephemeris 2026/07/09 06:03:01.879 sat=114
3 estpos  : n=32
3 resprng : n=32
3 resprng : n=32
3 resprng : n=32
3 resprng : n=32
3 valsol  : n=32 nv=17
3 pntpos  : tobs=2026/07/09 06:03:03.000 n=31
3 satposs : teph=2026/07/09 06:03:03.000 n=31 ephopt=1
3 prec ephem outage 2026/07/09 06:03:03 sat=45
3 no ephemeris 2026/07/09 06:03:02.922 sat=45
3 no pseudorange 2026/07/09 06:03:03.000 sat=46
3 no pseudorange 2026/07/09 06:03:03.000 sat=61
3 no pseudorange 2026/07/09 06:03:03.000 sat=70
3 prec ephem outage 2026/07/09 06:03:03 sat=107
3 no ephemeris 2026/07/09 06:03:02.871 sat=107
3 prec ephem outage 2026/07/09 06:03:03 sat=108
3 no ephemeris 2026/07/09 06:03:02.869 sat=108
3 prec ephem outage 2026/07/09 06:03:03 sat=114
3 no ephemeris 2026/07/09 06:03:02.879 sat=114
3 estpos  : n=31
3 resprng : n=31
3 resprng : n=31
3 resprng : n=31
3 resprng : n=31
3 valsol  : n=31 nv=16
3 pntpos  : tobs=2026/07/09 06:03:04.000 n=31
3 satposs : teph=2026/07/09 06:03:04.000 n=31 ephopt=1
3 no pseudorange 2026/07/09 06:03:04.000 sat=61
3 no pseudorange 2026/07/09 06:03:04.000 sat=70
3 prec ephem outage 2026/07/09 06:03:04 sat=107
3 no ephemeris 2026/07/09 06:03:03.871 sat=107
3 prec ephem outage 2026/07/09 06:03:04 sat=108
3 no ephemeris 2026/07/09 06:03:03.869 sat=108
3 prec ephem outage 2026/07/09 06:03:04 sat=114
3 no ephemeris 2026/07/09 06:03:03.879 sat=114
3 estpos  : n=31
3 resprng : n=31
3 resprng : n=31
3 resprng : n=31
3 resprng : n=31
3 valsol  : n=31 nv=17
3 pntpos  : tobs=2026/07/09 06:03:05.000 n=31
3 satposs : teph=2026/07/09 06:03:05.000 n=31 ephopt=1
3 no pseudorange 2026/07/09 06:03:05.000 sat=61
3 no pseudorange 2026/07/09 06:03:05.000 sat=70
3 prec ephem outage 2026/07/09 06:03:05 sat=107
3 no ephemeris 2026/07/09 06:03:04.871 sat=107
3 prec ephem outage 2026/07/09 06:03:05 sat=108
3 no ephemeris 2026/07/09 06:03:04.869 sat=108
3 prec ephem outage 2026/07/09 06:03:05 sat=114
3 no ephemeris 2026/07/09 06:03:04.879 sat=114
3 estpos  : n=31
3 resprng : n=31
3 resprng : n=31
3 resprng : n=31
3 resprng : n=31
3 valsol  : n=31 nv=17
3 pntpos  : tobs=2026/07/09 06:03:06.000 n=33
3 satposs : teph=2026/07/09 06:03:06.000 n=33 ephopt=1
3 no pseudorange 2026/07/09 06:03:06.000 sat=46
3 no pseudorange 2026/07/09 06:03:06.000 sat=70
3 prec ephem outage 2026/07/09 06:03:06 sat=107
3 no ephemeris 2026/07/09 06:03:05.871 sat=107
3 prec ephem outage 2026/07/09 06:03:06 sat=108
3 no ephemeris 2026/07/09 06:03:05.869 sat=108
3 prec ephem outage 2026/07/09 06:03:06 sat=114
3 no ephemeris 2026/07/09 06:03:05.879 sat=114
3 estpos  : n=33
3 resprng : n=33
3 resprng : n=33
3 resprng : n=33
3 resprng : n=33
3 valsol  : n=33 nv=18
3 pntpos  : tobs=2026/07/09 06:03:07.000 n=31
3 satposs : teph=2026/07/09 06:03:07.000 n=31 ephopt=1
3 no pseudorange 2026/07/09 06:03:07.000 sat=70
3 prec ephem outage 2026/07/09 06:03:07 sat=107
3 no ephemeris 2026/07/09 06:03:06.871 sat=107
3 prec ephem outage 2026/07/09 06:03:07 sat=108
3 no ephemeris 2026/07/09 06:03:06.869 sat=108
3 prec ephem outage 2026/07/09 06:03:07 sat=114
3 no ephemeris 2026/07/09 06:03:06.879 sat=114
3 estpos  : n=31
3 resprng : n=31
3 resprng : n=31
3 resprng : n=31
3 resprng : n=31
3 valsol  : n=31 nv=17
3 pntpos  : tobs=2026/07/09 06:03:08.000 n=32
3 satposs : teph=2026/07/09 06:03:08.000 n=32 ephopt=1
3 no pseudorange 2026/07/09 06:03:08.000 sat=46
3 no pseudorange 2026/07/09 06:03:08.000 sat=70
3 prec ephem outage 2026/07/09 06:03:08 sat=107
3 no ephemeris 2026/07/09 06:03:07.871 sat=107
3 prec ephem outage 2026/07/09 06:03:08 sat=108
3 no ephemeris 2026/07/09 06:03:07.869 sat=108
3 prec ephem outage 2026/07/09 06:03:08 sat=114
3 no ephemeris 2026/07/09 06:03:07.879 sat=114
3 estpos  : n=32
3 resprng : n=32
3 resprng : n=32
3 resprng : n=32
3 resprng : n=32
3 valsol  : n=32 nv=17
3 pntpos  : tobs=2026/07/09 06:03:09.000 n=31
3 satposs : teph=2026/07/09 06:03:09.000 n=31 ephopt=1
3 no pseudorange 2026/07/09 06:03:09.000 sat=70
3 prec ephem outage 2026/07/09 06:03:09 sat=107
3 no ephemeris 2026/07/09 06:03:08.871 sat=107
3 prec ephem outage 2026/07/09 06:03:09 sat=108
3 no ephemeris 2026/07/09 06:03:08.869 sat=108
3 prec ephem outage 2026/07/09 06:03:09 sat=114
3 no ephemeris 2026/07/09 06:03:08.879 sat=114
3 estpos  : n=31
3 resprng : n=31
3 resprng : n=31
3 resprng : n=31
3 resprng : n=31
3 valsol  : n=31 nv=17
3 pntpos  : tobs=2026/07/09 06:03:10.000 n=31
3 satposs : teph=2026/07/09 06:03:10.000 n=31 ephopt=1
3 no pseudorange 2026/07/09 06:03:10.000 sat=70
3 prec ephem outage 2026/07/09 06:03:10 sat=107
3 no ephemeris 2026/07/09 06:03:09.871 sat=107
3 prec ephem outage 2026/07/09 06:03:10 sat=108
3 no ephemeris 2026/07/09 06:03:09.869 sat=108
3 prec ephem outage 2026/07/09 06:03:10 sat=114
3 no ephemeris 2026/07/09 06:03:09.879 sat=114
3 estpos  : n=31
3 resprng : n=31
3 resprng : n=31
3 resprng : n=31
3 resprng : n=31
3 valsol  : n=31 nv=17
3 pntpos  : tobs=2026/07/09 06:03:11.000 n=29
3 satposs : teph=2026/07/09 06:03:11.000 n=29 ephopt=1
3 no pseudorange 2026/07/09 06:03:11.000 sat=70
3 prec ephem outage 2026/07/09 06:03:11 sat=107
3 no ephemeris 2026/07/09 06:03:10.871 sat=107
3 prec ephem outage 2026/07/09 06:03:11 sat=108
3 no ephemeris 2026/07/09 06:03:10.869 sat=108
3 prec ephem outage 2026/07/09 06:03:11 sat=114
3 no ephemeris 2026/07/09 06:03:10.879 sat=114
3 estpos  : n=29
3 resprng : n=29
3 resprng : n=29
3 resprng : n=29
3 resprng : n=29
3 valsol  : n=29 nv=16
3 pntpos  : tobs=2026/07/09 06:03:12.000 n=33
3 satposs : teph=2026/07/09 06:03:12.000 n=33 ephopt=1
3 prec ephem outage 2026/07/09 06:03:12 sat=45
3 no ephemeris 2026/07/09 06:03:11.922 sat=45
3 no pseudorange 2026/07/09 06:03:12.000 sat=46
3 no pseudorange 2026/07/09 06:03:12.000 sat=70
3 prec ephem outage 2026/07/09 06:03:12 sat=107
3 no ephemeris 2026/07/09 06:03:11.871 sat=107
3 prec ephem outage 2026/07/09 06:03:12 sat=108
3 no ephemeris 2026/07/09 06:03:11.869 sat=108
3 prec ephem outage 2026/07/09 06:03:12 sat=114
3 no ephemeris 2026/07/09 06:03:11.879 sat=114
3 estpos  : n=33
3 resprng : n=33
3 resprng : n=33
3 resprng : n=33
3 resprng : n=33
3 valsol  : n=33 nv=17
3 pntpos  : tobs=2026/07/09 06:03:13.000 n=32
3 satposs : teph=2026/07/09 06:03:13.000 n=32 ephopt=1
3 no pseudorange 2026/07/09 06:03:13.000 sat=46
3 no pseudorange 2026/07/09 06:03:13.000 sat=70
3 prec ephem outage 2026/07/09 06:03:13 sat=107
3 no ephemeris 2026/07/09 06:03:12.871 sat=107
3 prec ephem outage 2026/07/09 06:03:13 sat=108
3 no ephemeris 2026/07/09 06:03:12.869 sat=108
3 prec ephem outage 2026/07/09 06:03:13 sat=114
3 no ephemeris 2026/07/09 06:03:12.879 sat=114
3 estpos  : n=32
3 resprng : n=32
3 resprng : n=32
3 resprng : n=32
3 resprng : n=32
3 valsol  : n=32 nv=17
3 pntpos  : tobs=2026/07/09 06:03:14.000 n=31
3 satposs : teph=2026/07/09 06:03:14.000 n=31 ephopt=1
3 no pseudorange 2026/07/09 06:03:14.000 sat=70
3 prec ephem outage 2026/07/09 06:03:14 sat=107
3 no ephemeris 2026/07/09 06:03:13.871 sat=107
3 prec ephem outage 2026/07/09 06:03:14 sat=108
3 no ephemeris 2026/07/09 06:03:13.869 sat=108
3 prec ephem outage 2026/07/09 06:03:14 sat=114
3 no ephemeris 2026/07/09 06:03:13.879 sat=114
3 estpos  : n=31
3 resprng : n=31
3 resprng : n=31
3 resprng : n=31
3 resprng : n=31
3 valsol  : n=31 nv=17
3 pntpos  : tobs=2026/07/09 06:03:15.000 n=32
3 satposs : teph=2026/07/09 06:03:15.000 n=32 ephopt=1
3 prec ephem outage 2026/07/09 06:03:15 sat=45
3 no ephemeris 2026/07/09 06:03:14.922 sat=45
3 no pseudorange 2026/07/09 06:03:15.000 sat=70
3 prec ephem outage 2026/07/09 06:03:15 sat=107
3 no ephemeris 2026/07/09 06:03:14.871 sat=107
3 prec ephem outage 2026/07/09 06:03:15 sat=108
3 no ephemeris 2026/07/09 06:03:14.869 sat=108
3 prec ephem outage 2026/07/09 06:03:15 sat=114
3 no ephemeris 2026/07/09 06:03:14.879 sat=114
3 estpos  : n=32
3 resprng : n=32
3 resprng : n=32
3 resprng : n=32
3 resprng : n=32
3 valsol  : n=32 nv=17
3 pntpos  : tobs=2026/07/09 06:03:16.000 n=32
3 satposs : teph=2026/07/09 06:03:16.000 n=32 ephopt=1
3 prec ephem outage 2026/07/09 06:03:16 sat=45
3 no ephemeris 2026/07/09 06:03:15.922 sat=45
3 no pseudorange 2026/07/09 06:03:16.000 sat=46
3 no pseudorange 2026/07/09 06:03:16.000 sat=70
3 prec ephem outage 2026/07/09 06:03:16 sat=107
3 no ephemeris 2026/07/09 06:03:15.871 sat=107
3 prec ephem outage 2026/07/09 06:03:16 sat=108
3 no ephemeris 2026/07/09 06:03:15.869 sat=108
3 prec ephem outage 2026/07/09 06:03:16 sat=114
3 no ephemeris 2026/07/09 06:03:15.879 sat=114
3 estpos  : n=32
3 resprng : n=32
3 resprng : n=32
3 resprng : n=32
3 resprng : n=32
3 valsol  : n=32 nv=16
3 pntpos  : tobs=2026/07/09 06:03:17.000 n=31
3 satposs : teph=2026/07/09 06:03:17.000 n=31 ephopt=1
3 prec ephem outage 2026/07/09 06:03:17 sat=45
3 no ephemeris 2026/07/09 06:03:16.922 sat=45
3 no pseudorange 2026/07/09 06:03:17.000 sat=70
3 prec ephem outage 2026/07/09 06:03:17 sat=107
3 no ephemeris 2026/07/09 06:03:16.871 sat=107
3 prec ephem outage 2026/07/09 06:03:17 sat=108
3 no ephemeris 2026/07/09 06:03:16.869 sat=108
3 prec ephem outage 2026/07/09 06:03:17 sat=114
3 no ephemeris 2026/07/09 06:03:16.879 sat=114
3 estpos  : n=31
3 resprng : n=31
3 resprng : n=31
3 resprng : n=31
3 resprng : n=31
3 valsol  : n=31 nv=16
3 pntpos  : tobs=2026/07/09 06:03:18.000 n=32
3 satposs : teph=2026/07/09 06:03:18.000 n=32 ephopt=1
3 no pseudorange 2026/07/09 06:03:18.000 sat=46
3 no pseudorange 2026/07/09 06:03:18.000 sat=70
3 prec ephem outage 2026/07/09 06:03:18 sat=107
3 no ephemeris 2026/07/09 06:03:17.871 sat=107
3 prec ephem outage 2026/07/09 06:03:18 sat=108
3 no ephemeris 2026/07/09 06:03:17.869 sat=108
3 prec ephem outage 2026/07/09 06:03:18 sat=114
3 no ephemeris 2026/07/09 06:03:17.879 sat=114
3 estpos  : n=32
3 resprng : n=32
3 resprng : n=32
3 resprng : n=32
3 resprng : n=32
3 valsol  : n=32 nv=17
3 pntpos  : tobs=2026/07/09 06:03:19.000 n=31
3 satposs : teph=2026/07/09 06:03:19.000 n=31 ephopt=1
3 prec ephem outage 2026/07/09 06:03:19 sat=45
3 no ephemeris 2026/07/09 06:03:18.922 sat=45
3 no pseudorange 2026/07/09 06:03:19.000 sat=70
3 prec ephem outage 2026/07/09 06:03:19 sat=107
3 no ephemeris 2026/07/09 06:03:18.871 sat=107
3 prec ephem outage 2026/07/09 06:03:19 sat=108
3 no ephemeris 2026/07/09 06:03:18.869 sat=108
3 prec ephem outage 2026/07/09 06:03:19 sat=114
3 no ephemeris 2026/07/09 06:03:18.879 sat=114
3 estpos  : n=31
3 resprng : n=31
3 resprng : n=31
3 resprng : n=31
3 resprng : n=31
3 valsol  : n=31 nv=16
3 pntpos  : tobs=2026/07/09 06:03:20.000 n=31
3 satposs : teph=2026/07/09 06:03:20.000 n=31 ephopt=1
3 no pseudorange 2026/07/09 06:03:20.000 sat=70
3 prec ephem outage 2026/07/09 06:03:20 sat=107
3 no ephemeris 2026/07/09 06:03:19.871 sat=107
3 prec ephem outage 2026/07/09 06:03:20 sat=108
3 no ephemeris 2026/07/09 06:03:19.869 sat=108
3 prec ephem outage 2026/07/09 06:03:20 sat=114
3 no ephemeris 2026/07/09 06:03:19.879 sat=114
3 estpos  : n=31
3 resprng : n=31
3 resprng : n=31
3 resprng : n=31
3 resprng : n=31
3 valsol  : n=31 nv=17
3 pntpos  : tobs=2026/07/09 06:03:21.000 n=30
3 satposs : teph=2026/07/09 06:03:21.000 n=30 ephopt=1
3 prec ephem outage 2026/07/09 06:03:21 sat=45
3 no ephemeris 2026/07/09 06:03:20.922 sat=45
3 no pseudorange 2026/07/09 06:03:21.000 sat=70
3 prec ephem outage 2026/07/09 06:03:21 sat=108
3 no ephemeris 2026/07/09 06:03:20.869 sat=108
3 prec ephem outage 2026/07/09 06:03:21 sat=114
3 no ephemeris 2026/07/09 06:03:20.879 sat=114
3 estpos  : n=30
3 resprng : n=30
3 resprng : n=30
3 resprng : n=30
3 resprng : n=30
3 valsol  : n=30 nv=16
3 pntpos  : tobs=2026/07/09 06:03:22.000 n=31
3 satposs : teph=2026/07/09 06:03:22.000 n=31 ephopt=1
3 prec ephem outage 2026/07/09 06:03:22 sat=45
3 no ephemeris 2026/07/09 06:03:21.922 sat=45
3 no pseudorange 2026/07/09 06:03:22.000 sat=70
3 prec ephem outage 2026/07/09 06:03:22 sat=107
3 no ephemeris 2026/07/09 06:03:21.871 sat=107
3 prec ephem outage 2026/07/09 06:03:22 sat=108
3 no ephemeris 2026/07/09 06:03:21.869 sat=108
3 prec ephem outage 2026/07/09 06:03:22 sat=114
3 no ephemeris 2026/07/09 06:03:21.879 sat=114
3 estpos  : n=31
3 resprng : n=31
3 resprng : n=31
3 resprng : n=31
3 resprng : n=31
3 valsol  : n=31 nv=16
3 pntpos  : tobs=2026/07/09 06:03:23.000 n=32
3 satposs : teph=2026/07/09 06:03:23.000 n=32 ephopt=1
3 prec ephem outage 2026/07/09 06:03:23 sat=45
3 no ephemeris 2026/07/09 06:03:22.922 sat=45
3 no pseudorange 2026/07/09 06:03:23.000 sat=70
3 prec ephem outage 2026/07/09 06:03:23 sat=107
3 no ephemeris 2026/07/09 06:03:22.871 sat=107
3 prec ephem outage 2026/07/09 06:03:23 sat=108
3 no ephemeris 2026/07/09 06:03:22.869 sat=108
3 prec ephem outage 2026/07/09 06:03:23 sat=114
3 no ephemeris 2026/07/09 06:03:22.879 sat=114
3 estpos  : n=32
3 resprng : n=32
3 resprng : n=32
3 resprng : n=32
3 resprng : n=32
3 valsol  : n=32 nv=17
3 pntpos  : tobs=2026/07/09 06:03:24.000 n=31
3 satposs : teph=2026/07/09 06:03:24.000 n=31 ephopt=1
3 prec ephem outage 2026/07/09 06:03:24 sat=45
3 no ephemeris 2026/07/09 06:03:23.922 sat=45
3 no pseudorange 2026/07/09 06:03:24.000 sat=70
3 prec ephem outage 2026/07/09 06:03:24 sat=107
3 no ephemeris 2026/07/09 06:03:23.871 sat=107
3 prec ephem outage 2026/07/09 06:03:24 sat=108
3 no ephemeris 2026/07/09 06:03:23.869 sat=108
3 prec ephem outage 2026/07/09 06:03:24 sat=114
3 no ephemeris 2026/07/09 06:03:23.879 sat=114
3 estpos  : n=31
3 resprng : n=31
3 resprng : n=31
3 resprng : n=31
3 resprng : n=31
3 valsol  : n=31 nv=16
3 pntpos  : tobs=2026/07/09 06:03:25.000 n=30
3 satposs : teph=2026/07/09 06:03:25.000 n=30 ephopt=1
3 no pseudorange 2026/07/09 06:03:25.000 sat=70
3 prec ephem outage 2026/07/09 06:03:25 sat=107
3 no ephemeris 2026/07/09 06:03:24.871 sat=107
3 prec ephem outage 2026/07/09 06:03:25 sat=108
3 no ephemeris 2026/07/09 06:03:24.869 sat=108
3 prec ephem outage 2026/07/09 06:03:25 sat=114
3 no ephemeris 2026/07/09 06:03:24.879 sat=114
3 estpos  : n=30
3 resprng : n=30
3 resprng : n=30
3 resprng : n=30
3 resprng : n=30
3 valsol  : n=30 nv=16
3 pntpos  : tobs=2026/07/09 06:03:26.000 n=32
3 satposs : teph=2026/07/09 06:03:26.000 n=32 ephopt=1
3 prec ephem outage 2026/07/09 06:03:26 sat=45
3 no ephemeris 2026/07/09 06:03:25.922 sat=45
3 no pseudorange 2026/07/09 06:03:26.000 sat=46
3 no pseudorange 2026/07/09 06:03:26.000 sat=70
3 prec ephem outage 2026/07/09 06:03:26 sat=107
3 no ephemeris 2026/07/09 06:03:25.871 sat=107
3 prec ephem outage 2026/07/09 06:03:26 sat=108
3 no ephemeris 2026/07/09 06:03:25.869 sat=108
3 prec ephem outage 2026/07/09 06:03:26 sat=114
3 no ephemeris 2026/07/09 06:03:25.879 sat=114
3 estpos  : n=32
3 resprng : n=32
3 resprng : n=32
3 resprng : n=32
3 resprng : n=32
3 valsol  : n=32 nv=16
3 pntpos  : tobs=2026/07/09 06:03:27.000 n=33
3 satposs : teph=2026/07/09 06:03:27.000 n=33 ephopt=1
3 prec ephem outage 2026/07/09 06:03:27 sat=45
3 no ephemeris 2026/07/09 06:03:26.922 sat=45
3 no pseudorange 2026/07/09 06:03:27.000 sat=46
3 no pseudorange 2026/07/09 06:03:27.000 sat=70
3 prec ephem outage 2026/07/09 06:03:27 sat=107
3 no ephemeris 2026/07/09 06:03:26.871 sat=107
3 prec ephem outage 2026/07/09 06:03:27 sat=108
3 no ephemeris 2026/07/09 06:03:26.869 sat=108
3 prec ephem outage 2026/07/09 06:03:27 sat=114
3 no ephemeris 2026/07/09 06:03:26.879 sat=114
3 estpos  : n=33
3 resprng : n=33
3 resprng : n=33
3 resprng : n=33
3 resprng : n=33
3 valsol  : n=33 nv=17
3 pntpos  : tobs=2026/07/09 06:03:28.000 n=31
3 satposs : teph=2026/07/09 06:03:28.000 n=31 ephopt=1
3 prec ephem outage 2026/07/09 06:03:28 sat=45
3 no ephemeris 2026/07/09 06:03:27.922 sat=45
3 no pseudorange 2026/07/09 06:03:28.000 sat=70
3 prec ephem outage 2026/07/09 06:03:28 sat=107
3 no ephemeris 2026/07/09 06:03:27.871 sat=107
3 prec ephem outage 2026/07/09 06:03:28 sat=108
3 no ephemeris 2026/07/09 06:03:27.869 sat=108
3 prec ephem outage 2026/07/09 06:03:28 sat=114
3 no ephemeris 2026/07/09 06:03:27.879 sat=114
3 estpos  : n=31
3 resprng : n=31
3 resprng : n=31
3 resprng : n=31
3 resprng : n=31
3 valsol  : n=31 nv=17
3 pntpos  : tobs=2026/07/09 06:03:29.000 n=30
3 satposs : teph=2026/07/09 06:03:29.000 n=30 ephopt=1
3 prec ephem outage 2026/07/09 06:03:29 sat=45
3 no ephemeris 2026/07/09 06:03:28.922 sat=45
3 no pseudorange 2026/07/09 06:03:29.000 sat=70
3 prec ephem outage 2026/07/09 06:03:29 sat=107
3 no ephemeris 2026/07/09 06:03:28.871 sat=107
3 prec ephem outage 2026/07/09 06:03:29 sat=108
3 no ephemeris 2026/07/09 06:03:28.869 sat=108
3 prec ephem outage 2026/07/09 06:03:29 sat=114
3 no ephemeris 2026/07/09 06:03:28.879 sat=114
3 estpos  : n=30
3 resprng : n=30
3 resprng : n=30
3 resprng : n=30
3 resprng : n=30
3 valsol  : n=30 nv=16
3 pntpos  : tobs=2026/07/09 06:03:30.000 n=31
3 satposs : teph=2026/07/09 06:03:30.000 n=31 ephopt=1
3 no pseudorange 2026/07/09 06:03:30.000 sat=70
3 prec ephem outage 2026/07/09 06:03:30 sat=107
3 no ephemeris 2026/07/09 06:03:29.871 sat=107
3 prec ephem outage 2026/07/09 06:03:30 sat=108
3 no ephemeris 2026/07/09 06:03:29.869 sat=108
3 prec ephem outage 2026/07/09 06:03:30 sat=114
3 no ephemeris 2026/07/09 06:03:29.879 sat=114
3 estpos  : n=31
3 resprng : n=31
3 resprng : n=31
3 resprng : n=31
3 resprng : n=31
3 valsol  : n=31 nv=17
3 pntpos  : tobs=2026/07/09 06:03:31.000 n=30
3 satposs : teph=2026/07/09 06:03:31.000 n=30 ephopt=1
3 prec ephem outage 2026/07/09 06:03:31 sat=45
3 no ephemeris 2026/07/09 06:03:30.922 sat=45
3 no pseudorange 2026/07/09 06:03:31.000 sat=70
3 prec ephem outage 2026/07/09 06:03:31 sat=107
3 no ephemeris 2026/07/09 06:03:30.871 sat=107
3 prec ephem outage 2026/07/09 06:03:31 sat=108
3 no ephemeris 2026/07/09 06:03:30.869 sat=108
3 prec ephem outage 2026/07/09 06:03:31 sat=114
3 no ephemeris 2026/07/09 06:03:30.879 sat=114
3 estpos  : n=30
3 resprng : n=30
3 resprng : n=30
3 resprng : n=30
3 resprng : n=30
3 valsol  : n=30 nv=16
3 pntpos  : tobs=2026/07/09 06:03:32.000 n=32
3 satposs : teph=2026/07/09 06:03:32.000 n=32 ephopt=1
3 prec ephem outage 2026/07/09 06:03:32 sat=45
3 no ephemeris 2026/07/09 06:03:31.922 sat=45
3 no pseudorange 2026/07/09 06:03:32.000 sat=70
3 prec ephem outage 2026/07/09 06:03:32 sat=107
3 no ephemeris 2026/07/09 06:03:31.871 sat=107
3 prec ephem outage 2026/07/09 06:03:32 sat=108
3 no ephemeris 2026/07/09 06:03:31.869 sat=108
3 prec ephem outage 2026/07/09 06:03:32 sat=114
3 no ephemeris 2026/07/09 06:03:31.879 sat=114
3 estpos  : n=32
3 resprng : n=32
3 resprng : n=32
3 resprng : n=32
3 resprng : n=32
3 valsol  : n=32 nv=17
3 pntpos  : tobs=2026/07/09 06:03:33.000 n=31
3 satposs : teph=2026/07/09 06:03:33.000 n=31 ephopt=1
3 prec ephem outage 2026/07/09 06:03:33 sat=45
3 no ephemeris 2026/07/09 06:03:32.922 sat=45
3 no pseudorange 2026/07/09 06:03:33.000 sat=46
3 no pseudorange 2026/07/09 06:03:33.000 sat=70
3 prec ephem outage 2026/07/09 06:03:33 sat=107
3 no ephemeris 2026/07/09 06:03:32.871 sat=107
3 prec ephem outage 2026/07/09 06:03:33 sat=108
3 no ephemeris 2026/07/09 06:03:32.869 sat=108
3 prec ephem outage 2026/07/09 06:03:33 sat=114
3 no ephemeris 2026/07/09 06:03:32.879 sat=114
3 estpos  : n=31
3 resprng : n=31
3 resprng : n=31
3 resprng : n=31
3 resprng : n=31
3 valsol  : n=31 nv=15
3 pntpos  : tobs=2026/07/09 06:03:34.000 n=32
3 satposs : teph=2026/07/09 06:03:34.000 n=32 ephopt=1
3 prec ephem outage 2026/07/09 06:03:34 sat=45
3 no ephemeris 2026/07/09 06:03:33.922 sat=45
3 no pseudorange 2026/07/09 06:03:34.000 sat=46
3 no pseudorange 2026/07/09 06:03:34.000 sat=70
3 prec ephem outage 2026/07/09 06:03:34 sat=107
3 no ephemeris 2026/07/09 06:03:33.871 sat=107
3 prec ephem outage 2026/07/09 06:03:34 sat=108
3 no ephemeris 2026/07/09 06:03:33.869 sat=108
3 prec ephem outage 2026/07/09 06:03:34 sat=114
3 no ephemeris 2026/07/09 06:03:33.879 sat=114
3 estpos  : n=32
3 resprng : n=32
3 resprng : n=32
3 resprng : n=32
3 resprng : n=32
3 valsol  : n=32 nv=16
3 pntpos  : tobs=2026/07/09 06:03:35.000 n=32
3 satposs : teph=2026/07/09 06:03:35.000 n=32 ephopt=1
3 prec ephem outage 2026/07/09 06:03:35 sat=45
3 no ephemeris 2026/07/09 06:03:34.922 sat=45
3 no pseudorange 2026/07/09 06:03:35.000 sat=70
3 prec ephem outage 2026/07/09 06:03:35 sat=107
3 no ephemeris 2026/07/09 06:03:34.871 sat=107
3 prec ephem outage 2026/07/09 06:03:35 sat=108
3 no ephemeris 2026/07/09 06:03:34.869 sat=108
3 prec ephem outage 2026/07/09 06:03:35 sat=114
3 no ephemeris 2026/07/09 06:03:34.879 sat=114
3 estpos  : n=32
3 resprng : n=32
3 resprng : n=32
3 resprng : n=32
3 resprng : n=32
3 valsol  : n=32 nv=17
3 pntpos  : tobs=2026/07/09 06:03:36.000 n=32
3 satposs : teph=2026/07/09 06:03:36.000 n=32 ephopt=1
3 prec ephem outage 2026/07/09 06:03:36 sat=45
3 no ephemeris 2026/07/09 06:03:35.922 sat=45
3 no pseudorange 2026/07/09 06:03:36.000 sat=70
3 prec ephem outage 2026/07/09 06:03:36 sat=107
3 no ephemeris 2026/07/09 06:03:35.871 sat=107
3 prec ephem outage 2026/07/09 06:03:36 sat=108
3 no ephemeris 2026/07/09 06:03:35.869 sat=108
3 prec ephem outage 2026/07/09 06:03:36 sat=114
3 no ephemeris 2026/07/09 06:03:35.879 sat=114
3 estpos  : n=32
3 resprng : n=32
3 resprng : n=32
3 resprng : n=32
3 resprng : n=32
3 valsol  : n=32 nv=17
3 pntpos  : tobs=2026/07/09 06:03:37.000 n=33
3 satposs : teph=2026/07/09 06:03:37.000 n=33 ephopt=1
3 prec ephem outage 2026/07/09 06:03:37 sat=45
3 no ephemeris 2026/07/09 06:03:36.922 sat=45
3 no pseudorange 2026/07/09 06:03:37.000 sat=46
3 no pseudorange 2026/07/09 06:03:37.000 sat=70
3 prec ephem outage 2026/07/09 06:03:37 sat=107
3 no ephemeris 2026/07/09 06:03:36.871 sat=107
3 prec ephem outage 2026/07/09 06:03:37 sat=108
3 no ephemeris 2026/07/09 06:03:36.869 sat=108
3 prec ephem outage 2026/07/09 06:03:37 sat=114
3 no ephemeris 2026/07/09 06:03:36.879 sat=114
3 estpos  : n=33
3 resprng : n=33
3 resprng : n=33
3 resprng : n=33
3 resprng : n=33
3 valsol  : n=33 nv=17
3 pntpos  : tobs=2026/07/09 06:03:38.000 n=30
3 satposs : teph=2026/07/09 06:03:38.000 n=30 ephopt=1
3 no pseudorange 2026/07/09 06:03:38.000 sat=70
3 prec ephem outage 2026/07/09 06:03:38 sat=107
3 no ephemeris 2026/07/09 06:03:37.871 sat=107
3 prec ephem outage 2026/07/09 06:03:38 sat=108
3 no ephemeris 2026/07/09 06:03:37.869 sat=108
3 prec ephem outage 2026/07/09 06:03:38 sat=114
3 no ephemeris 2026/07/09 06:03:37.879 sat=114
3 estpos  : n=30
3 resprng : n=30
3 resprng : n=30
3 resprng : n=30
3 resprng : n=30
3 valsol  : n=30 nv=16
3 pntpos  : tobs=2026/07/09 06:03:39.000 n=32
3 satposs : teph=2026/07/09 06:03:39.000 n=32 ephopt=1
3 no pseudorange 2026/07/09 06:03:39.000 sat=46
3 no pseudorange 2026/07/09 06:03:39.000 sat=70
3 prec ephem outage 2026/07/09 06:03:39 sat=107
3 no ephemeris 2026/07/09 06:03:38.871 sat=107
3 prec ephem outage 2026/07/09 06:03:39 sat=108
3 no ephemeris 2026/07/09 06:03:38.869 sat=108
3 prec ephem outage 2026/07/09 06:03:39 sat=114
3 no ephemeris 2026/07/09 06:03:38.879 sat=114
3 estpos  : n=32
3 resprng : n=32
3 resprng : n=32
3 resprng : n=32
3 resprng : n=32
3 valsol  : n=32 nv=17
3 pntpos  : tobs=2026/07/09 06:03:40.000 n=32
3 satposs : teph=2026/07/09 06:03:40.000 n=32 ephopt=1
3 no pseudorange 2026/07/09 06:03:40.000 sat=46
3 no pseudorange 2026/07/09 06:03:40.000 sat=70
3 prec ephem outage 2026/07/09 06:03:40 sat=107
3 no ephemeris 2026/07/09 06:03:39.871 sat=107
3 prec ephem outage 2026/07/09 06:03:40 sat=108
3 no ephemeris 2026/07/09 06:03:39.869 sat=108
3 prec ephem outage 2026/07/09 06:03:40 sat=114
3 no ephemeris 2026/07/09 06:03:39.879 sat=114
3 estpos  : n=32
3 resprng : n=32
3 resprng : n=32
3 resprng : n=32
3 resprng : n=32
3 valsol  : n=32 nv=17
3 pntpos  : tobs=2026/07/09 06:03:41.000 n=33
3 satposs : teph=2026/07/09 06:03:41.000 n=33 ephopt=1
3 prec ephem outage 2026/07/09 06:03:41 sat=45
3 no ephemeris 2026/07/09 06:03:40.922 sat=45
3 no pseudorange 2026/07/09 06:03:41.000 sat=46
3 no pseudorange 2026/07/09 06:03:41.000 sat=70
3 prec ephem outage 2026/07/09 06:03:41 sat=107
3 no ephemeris 2026/07/09 06:03:40.871 sat=107
3 prec ephem outage 2026/07/09 06:03:41 sat=108
3 no ephemeris 2026/07/09 06:03:40.869 sat=108
3 prec ephem outage 2026/07/09 06:03:41 sat=114
3 no ephemeris 2026/07/09 06:03:40.879 sat=114
3 estpos  : n=33
3 resprng : n=33
3 resprng : n=33
3 resprng : n=33
3 resprng : n=33
3 valsol  : n=33 nv=17
3 pntpos  : tobs=2026/07/09 06:03:42.000 n=32
3 satposs : teph=2026/07/09 06:03:42.000 n=32 ephopt=1
3 prec ephem outage 2026/07/09 06:03:42 sat=45
3 no ephemeris 2026/07/09 06:03:41.922 sat=45
3 no pseudorange 2026/07/09 06:03:42.000 sat=46
3 no pseudorange 2026/07/09 06:03:42.000 sat=70
3 prec ephem outage 2026/07/09 06:03:42 sat=107
3 no ephemeris 2026/07/09 06:03:41.871 sat=107
3 prec ephem outage 2026/07/09 06:03:42 sat=108
3 no ephemeris 2026/07/09 06:03:41.869 sat=108
3 prec ephem outage 2026/07/09 06:03:42 sat=114
3 no ephemeris 2026/07/09 06:03:41.879 sat=114
3 estpos  : n=32
3 resprng : n=32
3 resprng : n=32
3 resprng : n=32
3 resprng : n=32
3 valsol  : n=32 nv=17
3 pntpos  : tobs=2026/07/09 06:03:43.000 n=32
3 satposs : teph=2026/07/09 06:03:43.000 n=32 ephopt=1
3 prec ephem outage 2026/07/09 06:03:43 sat=45
3 no ephemeris 2026/07/09 06:03:42.922 sat=45
3 no pseudorange 2026/07/09 06:03:43.000 sat=46
3 no pseudorange 2026/07/09 06:03:43.000 sat=70
3 prec ephem outage 2026/07/09 06:03:43 sat=107
3 no ephemeris 2026/07/09 06:03:42.871 sat=107
3 prec ephem outage 2026/07/09 06:03:43 sat=108
3 no ephemeris 2026/07/09 06:03:42.869 sat=108
3 prec ephem outage 2026/07/09 06:03:43 sat=114
3 no ephemeris 2026/07/09 06:03:42.879 sat=114
3 estpos  : n=32
3 resprng : n=32
3 resprng : n=32
3 resprng : n=32
3 resprng : n=32
3 valsol  : n=32 nv=16
3 pntpos  : tobs=2026/07/09 06:03:44.000 n=32
3 satposs : teph=2026/07/09 06:03:44.000 n=32 ephopt=1
3 prec ephem outage 2026/07/09 06:03:44 sat=45
3 no ephemeris 2026/07/09 06:03:43.922 sat=45
3 no pseudorange 2026/07/09 06:03:44.000 sat=46
3 no pseudorange 2026/07/09 06:03:44.000 sat=70
3 prec ephem outage 2026/07/09 06:03:44 sat=107
3 no ephemeris 2026/07/09 06:03:43.871 sat=107
3 prec ephem outage 2026/07/09 06:03:44 sat=108
3 no ephemeris 2026/07/09 06:03:43.869 sat=108
3 prec ephem outage 2026/07/09 06:03:44 sat=114
3 no ephemeris 2026/07/09 06:03:43.879 sat=114
3 estpos  : n=32
3 resprng : n=32
3 resprng : n=32
3 resprng : n=32
3 resprng : n=32
3 valsol  : n=32 nv=16
3 pntpos  : tobs=2026/07/09 06:03:45.000 n=33
3 satposs : teph=2026/07/09 06:03:45.000 n=33 ephopt=1
3 prec ephem outage 2026/07/09 06:03:45 sat=45
3 no ephemeris 2026/07/09 06:03:44.922 sat=45
3 no pseudorange 2026/07/09 06:03:45.000 sat=46
3 no pseudorange 2026/07/09 06:03:45.000 sat=70
3 prec ephem outage 2026/07/09 06:03:45 sat=107
3 no ephemeris 2026/07/09 06:03:44.871 sat=107
3 prec ephem outage 2026/07/09 06:03:45 sat=108
3 no ephemeris 2026/07/09 06:03:44.869 sat=108
3 prec ephem outage 2026/07/09 06:03:45 sat=114
3 no ephemeris 2026/07/09 06:03:44.879 sat=114
3 estpos  : n=33
3 resprng : n=33
3 resprng : n=33
3 resprng : n=33
3 resprng : n=33
3 valsol  : n=33 nv=17
3 pntpos  : tobs=2026/07/09 06:03:46.000 n=33
3 satposs : teph=2026/07/09 06:03:46.000 n=33 ephopt=1
3 prec ephem outage 2026/07/09 06:03:46 sat=45
3 no ephemeris 2026/07/09 06:03:45.922 sat=45
3 no pseudorange 2026/07/09 06:03:46.000 sat=46
3 no pseudorange 2026/07/09 06:03:46.000 sat=70
3 prec ephem outage 2026/07/09 06:03:46 sat=107
3 no ephemeris 2026/07/09 06:03:45.871 sat=107
3 prec ephem outage 2026/07/09 06:03:46 sat=108
3 no ephemeris 2026/07/09 06:03:45.869 sat=108
3 prec ephem outage 2026/07/09 06:03:46 sat=114
3 no ephemeris 2026/07/09 06:03:45.879 sat=114
3 estpos  : n=33
3 resprng : n=33
3 resprng : n=33
3 resprng : n=33
3 resprng : n=33
3 valsol  : n=33 nv=17
3 pntpos  : tobs=2026/07/09 06:03:47.000 n=32
3 satposs : teph=2026/07/09 06:03:47.000 n=32 ephopt=1
3 prec ephem outage 2026/07/09 06:03:47 sat=45
3 no ephemeris 2026/07/09 06:03:46.922 sat=45
3 no pseudorange 2026/07/09 06:03:47.000 sat=70
3 prec ephem outage 2026/07/09 06:03:47 sat=107
3 no ephemeris 2026/07/09 06:03:46.871 sat=107
3 prec ephem outage 2026/07/09 06:03:47 sat=108
3 no ephemeris 2026/07/09 06:03:46.869 sat=108
3 prec ephem outage 2026/07/09 06:03:47 sat=114
3 no ephemeris 2026/07/09 06:03:46.879 sat=114
3 estpos  : n=32
3 resprng : n=32
3 resprng : n=32
3 resprng : n=32
3 resprng : n=32
3 valsol  : n=32 nv=17
3 pntpos  : tobs=2026/07/09 06:03:48.000 n=33
3 satposs : teph=2026/07/09 06:03:48.000 n=33 ephopt=1
3 prec ephem outage 2026/07/09 06:03:48 sat=45
3 no ephemeris 2026/07/09 06:03:47.922 sat=45
3 no pseudorange 2026/07/09 06:03:48.000 sat=46
3 no pseudorange 2026/07/09 06:03:48.000 sat=70
3 prec ephem outage 2026/07/09 06:03:48 sat=107
3 no ephemeris 2026/07/09 06:03:47.871 sat=107
3 prec ephem outage 2026/07/09 06:03:48 sat=108
3 no ephemeris 2026/07/09 06:03:47.869 sat=108
3 prec ephem outage 2026/07/09 06:03:48 sat=114
3 no ephemeris 2026/07/09 06:03:47.879 sat=114
3 estpos  : n=33
3 resprng : n=33
3 resprng : n=33
3 resprng : n=33
3 resprng : n=33
3 valsol  : n=33 nv=17
3 pntpos  : tobs=2026/07/09 06:03:49.000 n=33
3 satposs : teph=2026/07/09 06:03:49.000 n=33 ephopt=1
3 prec ephem outage 2026/07/09 06:03:49 sat=45
3 no ephemeris 2026/07/09 06:03:48.922 sat=45
3 no pseudorange 2026/07/09 06:03:49.000 sat=46
3 no pseudorange 2026/07/09 06:03:49.000 sat=70
3 prec ephem outage 2026/07/09 06:03:49 sat=107
3 no ephemeris 2026/07/09 06:03:48.871 sat=107
3 prec ephem outage 2026/07/09 06:03:49 sat=108
3 no ephemeris 2026/07/09 06:03:48.869 sat=108
3 prec ephem outage 2026/07/09 06:03:49 sat=114
3 no ephemeris 2026/07/09 06:03:48.879 sat=114
3 estpos  : n=33
3 resprng : n=33
3 resprng : n=33
3 resprng : n=33
3 resprng : n=33
3 valsol  : n=33 nv=17
3 pntpos  : tobs=2026/07/09 06:03:50.000 n=31
3 satposs : teph=2026/07/09 06:03:50.000 n=31 ephopt=1
3 no pseudorange 2026/07/09 06:03:50.000 sat=46
3 no pseudorange 2026/07/09 06:03:50.000 sat=70
3 prec ephem outage 2026/07/09 06:03:50 sat=107
3 no ephemeris 2026/07/09 06:03:49.871 sat=107
3 prec ephem outage 2026/07/09 06:03:50 sat=108
3 no ephemeris 2026/07/09 06:03:49.869 sat=108
3 prec ephem outage 2026/07/09 06:03:50 sat=114
3 no ephemeris 2026/07/09 06:03:49.879 sat=114
3 estpos  : n=31
3 resprng : n=31
3 resprng : n=31
3 resprng : n=31
3 resprng : n=31
3 valsol  : n=31 nv=16
3 pntpos  : tobs=2026/07/09 06:03:51.000 n=32
3 satposs : teph=2026/07/09 06:03:51.000 n=32 ephopt=1
3 prec ephem outage 2026/07/09 06:03:51 sat=45
3 no ephemeris 2026/07/09 06:03:50.922 sat=45
3 no pseudorange 2026/07/09 06:03:51.000 sat=70
3 prec ephem outage 2026/07/09 06:03:51 sat=107
3 no ephemeris 2026/07/09 06:03:50.871 sat=107
3 prec ephem outage 2026/07/09 06:03:51 sat=108
3 no ephemeris 2026/07/09 06:03:50.869 sat=108
3 prec ephem outage 2026/07/09 06:03:51 sat=114
3 no ephemeris 2026/07/09 06:03:50.879 sat=114
3 estpos  : n=32
3 resprng : n=32
3 resprng : n=32
3 resprng : n=32
3 resprng : n=32
3 valsol  : n=32 nv=16
3 pntpos  : tobs=2026/07/09 06:03:52.000 n=32
3 satposs : teph=2026/07/09 06:03:52.000 n=32 ephopt=1
3 prec ephem outage 2026/07/09 06:03:52 sat=45
3 no ephemeris 2026/07/09 06:03:51.922 sat=45
3 no pseudorange 2026/07/09 06:03:52.000 sat=46
3 no pseudorange 2026/07/09 06:03:52.000 sat=70
3 prec ephem outage 2026/07/09 06:03:52 sat=107
3 no ephemeris 2026/07/09 06:03:51.871 sat=107
3 prec ephem outage 2026/07/09 06:03:52 sat=108
3 no ephemeris 2026/07/09 06:03:51.869 sat=108
3 prec ephem outage 2026/07/09 06:03:52 sat=114
3 no ephemeris 2026/07/09 06:03:51.879 sat=114
3 estpos  : n=32
3 resprng : n=32
3 resprng : n=32
3 resprng : n=32
3 resprng : n=32
3 valsol  : n=32 nv=17
3 pntpos  : tobs=2026/07/09 06:03:53.000 n=34
3 satposs : teph=2026/07/09 06:03:53.000 n=34 ephopt=1
3 prec ephem outage 2026/07/09 06:03:53 sat=45
3 no ephemeris 2026/07/09 06:03:52.922 sat=45
3 no pseudorange 2026/07/09 06:03:53.000 sat=46
3 no pseudorange 2026/07/09 06:03:53.000 sat=70
3 prec ephem outage 2026/07/09 06:03:53 sat=107
3 no ephemeris 2026/07/09 06:03:52.871 sat=107
3 prec ephem outage 2026/07/09 06:03:53 sat=108
3 no ephemeris 2026/07/09 06:03:52.869 sat=108
3 prec ephem outage 2026/07/09 06:03:53 sat=114
3 no ephemeris 2026/07/09 06:03:52.879 sat=114
3 estpos  : n=34
3 resprng : n=34
3 resprng : n=34
3 resprng : n=34
3 resprng : n=34
3 valsol  : n=34 nv=17
3 pntpos  : tobs=2026/07/09 06:03:54.000 n=34
3 satposs : teph=2026/07/09 06:03:54.000 n=34 ephopt=1
3 prec ephem outage 2026/07/09 06:03:54 sat=45
3 no ephemeris 2026/07/09 06:03:53.922 sat=45
3 no pseudorange 2026/07/09 06:03:54.000 sat=46
3 no pseudorange 2026/07/09 06:03:54.000 sat=70
3 prec ephem outage 2026/07/09 06:03:54 sat=107
3 no ephemeris 2026/07/09 06:03:53.871 sat=107
3 prec ephem outage 2026/07/09 06:03:54 sat=108
3 no ephemeris 2026/07/09 06:03:53.869 sat=108
3 prec ephem outage 2026/07/09 06:03:54 sat=114
3 no ephemeris 2026/07/09 06:03:53.879 sat=114
3 estpos  : n=34
3 resprng : n=34
3 resprng : n=34
3 resprng : n=34
3 resprng : n=34
3 valsol  : n=34 nv=17
3 pntpos  : tobs=2026/07/09 06:03:55.000 n=32
3 satposs : teph=2026/07/09 06:03:55.000 n=32 ephopt=1
3 prec ephem outage 2026/07/09 06:03:55 sat=45
3 no ephemeris 2026/07/09 06:03:54.922 sat=45
3 no pseudorange 2026/07/09 06:03:55.000 sat=70
3 prec ephem outage 2026/07/09 06:03:55 sat=107
3 no ephemeris 2026/07/09 06:03:54.871 sat=107
3 prec ephem outage 2026/07/09 06:03:55 sat=108
3 no ephemeris 2026/07/09 06:03:54.869 sat=108
3 prec ephem outage 2026/07/09 06:03:55 sat=114
3 no ephemeris 2026/07/09 06:03:54.879 sat=114
3 estpos  : n=32
3 resprng : n=32
3 resprng : n=32
3 resprng : n=32
3 resprng : n=32
3 valsol  : n=32 nv=16
3 pntpos  : tobs=2026/07/09 06:03:56.000 n=32
3 satposs : teph=2026/07/09 06:03:56.000 n=32 ephopt=1
3 prec ephem outage 2026/07/09 06:03:56 sat=45
3 no ephemeris 2026/07/09 06:03:55.922 sat=45
3 no pseudorange 2026/07/09 06:03:56.000 sat=70
3 prec ephem outage 2026/07/09 06:03:56 sat=107
3 no ephemeris 2026/07/09 06:03:55.871 sat=107
3 prec ephem outage 2026/07/09 06:03:56 sat=108
3 no ephemeris 2026/07/09 06:03:55.869 sat=108
3 prec ephem outage 2026/07/09 06:03:56 sat=114
3 no ephemeris 2026/07/09 06:03:55.879 sat=114
3 estpos  : n=32
3 resprng : n=32
3 resprng : n=32
3 resprng : n=32
3 resprng : n=32
3 valsol  : n=32 nv=16
3 pntpos  : tobs=2026/07/09 06:03:57.000 n=32
3 satposs : teph=2026/07/09 06:03:57.000 n=32 ephopt=1
3 no pseudorange 2026/07/09 06:03:57.000 sat=70
3 prec ephem outage 2026/07/09 06:03:57 sat=107
3 no ephemeris 2026/07/09 06:03:56.871 sat=107
3 prec ephem outage 2026/07/09 06:03:57 sat=108
3 no ephemeris 2026/07/09 06:03:56.869 sat=108
3 prec ephem outage 2026/07/09 06:03:57 sat=114
3 no ephemeris 2026/07/09 06:03:56.879 sat=114
3 estpos  : n=32
3 resprng : n=32
3 resprng : n=32
3 resprng : n=32
3 resprng : n=32
3 valsol  : n=32 nv=17
3 pntpos  : tobs=2026/07/09 06:03:58.000 n=32
3 satposs : teph=2026/07/09 06:03:58.000 n=32 ephopt=1
3 no pseudorange 2026/07/09 06:03:58.000 sat=70
3 prec ephem outage 2026/07/09 06:03:58 sat=107
3 no ephemeris 2026/07/09 06:03:57.871 sat=107
3 prec ephem outage 2026/07/09 06:03:58 sat=108
3 no ephemeris 2026/07/09 06:03:57.869 sat=108
3 prec ephem outage 2026/07/09 06:03:58 sat=114
3 no ephemeris 2026/07/09 06:03:57.879 sat=114
3 estpos  : n=32
3 resprng : n=32
3 resprng : n=32
3 resprng : n=32
3 resprng : n=32
3 valsol  : n=32 nv=17
3 pntpos  : tobs=2026/07/09 06:03:59.000 n=32
3 satposs : teph=2026/07/09 06:03:59.000 n=32 ephopt=1
3 prec ephem outage 2026/07/09 06:03:59 sat=45
3 no ephemeris 2026/07/09 06:03:58.922 sat=45
3 no pseudorange 2026/07/09 06:03:59.000 sat=70
3 prec ephem outage 2026/07/09 06:03:59 sat=107
3 no ephemeris 2026/07/09 06:03:58.871 sat=107
3 prec ephem outage 2026/07/09 06:03:59 sat=108
3 no ephemeris 2026/07/09 06:03:58.869 sat=108
3 prec ephem outage 2026/07/09 06:03:59 sat=114
3 no ephemeris 2026/07/09 06:03:58.879 sat=114
3 estpos  : n=32
3 resprng : n=32
3 resprng : n=32
3 resprng : n=32
3 resprng : n=32
3 valsol  : n=32 nv=16
3 pntpos  : tobs=2026/07/09 06:04:00.000 n=33
3 satposs : teph=2026/07/09 06:04:00.000 n=33 ephopt=1
3 prec ephem outage 2026/07/09 06:04:00 sat=45
3 no ephemeris 2026/07/09 06:03:59.922 sat=45
3 no pseudorange 2026/07/09 06:04:00.000 sat=70
3 prec ephem outage 2026/07/09 06:04:00 sat=107
3 no ephemeris 2026/07/09 06:03:59.871 sat=107
3 prec ephem outage 2026/07/09 06:04:00 sat=108
3 no ephemeris 2026/07/09 06:03:59.869 sat=108
3 prec ephem outage 2026/07/09 06:04:00 sat=114
3 no ephemeris 2026/07/09 06:03:59.879 sat=114
3 estpos  : n=33
3 resprng : n=33
3 resprng : n=33
3 resprng : n=33
3 resprng : n=33
3 valsol  : n=33 nv=17
3 pntpos  : tobs=2026/07/09 06:04:01.000 n=32
3 satposs : teph=2026/07/09 06:04:01.000 n=32 ephopt=1
3 prec ephem outage 2026/07/09 06:04:01 sat=45
3 no ephemeris 2026/07/09 06:04:00.922 sat=45
3 no pseudorange 2026/07/09 06:04:01.000 sat=70
3 prec ephem outage 2026/07/09 06:04:01 sat=107
3 no ephemeris 2026/07/09 06:04:00.871 sat=107
3 prec ephem outage 2026/07/09 06:04:01 sat=108
3 no ephemeris 2026/07/09 06:04:00.869 sat=108
3 prec ephem outage 2026/07/09 06:04:01 sat=114
3 no ephemeris 2026/07/09 06:04:00.879 sat=114
3 estpos  : n=32
3 resprng : n=32
3 resprng : n=32
3 resprng : n=32
3 resprng : n=32
3 valsol  : n=32 nv=16
3 pntpos  : tobs=2026/07/09 06:04:02.000 n=32
3 satposs : teph=2026/07/09 06:04:02.000 n=32 ephopt=1
3 prec ephem outage 2026/07/09 06:04:02 sat=45
3 no ephemeris 2026/07/09 06:04:01.922 sat=45
3 no pseudorange 2026/07/09 06:04:02.000 sat=70
3 prec ephem outage 2026/07/09 06:04:02 sat=108
3 no ephemeris 2026/07/09 06:04:01.869 sat=108
3 prec ephem outage 2026/07/09 06:04:02 sat=114
3 no ephemeris 2026/07/09 06:04:01.879 sat=114
3 estpos  : n=32
3 resprng : n=32
3 resprng : n=32
3 resprng : n=32
3 resprng : n=32
3 valsol  : n=32 nv=17
3 pntpos  : tobs=2026/07/09 06:04:03.000 n=32
3 satposs : teph=2026/07/09 06:04:03.000 n=32 ephopt=1
3 prec ephem outage 2026/07/09 06:04:03 sat=45
3 no ephemeris 2026/07/09 06:04:02.922 sat=45
3 no pseudorange 2026/07/09 06:04:03.000 sat=70
3 prec ephem outage 2026/07/09 06:04:03 sat=107
3 no ephemeris 2026/07/09 06:04:02.871 sat=107
3 prec ephem outage 2026/07/09 06:04:03 sat=108
3 no ephemeris 2026/07/09 06:04:02.869 sat=108
3 prec ephem outage 2026/07/09 06:04:03 sat=114
3 no ephemeris 2026/07/09 06:04:02.879 sat=114
3 estpos  : n=32
3 resprng : n=32
3 resprng : n=32
3 resprng : n=32
3 resprng : n=32
3 valsol  : n=32 nv=17
3 pntpos  : tobs=2026/07/09 06:04:04.000 n=31
3 satposs : teph=2026/07/09 06:04:04.000 n=31 ephopt=1
3 prec ephem outage 2026/07/09 06:04:04 sat=45
3 no ephemeris 2026/07/09 06:04:03.922 sat=45
3 no pseudorange 2026/07/09 06:04:04.000 sat=70
3 prec ephem outage 2026/07/09 06:04:04 sat=107
3 no ephemeris 2026/07/09 06:04:03.871 sat=107
3 prec ephem outage 2026/07/09 06:04:04 sat=108
3 no ephemeris 2026/07/09 06:04:03.869 sat=108
3 prec ephem outage 2026/07/09 06:04:04 sat=114
3 no ephemeris 2026/07/09 06:04:03.879 sat=114
3 estpos  : n=31
3 resprng : n=31
3 resprng : n=31
3 resprng : n=31
3 resprng : n=31
3 valsol  : n=31 nv=16
3 pntpos  : tobs=2026/07/09 06:04:05.000 n=33
3 satposs : teph=2026/07/09 06:04:05.000 n=33 ephopt=1
3 prec ephem outage 2026/07/09 06:04:05 sat=45
3 no ephemeris 2026/07/09 06:04:04.922 sat=45
3 no pseudorange 2026/07/09 06:04:05.000 sat=70
3 prec ephem outage 2026/07/09 06:04:05 sat=107
3 no ephemeris 2026/07/09 06:04:04.871 sat=107
3 prec ephem outage 2026/07/09 06:04:05 sat=108
3 no ephemeris 2026/07/09 06:04:04.869 sat=108
3 prec ephem outage 2026/07/09 06:04:05 sat=114
3 no ephemeris 2026/07/09 06:04:04.879 sat=114
3 estpos  : n=33
3 resprng : n=33
3 resprng : n=33
3 resprng : n=33
3 resprng : n=33
3 valsol  : n=33 nv=17
3 pntpos  : tobs=2026/07/09 06:04:06.000 n=31
3 satposs : teph=2026/07/09 06:04:06.000 n=31 ephopt=1
3 prec ephem outage 2026/07/09 06:04:06 sat=45
3 no ephemeris 2026/07/09 06:04:05.922 sat=45
3 no pseudorange 2026/07/09 06:04:06.000 sat=70
3 prec ephem outage 2026/07/09 06:04:06 sat=107
3 no ephemeris 2026/07/09 06:04:05.871 sat=107
3 prec ephem outage 2026/07/09 06:04:06 sat=108
3 no ephemeris 2026/07/09 06:04:05.869 sat=108
3 prec ephem outage 2026/07/09 06:04:06 sat=114
3 no ephemeris 2026/07/09 06:04:05.879 sat=114
3 estpos  : n=31
3 resprng : n=31
3 resprng : n=31
3 resprng : n=31
3 resprng : n=31
3 valsol  : n=31 nv=16
3 pntpos  : tobs=2026/07/09 06:04:07.000 n=31
3 satposs : teph=2026/07/09 06:04:07.000 n=31 ephopt=1
3 prec ephem outage 2026/07/09 06:04:07 sat=45
3 no ephemeris 2026/07/09 06:04:06.922 sat=45
3 no pseudorange 2026/07/09 06:04:07.000 sat=70
3 prec ephem outage 2026/07/09 06:04:07 sat=107
3 no ephemeris 2026/07/09 06:04:06.871 sat=107
3 prec ephem outage 2026/07/09 06:04:07 sat=108
3 no ephemeris 2026/07/09 06:04:06.869 sat=108
3 prec ephem outage 2026/07/09 06:04:07 sat=114
3 no ephemeris 2026/07/09 06:04:06.879 sat=114
3 estpos  : n=31
3 resprng : n=31
3 resprng : n=31
3 resprng : n=31
3 resprng : n=31
3 valsol  : n=31 nv=16
3 pntpos  : tobs=2026/07/09 06:04:08.000 n=31
3 satposs : teph=2026/07/09 06:04:08.000 n=31 ephopt=1
3 prec ephem outage 2026/07/09 06:04:08 sat=45
3 no ephemeris 2026/07/09 06:04:07.922 sat=45
3 no pseudorange 2026/07/09 06:04:08.000 sat=70
3 prec ephem outage 2026/07/09 06:04:08 sat=107
3 no ephemeris 2026/07/09 06:04:07.871 sat=107
3 prec ephem outage 2026/07/09 06:04:08 sat=108
3 no ephemeris 2026/07/09 06:04:07.869 sat=108
3 prec ephem outage 2026/07/09 06:04:08 sat=114
3 no ephemeris 2026/07/09 06:04:07.879 sat=114
3 estpos  : n=31
3 resprng : n=31
3 resprng : n=31
3 resprng : n=31
3 resprng : n=31
3 valsol  : n=31 nv=17
3 pntpos  : tobs=2026/07/09 06:04:09.000 n=32
3 satposs : teph=2026/07/09 06:04:09.000 n=32 ephopt=1
3 prec ephem outage 2026/07/09 06:04:09 sat=45
3 no ephemeris 2026/07/09 06:04:08.922 sat=45
3 no pseudorange 2026/07/09 06:04:09.000 sat=70
3 prec ephem outage 2026/07/09 06:04:09 sat=107
3 no ephemeris 2026/07/09 06:04:08.871 sat=107
3 prec ephem outage 2026/07/09 06:04:09 sat=108
3 no ephemeris 2026/07/09 06:04:08.869 sat=108
3 prec ephem outage 2026/07/09 06:04:09 sat=114
3 no ephemeris 2026/07/09 06:04:08.879 sat=114
3 estpos  : n=32
3 resprng : n=32
3 resprng : n=32
3 resprng : n=32
3 resprng : n=32
3 valsol  : n=32 nv=16
3 pntpos  : tobs=2026/07/09 06:04:10.000 n=32
3 satposs : teph=2026/07/09 06:04:10.000 n=32 ephopt=1
3 prec ephem outage 2026/07/09 06:04:10 sat=45
3 no ephemeris 2026/07/09 06:04:09.922 sat=45
3 no pseudorange 2026/07/09 06:04:10.000 sat=70
3 prec ephem outage 2026/07/09 06:04:10 sat=107
3 no ephemeris 2026/07/09 06:04:09.871 sat=107
3 prec ephem outage 2026/07/09 06:04:10 sat=108
3 no ephemeris 2026/07/09 06:04:09.869 sat=108
3 prec ephem outage 2026/07/09 06:04:10 sat=114
3 no ephemeris 2026/07/09 06:04:09.879 sat=114
3 estpos  : n=32
3 resprng : n=32
3 resprng : n=32
3 resprng : n=32
3 resprng : n=32
3 valsol  : n=32 nv=16
3 pntpos  : tobs=2026/07/09 06:04:11.000 n=32
3 satposs : teph=2026/07/09 06:04:11.000 n=32 ephopt=1
3 prec ephem outage 2026/07/09 06:04:11 sat=45
3 no ephemeris 2026/07/09 06:04:10.922 sat=45
3 no pseudorange 2026/07/09 06:04:11.000 sat=70
3 prec ephem outage 2026/07/09 06:04:11 sat=107
3 no ephemeris 2026/07/09 06:04:10.871 sat=107
3 prec ephem outage 2026/07/09 06:04:11 sat=108
3 no ephemeris 2026/07/09 06:04:10.869 sat=108
3 prec ephem outage 2026/07/09 06:04:11 sat=114
3 no ephemeris 2026/07/09 06:04:10.879 sat=114
3 estpos  : n=32
3 resprng : n=32
3 resprng : n=32
3 resprng : n=32
3 resprng : n=32
3 valsol  : n=32 nv=16
3 pntpos  : tobs=2026/07/09 06:04:12.000 n=32
3 satposs : teph=2026/07/09 06:04:12.000 n=32 ephopt=1
3 prec ephem outage 2026/07/09 06:04:12 sat=45
3 no ephemeris 2026/07/09 06:04:11.922 sat=45
3 no pseudorange 2026/07/09 06:04:12.000 sat=70
3 prec ephem outage 2026/07/09 06:04:12 sat=107
3 no ephemeris 2026/07/09 06:04:11.871 sat=107
3 prec ephem outage 2026/07/09 06:04:12 sat=108
3 no ephemeris 2026/07/09 06:04:11.869 sat=108
3 prec ephem outage 2026/07/09 06:04:12 sat=114
3 no ephemeris 2026/07/09 06:04:11.879 sat=114
3 estpos  : n=32
3 resprng : n=32
3 resprng : n=32
3 resprng : n=32
3 resprng : n=32
3 valsol  : n=32 nv=17
3 pntpos  : tobs=2026/07/09 06:04:13.000 n=32
3 satposs : teph=2026/07/09 06:04:13.000 n=32 ephopt=1
3 prec ephem outage 2026/07/09 06:04:13 sat=45
3 no ephemeris 2026/07/09 06:04:12.922 sat=45
3 no pseudorange 2026/07/09 06:04:13.000 sat=70
3 prec ephem outage 2026/07/09 06:04:13 sat=107
3 no ephemeris 2026/07/09 06:04:12.871 sat=107
3 prec ephem outage 2026/07/09 06:04:13 sat=108
3 no ephemeris 2026/07/09 06:04:12.869 sat=108
3 prec ephem outage 2026/07/09 06:04:13 sat=114
3 no ephemeris 2026/07/09 06:04:12.879 sat=114
3 estpos  : n=32
3 resprng : n=32
3 resprng : n=32
3 resprng : n=32
3 resprng : n=32
3 valsol  : n=32 nv=17
3 pntpos  : tobs=2026/07/09 06:04:14.000 n=31
3 satposs : teph=2026/07/09 06:04:14.000 n=31 ephopt=1
3 prec ephem outage 2026/07/09 06:04:14 sat=45
3 no ephemeris 2026/07/09 06:04:13.922 sat=45
3 no pseudorange 2026/07/09 06:04:14.000 sat=70
3 prec ephem outage 2026/07/09 06:04:14 sat=107
3 no ephemeris 2026/07/09 06:04:13.871 sat=107
3 prec ephem outage 2026/07/09 06:04:14 sat=108
3 no ephemeris 2026/07/09 06:04:13.869 sat=108
3 prec ephem outage 2026/07/09 06:04:14 sat=114
3 no ephemeris 2026/07/09 06:04:13.879 sat=114
3 estpos  : n=31
3 resprng : n=31
3 resprng : n=31
3 resprng : n=31
3 resprng : n=31
3 valsol  : n=31 nv=17
3 pntpos  : tobs=2026/07/09 06:04:15.000 n=32
3 satposs : teph=2026/07/09 06:04:15.000 n=32 ephopt=1
3 prec ephem outage 2026/07/09 06:04:15 sat=45
3 no ephemeris 2026/07/09 06:04:14.922 sat=45
3 no pseudorange 2026/07/09 06:04:15.000 sat=70
3 prec ephem outage 2026/07/09 06:04:15 sat=107
3 no ephemeris 2026/07/09 06:04:14.871 sat=107
3 prec ephem outage 2026/07/09 06:04:15 sat=108
3 no ephemeris 2026/07/09 06:04:14.869 sat=108
3 prec ephem outage 2026/07/09 06:04:15 sat=114
3 no ephemeris 2026/07/09 06:04:14.879 sat=114
3 estpos  : n=32
3 resprng : n=32
3 resprng : n=32
3 resprng : n=32
3 resprng : n=32
3 valsol  : n=32 nv=16
3 pntpos  : tobs=2026/07/09 06:04:16.000 n=30
3 satposs : teph=2026/07/09 06:04:16.000 n=30 ephopt=1
3 no pseudorange 2026/07/09 06:04:16.000 sat=70
3 prec ephem outage 2026/07/09 06:04:16 sat=107
3 no ephemeris 2026/07/09 06:04:15.871 sat=107
3 prec ephem outage 2026/07/09 06:04:16 sat=108
3 no ephemeris 2026/07/09 06:04:15.869 sat=108
3 prec ephem outage 2026/07/09 06:04:16 sat=114
3 no ephemeris 2026/07/09 06:04:15.879 sat=114
3 estpos  : n=30
3 resprng : n=30
3 resprng : n=30
3 resprng : n=30
3 resprng : n=30
3 valsol  : n=30 nv=16
3 pntpos  : tobs=2026/07/09 06:04:17.000 n=31
3 satposs : teph=2026/07/09 06:04:17.000 n=31 ephopt=1
3 no pseudorange 2026/07/09 06:04:17.000 sat=70
3 prec ephem outage 2026/07/09 06:04:17 sat=107
3 no ephemeris 2026/07/09 06:04:16.871 sat=107
3 prec ephem outage 2026/07/09 06:04:17 sat=108
3 no ephemeris 2026/07/09 06:04:16.869 sat=108
3 prec ephem outage 2026/07/09 06:04:17 sat=114
3 no ephemeris 2026/07/09 06:04:16.879 sat=114
3 estpos  : n=31
3 resprng : n=31
3 resprng : n=31
3 resprng : n=31
3 resprng : n=31
3 valsol  : n=31 nv=17
3 pntpos  : tobs=2026/07/09 06:04:18.000 n=32
3 satposs : teph=2026/07/09 06:04:18.000 n=32 ephopt=1
3 no pseudorange 2026/07/09 06:04:18.000 sat=70
3 prec ephem outage 2026/07/09 06:04:18 sat=107
3 no ephemeris 2026/07/09 06:04:17.871 sat=107
3 prec ephem outage 2026/07/09 06:04:18 sat=108
3 no ephemeris 2026/07/09 06:04:17.869 sat=108
3 prec ephem outage 2026/07/09 06:04:18 sat=114
3 no ephemeris 2026/07/09 06:04:17.879 sat=114
3 estpos  : n=32
3 resprng : n=32
3 resprng : n=32
3 resprng : n=32
3 resprng : n=32
3 valsol  : n=32 nv=17
3 pntpos  : tobs=2026/07/09 06:04:19.000 n=32
3 satposs : teph=2026/07/09 06:04:19.000 n=32 ephopt=1
3 prec ephem outage 2026/07/09 06:04:19 sat=45
3 no ephemeris 2026/07/09 06:04:18.922 sat=45
3 no pseudorange 2026/07/09 06:04:19.000 sat=70
3 prec ephem outage 2026/07/09 06:04:19 sat=107
3 no ephemeris 2026/07/09 06:04:18.871 sat=107
3 prec ephem outage 2026/07/09 06:04:19 sat=108
3 no ephemeris 2026/07/09 06:04:18.869 sat=108
3 prec ephem outage 2026/07/09 06:04:19 sat=114
3 no ephemeris 2026/07/09 06:04:18.879 sat=114
3 estpos  : n=32
3 resprng : n=32
3 resprng : n=32
3 resprng : n=32
3 resprng : n=32
3 valsol  : n=32 nv=17
3 pntpos  : tobs=2026/07/09 06:04:20.000 n=33
3 satposs : teph=2026/07/09 06:04:20.000 n=33 ephopt=1
3 prec ephem outage 2026/07/09 06:04:20 sat=45
3 no ephemeris 2026/07/09 06:04:19.922 sat=45
3 no pseudorange 2026/07/09 06:04:20.000 sat=70
3 prec ephem outage 2026/07/09 06:04:20 sat=107
3 no ephemeris 2026/07/09 06:04:19.871 sat=107
3 prec ephem outage 2026/07/09 06:04:20 sat=108
3 no ephemeris 2026/07/09 06:04:19.869 sat=108
3 prec ephem outage 2026/07/09 06:04:20 sat=114
3 no ephemeris 2026/07/09 06:04:19.879 sat=114
3 estpos  : n=33
3 resprng : n=33
3 resprng : n=33
3 resprng : n=33
3 resprng : n=33
3 valsol  : n=33 nv=17
3 pntpos  : tobs=2026/07/09 06:04:21.000 n=32
3 satposs : teph=2026/07/09 06:04:21.000 n=32 ephopt=1
3 prec ephem outage 2026/07/09 06:04:21 sat=45
3 no ephemeris 2026/07/09 06:04:20.922 sat=45
3 no pseudorange 2026/07/09 06:04:21.000 sat=70
3 prec ephem outage 2026/07/09 06:04:21 sat=107
3 no ephemeris 2026/07/09 06:04:20.871 sat=107
3 prec ephem outage 2026/07/09 06:04:21 sat=108
3 no ephemeris 2026/07/09 06:04:20.869 sat=108
3 prec ephem outage 2026/07/09 06:04:21 sat=114
3 no ephemeris 2026/07/09 06:04:20.879 sat=114
3 estpos  : n=32
3 resprng : n=32
3 resprng : n=32
3 resprng : n=32
3 resprng : n=32
3 valsol  : n=32 nv=17
3 pntpos  : tobs=2026/07/09 06:04:22.000 n=32
3 satposs : teph=2026/07/09 06:04:22.000 n=32 ephopt=1
3 prec ephem outage 2026/07/09 06:04:22 sat=45
3 no ephemeris 2026/07/09 06:04:21.922 sat=45
3 no pseudorange 2026/07/09 06:04:22.000 sat=70
3 prec ephem outage 2026/07/09 06:04:22 sat=107
3 no ephemeris 2026/07/09 06:04:21.871 sat=107
3 prec ephem outage 2026/07/09 06:04:22 sat=108
3 no ephemeris 2026/07/09 06:04:21.869 sat=108
3 prec ephem outage 2026/07/09 06:04:22 sat=114
3 no ephemeris 2026/07/09 06:04:21.879 sat=114
3 estpos  : n=32
3 resprng : n=32
3 resprng : n=32
3 resprng : n=32
3 resprng : n=32
3 valsol  : n=32 nv=15
3 pntpos  : tobs=2026/07/09 06:04:23.000 n=33
3 satposs : teph=2026/07/09 06:04:23.000 n=33 ephopt=1
3 prec ephem outage 2026/07/09 06:04:23 sat=45
3 no ephemeris 2026/07/09 06:04:22.922 sat=45
3 no pseudorange 2026/07/09 06:04:23.000 sat=70
3 prec ephem outage 2026/07/09 06:04:23 sat=107
3 no ephemeris 2026/07/09 06:04:22.871 sat=107
3 prec ephem outage 2026/07/09 06:04:23 sat=108
3 no ephemeris 2026/07/09 06:04:22.869 sat=108
3 prec ephem outage 2026/07/09 06:04:23 sat=114
3 no ephemeris 2026/07/09 06:04:22.879 sat=114
3 estpos  : n=33
3 resprng : n=33
3 resprng : n=33
3 resprng : n=33
3 resprng : n=33
3 valsol  : n=33 nv=17
3 pntpos  : tobs=2026/07/09 06:04:24.000 n=31
3 satposs : teph=2026/07/09 06:04:24.000 n=31 ephopt=1
3 prec ephem outage 2026/07/09 06:04:24 sat=45
3 no ephemeris 2026/07/09 06:04:23.922 sat=45
3 no pseudorange 2026/07/09 06:04:24.000 sat=70
3 prec ephem outage 2026/07/09 06:04:24 sat=107
3 no ephemeris 2026/07/09 06:04:23.871 sat=107
3 prec ephem outage 2026/07/09 06:04:24 sat=108
3 no ephemeris 2026/07/09 06:04:23.869 sat=108
3 prec ephem outage 2026/07/09 06:04:24 sat=114
3 no ephemeris 2026/07/09 06:04:23.879 sat=114
3 estpos  : n=31
3 resprng : n=31
3 resprng : n=31
3 resprng : n=31
3 resprng : n=31
3 valsol  : n=31 nv=16
3 pntpos  : tobs=2026/07/09 06:04:25.000 n=32
3 satposs : teph=2026/07/09 06:04:25.000 n=32 ephopt=1
3 prec ephem outage 2026/07/09 06:04:25 sat=45
3 no ephemeris 2026/07/09 06:04:24.922 sat=45
3 no pseudorange 2026/07/09 06:04:25.000 sat=70
3 prec ephem outage 2026/07/09 06:04:25 sat=107
3 no ephemeris 2026/07/09 06:04:24.871 sat=107
3 prec ephem outage 2026/07/09 06:04:25 sat=108
3 no ephemeris 2026/07/09 06:04:24.869 sat=108
3 prec ephem outage 2026/07/09 06:04:25 sat=114
3 no ephemeris 2026/07/09 06:04:24.879 sat=114
3 estpos  : n=32
3 resprng : n=32
3 resprng : n=32
3 resprng : n=32
3 resprng : n=32
3 valsol  : n=32 nv=16
3 pntpos  : tobs=2026/07/09 06:04:26.000 n=32
3 satposs : teph=2026/07/09 06:04:26.000 n=32 ephopt=1
3 prec ephem outage 2026/07/09 06:04:26 sat=45
3 no ephemeris 2026/07/09 06:04:25.922 sat=45
3 no pseudorange 2026/07/09 06:04:26.000 sat=70
3 prec ephem outage 2026/07/09 06:04:26 sat=107
3 no ephemeris 2026/07/09 06:04:25.871 sat=107
3 prec ephem outage 2026/07/09 06:04:26 sat=108
3 no ephemeris 2026/07/09 06:04:25.869 sat=108
3 prec ephem outage 2026/07/09 06:04:26 sat=114
3 no ephemeris 2026/07/09 06:04:25.879 sat=114
3 estpos  : n=32
3 resprng : n=32
3 resprng : n=32
3 resprng : n=32
3 resprng : n=32
3 valsol  : n=32 nv=17
3 pntpos  : tobs=2026/07/09 06:04:27.000 n=32
3 satposs : teph=2026/07/09 06:04:27.000 n=32 ephopt=1
3 prec ephem outage 2026/07/09 06:04:27 sat=45
3 no ephemeris 2026/07/09 06:04:26.922 sat=45
3 no pseudorange 2026/07/09 06:04:27.000 sat=70
3 prec ephem outage 2026/07/09 06:04:27 sat=107
3 no ephemeris 2026/07/09 06:04:26.871 sat=107
3 prec ephem outage 2026/07/09 06:04:27 sat=108
3 no ephemeris 2026/07/09 06:04:26.869 sat=108
3 prec ephem outage 2026/07/09 06:04:27 sat=114
3 no ephemeris 2026/07/09 06:04:26.879 sat=114
3 estpos  : n=32
3 resprng : n=32
3 resprng : n=32
3 resprng : n=32
3 resprng : n=32
3 valsol  : n=32 nv=17
3 pntpos  : tobs=2026/07/09 06:04:28.000 n=33
3 satposs : teph=2026/07/09 06:04:28.000 n=33 ephopt=1
3 prec ephem outage 2026/07/09 06:04:28 sat=45
3 no ephemeris 2026/07/09 06:04:27.922 sat=45
3 no pseudorange 2026/07/09 06:04:28.000 sat=70
3 prec ephem outage 2026/07/09 06:04:28 sat=107
3 no ephemeris 2026/07/09 06:04:27.871 sat=107
3 prec ephem outage 2026/07/09 06:04:28 sat=108
3 no ephemeris 2026/07/09 06:04:27.869 sat=108
3 prec ephem outage 2026/07/09 06:04:28 sat=114
3 no ephemeris 2026/07/09 06:04:27.879 sat=114
3 estpos  : n=33
3 resprng : n=33
3 resprng : n=33
3 resprng : n=33
3 resprng : n=33
3 valsol  : n=33 nv=17
3 pntpos  : tobs=2026/07/09 06:04:29.000 n=32
3 satposs : teph=2026/07/09 06:04:29.000 n=32 ephopt=1
3 prec ephem outage 2026/07/09 06:04:29 sat=45
3 no ephemeris 2026/07/09 06:04:28.922 sat=45
3 no pseudorange 2026/07/09 06:04:29.000 sat=70
3 prec ephem outage 2026/07/09 06:04:29 sat=107
3 no ephemeris 2026/07/09 06:04:28.871 sat=107
3 prec ephem outage 2026/07/09 06:04:29 sat=108
3 no ephemeris 2026/07/09 06:04:28.869 sat=108
3 prec ephem outage 2026/07/09 06:04:29 sat=114
3 no ephemeris 2026/07/09 06:04:28.879 sat=114
3 estpos  : n=32
3 resprng : n=32
3 resprng : n=32
3 resprng : n=32
3 resprng : n=32
3 valsol  : n=32 nv=16
3 pntpos  : tobs=2026/07/09 06:04:30.000 n=32
3 satposs : teph=2026/07/09 06:04:30.000 n=32 ephopt=1
3 prec ephem outage 2026/07/09 06:04:30 sat=45
3 no ephemeris 2026/07/09 06:04:29.922 sat=45
3 no pseudorange 2026/07/09 06:04:30.000 sat=46
3 no pseudorange 2026/07/09 06:04:30.000 sat=70
3 prec ephem outage 2026/07/09 06:04:30 sat=107
3 no ephemeris 2026/07/09 06:04:29.871 sat=107
3 prec ephem outage 2026/07/09 06:04:30 sat=108
3 no ephemeris 2026/07/09 06:04:29.869 sat=108
3 prec ephem outage 2026/07/09 06:04:30 sat=114
3 no ephemeris 2026/07/09 06:04:29.879 sat=114
3 estpos  : n=32
3 resprng : n=32
3 resprng : n=32
3 resprng : n=32
3 resprng : n=32
3 valsol  : n=32 nv=16
3 pntpos  : tobs=2026/07/09 06:04:31.000 n=33
3 satposs : teph=2026/07/09 06:04:31.000 n=33 ephopt=1
3 prec ephem outage 2026/07/09 06:04:31 sat=45
3 no ephemeris 2026/07/09 06:04:30.922 sat=45
3 no pseudorange 2026/07/09 06:04:31.000 sat=70
3 prec ephem outage 2026/07/09 06:04:31 sat=107
3 no ephemeris 2026/07/09 06:04:30.871 sat=107
3 prec ephem outage 2026/07/09 06:04:31 sat=108
3 no ephemeris 2026/07/09 06:04:30.869 sat=108
3 prec ephem outage 2026/07/09 06:04:31 sat=114
3 no ephemeris 2026/07/09 06:04:30.879 sat=114
3 estpos  : n=33
3 resprng : n=33
3 resprng : n=33
3 resprng : n=33
3 resprng : n=33
3 valsol  : n=33 nv=17
3 pntpos  : tobs=2026/07/09 06:04:32.000 n=32
3 satposs : teph=2026/07/09 06:04:32.000 n=32 ephopt=1
3 prec ephem outage 2026/07/09 06:04:32 sat=45
3 no ephemeris 2026/07/09 06:04:31.922 sat=45
3 no pseudorange 2026/07/09 06:04:32.000 sat=46
3 no pseudorange 2026/07/09 06:04:32.000 sat=70
3 prec ephem outage 2026/07/09 06:04:32 sat=107
3 no ephemeris 2026/07/09 06:04:31.871 sat=107
3 prec ephem outage 2026/07/09 06:04:32 sat=108
3 no ephemeris 2026/07/09 06:04:31.869 sat=108
3 prec ephem outage 2026/07/09 06:04:32 sat=114
3 no ephemeris 2026/07/09 06:04:31.879 sat=114
3 estpos  : n=32
3 resprng : n=32
3 resprng : n=32
3 resprng : n=32
3 resprng : n=32
3 valsol  : n=32 nv=16
3 pntpos  : tobs=2026/07/09 06:04:33.000 n=32
3 satposs : teph=2026/07/09 06:04:33.000 n=32 ephopt=1
3 prec ephem outage 2026/07/09 06:04:33 sat=45
3 no ephemeris 2026/07/09 06:04:32.922 sat=45
3 no pseudorange 2026/07/09 06:04:33.000 sat=70
3 prec ephem outage 2026/07/09 06:04:33 sat=107
3 no ephemeris 2026/07/09 06:04:32.871 sat=107
3 prec ephem outage 2026/07/09 06:04:33 sat=108
3 no ephemeris 2026/07/09 06:04:32.869 sat=108
3 prec ephem outage 2026/07/09 06:04:33 sat=114
3 no ephemeris 2026/07/09 06:04:32.879 sat=114
3 estpos  : n=32
3 resprng : n=32
3 resprng : n=32
3 resprng : n=32
3 resprng : n=32
3 valsol  : n=32 nv=16
3 pntpos  : tobs=2026/07/09 06:04:34.000 n=32
3 satposs : teph=2026/07/09 06:04:34.000 n=32 ephopt=1
3 prec ephem outage 2026/07/09 06:04:34 sat=45
3 no ephemeris 2026/07/09 06:04:33.922 sat=45
3 no pseudorange 2026/07/09 06:04:34.000 sat=46
3 no pseudorange 2026/07/09 06:04:34.000 sat=70
3 prec ephem outage 2026/07/09 06:04:34 sat=107
3 no ephemeris 2026/07/09 06:04:33.871 sat=107
3 prec ephem outage 2026/07/09 06:04:34 sat=108
3 no ephemeris 2026/07/09 06:04:33.869 sat=108
3 prec ephem outage 2026/07/09 06:04:34 sat=114
3 no ephemeris 2026/07/09 06:04:33.879 sat=114
3 estpos  : n=32
3 resprng : n=32
3 resprng : n=32
3 resprng : n=32
3 resprng : n=32
3 valsol  : n=32 nv=16
3 pntpos  : tobs=2026/07/09 06:04:35.000 n=30
3 satposs : teph=2026/07/09 06:04:35.000 n=30 ephopt=1
3 no pseudorange 2026/07/09 06:04:35.000 sat=46
3 no pseudorange 2026/07/09 06:04:35.000 sat=70
3 prec ephem outage 2026/07/09 06:04:35 sat=108
3 no ephemeris 2026/07/09 06:04:34.869 sat=108
3 prec ephem outage 2026/07/09 06:04:35 sat=114
3 no ephemeris 2026/07/09 06:04:34.879 sat=114
3 estpos  : n=30
3 resprng : n=30
3 resprng : n=30
3 resprng : n=30
3 resprng : n=30
3 valsol  : n=30 nv=16
3 pntpos  : tobs=2026/07/09 06:04:36.000 n=31
3 satposs : teph=2026/07/09 06:04:36.000 n=31 ephopt=1
3 prec ephem outage 2026/07/09 06:04:36 sat=45
3 no ephemeris 2026/07/09 06:04:35.922 sat=45
3 no pseudorange 2026/07/09 06:04:36.000 sat=46
3 no pseudorange 2026/07/09 06:04:36.000 sat=70
3 prec ephem outage 2026/07/09 06:04:36 sat=108
3 no ephemeris 2026/07/09 06:04:35.869 sat=108
3 prec ephem outage 2026/07/09 06:04:36 sat=114
3 no ephemeris 2026/07/09 06:04:35.879 sat=114
3 estpos  : n=31
3 resprng : n=31
3 resprng : n=31
3 resprng : n=31
3 resprng : n=31
3 valsol  : n=31 nv=16
3 pntpos  : tobs=2026/07/09 06:04:37.000 n=32
3 satposs : teph=2026/07/09 06:04:37.000 n=32 ephopt=1
3 prec ephem outage 2026/07/09 06:04:37 sat=45
3 no ephemeris 2026/07/09 06:04:36.922 sat=45
3 no pseudorange 2026/07/09 06:04:37.000 sat=70
3 prec ephem outage 2026/07/09 06:04:37 sat=107
3 no ephemeris 2026/07/09 06:04:36.871 sat=107
3 prec ephem outage 2026/07/09 06:04:37 sat=108
3 no ephemeris 2026/07/09 06:04:36.869 sat=108
3 prec ephem outage 2026/07/09 06:04:37 sat=114
3 no ephemeris 2026/07/09 06:04:36.879 sat=114
3 estpos  : n=32
3 resprng : n=32
3 resprng : n=32
3 resprng : n=32
3 resprng : n=32
3 valsol  : n=32 nv=16
3 pntpos  : tobs=2026/07/09 06:04:38.000 n=31
3 satposs : teph=2026/07/09 06:04:38.000 n=31 ephopt=1
3 prec ephem outage 2026/07/09 06:04:38 sat=45
3 no ephemeris 2026/07/09 06:04:37.922 sat=45
3 no pseudorange 2026/07/09 06:04:38.000 sat=70
3 prec ephem outage 2026/07/09 06:04:38 sat=107
3 no ephemeris 2026/07/09 06:04:37.871 sat=107
3 prec ephem outage 2026/07/09 06:04:38 sat=108
3 no ephemeris 2026/07/09 06:04:37.869 sat=108
3 prec ephem outage 2026/07/09 06:04:38 sat=114
3 no ephemeris 2026/07/09 06:04:37.879 sat=114
3 estpos  : n=31
3 resprng : n=31
3 resprng : n=31
3 resprng : n=31
3 resprng : n=31
3 valsol  : n=31 nv=15
3 pntpos  : tobs=2026/07/09 06:04:39.000 n=33
3 satposs : teph=2026/07/09 06:04:39.000 n=33 ephopt=1
3 prec ephem outage 2026/07/09 06:04:39 sat=45
3 no ephemeris 2026/07/09 06:04:38.922 sat=45
3 no pseudorange 2026/07/09 06:04:39.000 sat=46
3 no pseudorange 2026/07/09 06:04:39.000 sat=70
3 prec ephem outage 2026/07/09 06:04:39 sat=107
3 no ephemeris 2026/07/09 06:04:38.871 sat=107
3 prec ephem outage 2026/07/09 06:04:39 sat=108
3 no ephemeris 2026/07/09 06:04:38.869 sat=108
3 prec ephem outage 2026/07/09 06:04:39 sat=114
3 no ephemeris 2026/07/09 06:04:38.879 sat=114
3 estpos  : n=33
3 resprng : n=33
3 resprng : n=33
3 resprng : n=33
3 resprng : n=33
3 valsol  : n=33 nv=17
3 pntpos  : tobs=2026/07/09 06:04:40.000 n=31
3 satposs : teph=2026/07/09 06:04:40.000 n=31 ephopt=1
3 no pseudorange 2026/07/09 06:04:40.000 sat=46
3 no pseudorange 2026/07/09 06:04:40.000 sat=70
3 prec ephem outage 2026/07/09 06:04:40 sat=107
3 no ephemeris 2026/07/09 06:04:39.871 sat=107
3 prec ephem outage 2026/07/09 06:04:40 sat=108
3 no ephemeris 2026/07/09 06:04:39.869 sat=108
3 prec ephem outage 2026/07/09 06:04:40 sat=114
3 no ephemeris 2026/07/09 06:04:39.879 sat=114
3 estpos  : n=31
3 resprng : n=31
3 resprng : n=31
3 resprng : n=31
3 resprng : n=31
3 valsol  : n=31 nv=16
3 pntpos  : tobs=2026/07/09 06:04:41.000 n=31
3 satposs : teph=2026/07/09 06:04:41.000 n=31 ephopt=1
3 no pseudorange 2026/07/09 06:04:41.000 sat=70
3 prec ephem outage 2026/07/09 06:04:41 sat=107
3 no ephemeris 2026/07/09 06:04:40.871 sat=107
3 prec ephem outage 2026/07/09 06:04:41 sat=108
3 no ephemeris 2026/07/09 06:04:40.869 sat=108
3 prec ephem outage 2026/07/09 06:04:41 sat=114
3 no ephemeris 2026/07/09 06:04:40.879 sat=114
3 estpos  : n=31
3 resprng : n=31
3 resprng : n=31
3 resprng : n=31
3 resprng : n=31
3 valsol  : n=31 nv=17
3 pntpos  : tobs=2026/07/09 06:04:42.000 n=31
3 satposs : teph=2026/07/09 06:04:42.000 n=31 ephopt=1
3 no pseudorange 2026/07/09 06:04:42.000 sat=46
3 no pseudorange 2026/07/09 06:04:42.000 sat=70
3 prec ephem outage 2026/07/09 06:04:42 sat=107
3 no ephemeris 2026/07/09 06:04:41.871 sat=107
3 prec ephem outage 2026/07/09 06:04:42 sat=108
3 no ephemeris 2026/07/09 06:04:41.869 sat=108
3 prec ephem outage 2026/07/09 06:04:42 sat=114
3 no ephemeris 2026/07/09 06:04:41.879 sat=114
3 estpos  : n=31
3 resprng : n=31
3 resprng : n=31
3 resprng : n=31
3 resprng : n=31
3 valsol  : n=31 nv=16
3 pntpos  : tobs=2026/07/09 06:04:43.000 n=33
3 satposs : teph=2026/07/09 06:04:43.000 n=33 ephopt=1
3 prec ephem outage 2026/07/09 06:04:43 sat=45
3 no ephemeris 2026/07/09 06:04:42.922 sat=45
3 no pseudorange 2026/07/09 06:04:43.000 sat=46
3 no pseudorange 2026/07/09 06:04:43.000 sat=70
3 prec ephem outage 2026/07/09 06:04:43 sat=107
3 no ephemeris 2026/07/09 06:04:42.871 sat=107
3 prec ephem outage 2026/07/09 06:04:43 sat=108
3 no ephemeris 2026/07/09 06:04:42.869 sat=108
3 prec ephem outage 2026/07/09 06:04:43 sat=114
3 no ephemeris 2026/07/09 06:04:42.879 sat=114
3 estpos  : n=33
3 resprng : n=33
3 resprng : n=33
3 resprng : n=33
3 resprng : n=33
3 valsol  : n=33 nv=17
3 pntpos  : tobs=2026/07/09 06:04:44.000 n=33
3 satposs : teph=2026/07/09 06:04:44.000 n=33 ephopt=1
3 prec ephem outage 2026/07/09 06:04:44 sat=45
3 no ephemeris 2026/07/09 06:04:43.922 sat=45
3 no pseudorange 2026/07/09 06:04:44.000 sat=46
3 no pseudorange 2026/07/09 06:04:44.000 sat=70
3 prec ephem outage 2026/07/09 06:04:44 sat=107
3 no ephemeris 2026/07/09 06:04:43.871 sat=107
3 prec ephem outage 2026/07/09 06:04:44 sat=108
3 no ephemeris 2026/07/09 06:04:43.869 sat=108
3 prec ephem outage 2026/07/09 06:04:44 sat=114
3 no ephemeris 2026/07/09 06:04:43.879 sat=114
3 estpos  : n=33
3 resprng : n=33
3 resprng : n=33
3 resprng : n=33
3 resprng : n=33
3 valsol  : n=33 nv=16
3 pntpos  : tobs=2026/07/09 06:04:45.000 n=31
3 satposs : teph=2026/07/09 06:04:45.000 n=31 ephopt=1
3 no pseudorange 2026/07/09 06:04:45.000 sat=46
3 no pseudorange 2026/07/09 06:04:45.000 sat=70
3 prec ephem outage 2026/07/09 06:04:45 sat=107
3 no ephemeris 2026/07/09 06:04:44.871 sat=107
3 prec ephem outage 2026/07/09 06:04:45 sat=108
3 no ephemeris 2026/07/09 06:04:44.869 sat=108
3 prec ephem outage 2026/07/09 06:04:45 sat=114
3 no ephemeris 2026/07/09 06:04:44.879 sat=114
3 estpos  : n=31
3 resprng : n=31
3 resprng : n=31
3 resprng : n=31
3 resprng : n=31
3 valsol  : n=31 nv=16
3 pntpos  : tobs=2026/07/09 06:04:46.000 n=32
3 satposs : teph=2026/07/09 06:04:46.000 n=32 ephopt=1
3 no pseudorange 2026/07/09 06:04:46.000 sat=46
3 no pseudorange 2026/07/09 06:04:46.000 sat=70
3 prec ephem outage 2026/07/09 06:04:46 sat=107
3 no ephemeris 2026/07/09 06:04:45.871 sat=107
3 prec ephem outage 2026/07/09 06:04:46 sat=108
3 no ephemeris 2026/07/09 06:04:45.869 sat=108
3 prec ephem outage 2026/07/09 06:04:46 sat=114
3 no ephemeris 2026/07/09 06:04:45.879 sat=114
3 estpos  : n=32
3 resprng : n=32
3 resprng : n=32
3 resprng : n=32
3 resprng : n=32
3 valsol  : n=32 nv=17
3 pntpos  : tobs=2026/07/09 06:04:47.000 n=32
3 satposs : teph=2026/07/09 06:04:47.000 n=32 ephopt=1
3 no pseudorange 2026/07/09 06:04:47.000 sat=70
3 prec ephem outage 2026/07/09 06:04:47 sat=107
3 no ephemeris 2026/07/09 06:04:46.871 sat=107
3 prec ephem outage 2026/07/09 06:04:47 sat=108
3 no ephemeris 2026/07/09 06:04:46.869 sat=108
3 prec ephem outage 2026/07/09 06:04:47 sat=114
3 no ephemeris 2026/07/09 06:04:46.879 sat=114
3 estpos  : n=32
3 resprng : n=32
3 resprng : n=32
3 resprng : n=32
3 resprng : n=32
3 valsol  : n=32 nv=17
3 pntpos  : tobs=2026/07/09 06:04:48.000 n=32
3 satposs : teph=2026/07/09 06:04:48.000 n=32 ephopt=1
3 no pseudorange 2026/07/09 06:04:48.000 sat=46
3 no pseudorange 2026/07/09 06:04:48.000 sat=70
3 prec ephem outage 2026/07/09 06:04:48 sat=107
3 no ephemeris 2026/07/09 06:04:47.871 sat=107
3 prec ephem outage 2026/07/09 06:04:48 sat=108
3 no ephemeris 2026/07/09 06:04:47.869 sat=108
3 prec ephem outage 2026/07/09 06:04:48 sat=114
3 no ephemeris 2026/07/09 06:04:47.879 sat=114
3 estpos  : n=32
3 resprng : n=32
3 resprng : n=32
3 resprng : n=32
3 resprng : n=32
3 valsol  : n=32 nv=16
3 pntpos  : tobs=2026/07/09 06:04:49.000 n=30
3 satposs : teph=2026/07/09 06:04:49.000 n=30 ephopt=1
3 no pseudorange 2026/07/09 06:04:49.000 sat=70
3 prec ephem outage 2026/07/09 06:04:49 sat=107
3 no ephemeris 2026/07/09 06:04:48.871 sat=107
3 prec ephem outage 2026/07/09 06:04:49 sat=108
3 no ephemeris 2026/07/09 06:04:48.869 sat=108
3 prec ephem outage 2026/07/09 06:04:49 sat=114
3 no ephemeris 2026/07/09 06:04:48.879 sat=114
3 estpos  : n=30
3 resprng : n=30
3 resprng : n=30
3 resprng : n=30
3 resprng : n=30
3 valsol  : n=30 nv=16
3 pntpos  : tobs=2026/07/09 06:04:50.000 n=29
3 satposs : teph=2026/07/09 06:04:50.000 n=29 ephopt=1
3 no pseudorange 2026/07/09 06:04:50.000 sat=70
3 prec ephem outage 2026/07/09 06:04:50 sat=108
3 no ephemeris 2026/07/09 06:04:49.869 sat=108
3 prec ephem outage 2026/07/09 06:04:50 sat=114
3 no ephemeris 2026/07/09 06:04:49.879 sat=114
3 estpos  : n=29
3 resprng : n=29
3 resprng : n=29
3 resprng : n=29
3 resprng : n=29
3 valsol  : n=29 nv=16
3 pntpos  : tobs=2026/07/09 06:04:51.000 n=32
3 satposs : teph=2026/07/09 06:04:51.000 n=32 ephopt=1
3 prec ephem outage 2026/07/09 06:04:51 sat=45
3 no ephemeris 2026/07/09 06:04:50.922 sat=45
3 no pseudorange 2026/07/09 06:04:51.000 sat=70
3 prec ephem outage 2026/07/09 06:04:51 sat=107
3 no ephemeris 2026/07/09 06:04:50.871 sat=107
3 prec ephem outage 2026/07/09 06:04:51 sat=108
3 no ephemeris 2026/07/09 06:04:50.869 sat=108
3 prec ephem outage 2026/07/09 06:04:51 sat=114
3 no ephemeris 2026/07/09 06:04:50.879 sat=114
3 estpos  : n=32
3 resprng : n=32
3 resprng : n=32
3 resprng : n=32
3 resprng : n=32
3 valsol  : n=32 nv=17
3 pntpos  : tobs=2026/07/09 06:04:52.000 n=33
3 satposs : teph=2026/07/09 06:04:52.000 n=33 ephopt=1
3 prec ephem outage 2026/07/09 06:04:52 sat=45
3 no ephemeris 2026/07/09 06:04:51.922 sat=45
3 no pseudorange 2026/07/09 06:04:52.000 sat=46
3 no pseudorange 2026/07/09 06:04:52.000 sat=70
3 prec ephem outage 2026/07/09 06:04:52 sat=107
3 no ephemeris 2026/07/09 06:04:51.871 sat=107
3 prec ephem outage 2026/07/09 06:04:52 sat=108
3 no ephemeris 2026/07/09 06:04:51.869 sat=108
3 prec ephem outage 2026/07/09 06:04:52 sat=114
3 no ephemeris 2026/07/09 06:04:51.879 sat=114
3 estpos  : n=33
3 resprng : n=33
3 resprng : n=33
3 resprng : n=33
3 resprng : n=33
3 valsol  : n=33 nv=16
3 pntpos  : tobs=2026/07/09 06:04:53.000 n=32
3 satposs : teph=2026/07/09 06:04:53.000 n=32 ephopt=1
3 prec ephem outage 2026/07/09 06:04:53 sat=45
3 no ephemeris 2026/07/09 06:04:52.922 sat=45
3 no pseudorange 2026/07/09 06:04:53.000 sat=70
3 prec ephem outage 2026/07/09 06:04:53 sat=108
3 no ephemeris 2026/07/09 06:04:52.869 sat=108
3 prec ephem outage 2026/07/09 06:04:53 sat=114
3 no ephemeris 2026/07/09 06:04:52.879 sat=114
3 estpos  : n=32
3 resprng : n=32
3 resprng : n=32
3 resprng : n=32
3 resprng : n=32
3 valsol  : n=32 nv=17
3 postls_relpos: nobs=148065
3 pntpos  : tobs=2026/07/09 05:54:45.000 n=30
3 satposs : teph=2026/07/09 05:54:45.000 n=30 ephopt=0
3 no pseudorange 2026/07/09 05:54:45.000 sat=46
3 no pseudorange 2026/07/09 05:54:45.000 sat=61
3 no pseudorange 2026/07/09 05:54:45.000 sat=70
3 estpos  : n=30
3 resprng : n=30
3 resprng : n=30
3 resprng : n=30
3 resprng : n=30
3 resprng : n=30
3 resprng : n=30
3 valsol  : n=30 nv=17
3 estvel  : n=30
3 resdop  : n=30
3 resdop  : n=30
3 resdop  : n=30
3 pntpos  : tobs=2026/07/09 05:54:46.000 n=30
3 satposs : teph=2026/07/09 05:54:46.000 n=30 ephopt=0
3 no pseudorange 2026/07/09 05:54:46.000 sat=46
3 no pseudorange 2026/07/09 05:54:46.000 sat=61
3 no pseudorange 2026/07/09 05:54:46.000 sat=70
3 estpos  : n=30
3 resprng : n=30
3 resprng : n=30
3 resprng : n=30
3 resprng : n=30
3 valsol  : n=30 nv=17
3 estvel  : n=30
3 resdop  : n=30
3 resdop  : n=30
3 resdop  : n=30
3 pntpos  : tobs=2026/07/09 05:54:47.000 n=29
3 satposs : teph=2026/07/09 05:54:47.000 n=29 ephopt=0
3 no pseudorange 2026/07/09 05:54:47.000 sat=61
3 no pseudorange 2026/07/09 05:54:47.000 sat=70
3 estpos  : n=29
3 resprng : n=29
3 resprng : n=29
3 resprng : n=29
3 resprng : n=29
3 valsol  : n=29 nv=17
3 estvel  : n=29
3 resdop  : n=29
3 resdop  : n=29
3 resdop  : n=29
3 pntpos  : tobs=2026/07/09 05:54:48.000 n=31
3 satposs : teph=2026/07/09 05:54:48.000 n=31 ephopt=0
3 no pseudorange 2026/07/09 05:54:48.000 sat=70
3 estpos  : n=31
3 resprng : n=31
3 resprng : n=31
3 resprng : n=31
3 resprng : n=31
3 valsol  : n=31 nv=17
3 estvel  : n=31
3 resdop  : n=31
3 resdop  : n=31
3 resdop  : n=31
3 pntpos  : tobs=2026/07/09 05:54:49.000 n=30
3 satposs : teph=2026/07/09 05:54:49.000 n=30 ephopt=0
3 no pseudorange 2026/07/09 05:54:49.000 sat=46
3 no pseudorange 2026/07/09 05:54:49.000 sat=70
3 estpos  : n=30
3 resprng : n=30
3 resprng : n=30
3 resprng : n=30
3 resprng : n=30
3 valsol  : n=30 nv=16
3 estvel  : n=30
3 resdop  : n=30
3 resdop  : n=30
3 pntpos  : tobs=2026/07/09 05:54:50.000 n=30
3 satposs : teph=2026/07/09 05:54:50.000 n=30 ephopt=0
3 no pseudorange 2026/07/09 05:54:50.000 sat=70
3 estpos  : n=30
3 resprng : n=30
3 resprng : n=30
3 resprng : n=30
3 resprng : n=30
3 valsol  : n=30 nv=17
3 estvel  : n=30
3 resdop  : n=30
3 resdop  : n=30
3 pntpos  : tobs=2026/07/09 05:54:51.000 n=32
3 satposs : teph=2026/07/09 05:54:51.000 n=32 ephopt=0
3 no pseudorange 2026/07/09 05:54:51.000 sat=70
3 estpos  : n=32
3 resprng : n=32
3 resprng : n=32
3 resprng : n=32
3 resprng : n=32
3 valsol  : n=32 nv=18
3 pntpos  : tobs=2026/07/09 05:54:52.000 n=32
3 satposs : teph=2026/07/09 05:54:52.000 n=32 ephopt=0
3 no pseudorange 2026/07/09 05:54:52.000 sat=70
3 estpos  : n=32
3 resprng : n=32
3 resprng : n=32
3 resprng : n=32
3 resprng : n=32
3 resprng : n=32
3 valsol  : n=32 nv=17
3 estvel  : n=32
3 resdop  : n=32
3 resdop  : n=32
3 resdop  : n=32
3 pntpos  : tobs=2026/07/09 05:54:53.000 n=32
3 satposs : teph=2026/07/09 05:54:53.000 n=32 ephopt=0
3 no pseudorange 2026/07/09 05:54:53.000 sat=46
3 no pseudorange 2026/07/09 05:54:53.000 sat=70
3 estpos  : n=32
3 resprng : n=32
3 resprng : n=32
3 resprng : n=32
3 resprng : n=32
3 valsol  : n=32 nv=18
3 pntpos  : tobs=2026/07/09 05:54:54.000 n=31
3 satposs : teph=2026/07/09 05:54:54.000 n=31 ephopt=0
3 no pseudorange 2026/07/09 05:54:54.000 sat=46
3 no pseudorange 2026/07/09 05:54:54.000 sat=70
3 estpos  : n=31
3 resprng : n=31
3 resprng : n=31
3 resprng : n=31
3 resprng : n=31
3 valsol  : n=31 nv=17
3 estvel  : n=31
3 resdop  : n=31
3 resdop  : n=31
3 pntpos  : tobs=2026/07/09 05:54:55.000 n=30
3 satposs : teph=2026/07/09 05:54:55.000 n=30 ephopt=0
3 no pseudorange 2026/07/09 05:54:55.000 sat=46
3 no pseudorange 2026/07/09 05:54:55.000 sat=70
3 estpos  : n=30
3 resprng : n=30
3 resprng : n=30
3 resprng : n=30
3 resprng : n=30
3 valsol  : n=30 nv=17
3 estvel  : n=30
3 resdop  : n=30
3 resdop  : n=30
3 pntpos  : tobs=2026/07/09 05:54:56.000 n=30
3 satposs : teph=2026/07/09 05:54:56.000 n=30 ephopt=0
3 no pseudorange 2026/07/09 05:54:56.000 sat=70
3 estpos  : n=30
3 resprng : n=30
3 resprng : n=30
3 resprng : n=30
3 resprng : n=30
3 valsol  : n=30 nv=18
3 pntpos  : tobs=2026/07/09 05:54:57.000 n=32
3 satposs : teph=2026/07/09 05:54:57.000 n=32 ephopt=0
3 no pseudorange 2026/07/09 05:54:57.000 sat=46
3 no pseudorange 2026/07/09 05:54:57.000 sat=70
3 estpos  : n=32
3 resprng : n=32
3 resprng : n=32
3 resprng : n=32
3 resprng : n=32
3 valsol  : n=32 nv=18
3 pntpos  : tobs=2026/07/09 05:54:58.000 n=31
3 satposs : teph=2026/07/09 05:54:58.000 n=31 ephopt=0
3 no pseudorange 2026/07/09 05:54:58.000 sat=70
3 estpos  : n=31
3 resprng : n=31
3 resprng : n=31
3 resprng : n=31
3 resprng : n=31
3 valsol  : n=31 nv=18
3 pntpos  : tobs=2026/07/09 05:54:59.000 n=30
3 satposs : teph=2026/07/09 05:54:59.000 n=30 ephopt=0
3 no pseudorange 2026/07/09 05:54:59.000 sat=70
3 estpos  : n=30
3 resprng : n=30
3 resprng : n=30
3 resprng : n=30
3 resprng : n=30
3 valsol  : n=30 nv=18
3 pntpos  : tobs=2026/07/09 05:55:00.000 n=30
3 satposs : teph=2026/07/09 05:55:00.000 n=30 ephopt=0
3 no pseudorange 2026/07/09 05:55:00.000 sat=70
3 estpos  : n=30
3 resprng : n=30
3 resprng : n=30
3 resprng : n=30
3 resprng : n=30
3 valsol  : n=30 nv=18
3 pntpos  : tobs=2026/07/09 05:55:01.000 n=30
3 satposs : teph=2026/07/09 05:55:01.000 n=30 ephopt=0
3 no pseudorange 2026/07/09 05:55:01.000 sat=70
3 estpos  : n=30
3 resprng : n=30
3 resprng : n=30
3 resprng : n=30
3 resprng : n=30
3 valsol  : n=30 nv=17
3 pntpos  : tobs=2026/07/09 05:55:02.000 n=32
3 satposs : teph=2026/07/09 05:55:02.000 n=32 ephopt=0
3 no pseudorange 2026/07/09 05:55:02.000 sat=46
3 no pseudorange 2026/07/09 05:55:02.000 sat=70
3 estpos  : n=32
3 resprng : n=32
3 resprng : n=32
3 resprng : n=32
3 resprng : n=32
3 valsol  : n=32 nv=18
3 pntpos  : tobs=2026/07/09 05:55:03.000 n=30
3 satposs : teph=2026/07/09 05:55:03.000 n=30 ephopt=0
3 no pseudorange 2026/07/09 05:55:03.000 sat=70
3 estpos  : n=30
3 resprng : n=30
3 resprng : n=30
3 resprng : n=30
3 resprng : n=30
3 valsol  : n=30 nv=18
3 pntpos  : tobs=2026/07/09 05:55:04.000 n=30
3 satposs : teph=2026/07/09 05:55:04.000 n=30 ephopt=0
3 no pseudorange 2026/07/09 05:55:04.000 sat=70
3 estpos  : n=30
3 resprng : n=30
3 resprng : n=30
3 resprng : n=30
3 resprng : n=30
3 valsol  : n=30 nv=18
3 pntpos  : tobs=2026/07/09 05:55:05.000 n=32
3 satposs : teph=2026/07/09 05:55:05.000 n=32 ephopt=0
3 no pseudorange 2026/07/09 05:55:05.000 sat=70
3 estpos  : n=32
3 resprng : n=32
3 resprng : n=32
3 resprng : n=32
3 resprng : n=32
3 valsol  : n=32 nv=18
3 pntpos  : tobs=2026/07/09 05:55:06.000 n=32
3 satposs : teph=2026/07/09 05:55:06.000 n=32 ephopt=0
3 no pseudorange 2026/07/09 05:55:06.000 sat=46
3 no pseudorange 2026/07/09 05:55:06.000 sat=70
3 estpos  : n=32
3 resprng : n=32
3 resprng : n=32
3 resprng : n=32
3 resprng : n=32
3 valsol  : n=32 nv=17
3 estvel  : n=32
3 resdop  : n=32
3 resdop  : n=32
3 pntpos  : tobs=2026/07/09 05:55:07.000 n=29
3 satposs : teph=2026/07/09 05:55:07.000 n=29 ephopt=0
3 no pseudorange 2026/07/09 05:55:07.000 sat=70
3 estpos  : n=29
3 resprng : n=29
3 resprng : n=29
3 resprng : n=29
3 resprng : n=29
3 valsol  : n=29 nv=17
3 estvel  : n=29
3 resdop  : n=29
3 resdop  : n=29
3 resdop  : n=29
3 pntpos  : tobs=2026/07/09 05:55:08.000 n=30
3 satposs : teph=2026/07/09 05:55:08.000 n=30 ephopt=0
3 no pseudorange 2026/07/09 05:55:08.000 sat=46
3 no pseudorange 2026/07/09 05:55:08.000 sat=70
3 estpos  : n=30
3 resprng : n=30
3 resprng : n=30
3 resprng : n=30
3 resprng : n=30
3 valsol  : n=30 nv=17
3 estvel  : n=30
3 resdop  : n=30
3 resdop  : n=30
3 resdop  : n=30
3 pntpos  : tobs=2026/07/09 05:55:09.000 n=31
3 satposs : teph=2026/07/09 05:55:09.000 n=31 ephopt=0
3 no pseudorange 2026/07/09 05:55:09.000 sat=46
3 no pseudorange 2026/07/09 05:55:09.000 sat=70
3 estpos  : n=31
3 resprng : n=31
3 resprng : n=31
3 resprng : n=31
3 resprng : n=31
3 valsol  : n=31 nv=17
3 estvel  : n=31
3 resdop  : n=31
3 resdop  : n=31
3 pntpos  : tobs=2026/07/09 05:55:10.000 n=30
3 satposs : teph=2026/07/09 05:55:10.000 n=30 ephopt=0
3 no pseudorange 2026/07/09 05:55:10.000 sat=70
3 estpos  : n=30
3 resprng : n=30
3 resprng : n=30
3 resprng : n=30
3 resprng : n=30
3 valsol  : n=30 nv=17
3 estvel  : n=30
3 resdop  : n=30
3 resdop  : n=30
3 resdop  : n=30
3 pntpos  : tobs=2026/07/09 05:55:11.000 n=29
3 satposs : teph=2026/07/09 05:55:11.000 n=29 ephopt=0
3 no pseudorange 2026/07/09 05:55:11.000 sat=70
3 estpos  : n=29
3 resprng : n=29
3 resprng : n=29
3 resprng : n=29
3 resprng : n=29
3 valsol  : n=29 nv=17
3 estvel  : n=29
3 resdop  : n=29
3 resdop  : n=29
3 pntpos  : tobs=2026/07/09 05:55:12.000 n=31
3 satposs : teph=2026/07/09 05:55:12.000 n=31 ephopt=0
3 no pseudorange 2026/07/09 05:55:12.000 sat=70
3 estpos  : n=31
3 resprng : n=31
3 resprng : n=31
3 resprng : n=31
3 resprng : n=31
3 valsol  : n=31 nv=17
3 estvel  : n=31
3 resdop  : n=31
3 resdop  : n=31
3 resdop  : n=31
3 pntpos  : tobs=2026/07/09 05:55:13.000 n=30
3 satposs : teph=2026/07/09 05:55:13.000 n=30 ephopt=0
3 no pseudorange 2026/07/09 05:55:13.000 sat=70
3 estpos  : n=30
3 resprng : n=30
3 resprng : n=30
3 resprng : n=30
3 resprng : n=30
3 valsol  : n=30 nv=17
3 estvel  : n=30
3 resdop  : n=30
3 resdop  : n=30
3 resdop  : n=30
3 pntpos  : tobs=2026/07/09 05:55:14.000 n=31
3 satposs : teph=2026/07/09 05:55:14.000 n=31 ephopt=0
3 no pseudorange 2026/07/09 05:55:14.000 sat=70
3 estpos  : n=31
3 resprng : n=31
3 resprng : n=31
3 resprng : n=31
3 resprng : n=31
3 valsol  : n=31 nv=17
3 estvel  : n=31
3 resdop  : n=31
3 resdop  : n=31
3 resdop  : n=31
3 pntpos  : tobs=2026/07/09 05:55:15.000 n=30
3 satposs : teph=2026/07/09 05:55:15.000 n=30 ephopt=0
3 no pseudorange 2026/07/09 05:55:15.000 sat=46
3 no pseudorange 2026/07/09 05:55:15.000 sat=70
3 estpos  : n=30
3 resprng : n=30
3 resprng : n=30
3 resprng : n=30
3 resprng : n=30
3 valsol  : n=30 nv=17
3 estvel  : n=30
3 resdop  : n=30
3 resdop  : n=30
3 pntpos  : tobs=2026/07/09 05:55:16.000 n=31
3 satposs : teph=2026/07/09 05:55:16.000 n=31 ephopt=0
3 no pseudorange 2026/07/09 05:55:16.000 sat=70
3 estpos  : n=31
3 resprng : n=31
3 resprng : n=31
3 resprng : n=31
3 resprng : n=31
3 valsol  : n=31 nv=17
3 estvel  : n=31
3 resdop  : n=31
3 resdop  : n=31
3 pntpos  : tobs=2026/07/09 05:55:17.000 n=31
3 satposs : teph=2026/07/09 05:55:17.000 n=31 ephopt=0
3 no pseudorange 2026/07/09 05:55:17.000 sat=70
3 estpos  : n=31
3 resprng : n=31
3 resprng : n=31
3 resprng : n=31
3 resprng : n=31
3 valsol  : n=31 nv=17
3 estvel  : n=31
3 resdop  : n=31
3 resdop  : n=31
3 pntpos  : tobs=2026/07/09 05:55:18.000 n=30
3 satposs : teph=2026/07/09 05:55:18.000 n=30 ephopt=0
3 no pseudorange 2026/07/09 05:55:18.000 sat=46
3 no pseudorange 2026/07/09 05:55:18.000 sat=70
3 estpos  : n=30
3 resprng : n=30
3 resprng : n=30
3 resprng : n=30
3 resprng : n=30
3 valsol  : n=30 nv=17
3 estvel  : n=30
3 resdop  : n=30
3 resdop  : n=30
3 pntpos  : tobs=2026/07/09 05:55:19.000 n=32
3 satposs : teph=2026/07/09 05:55:19.000 n=32 ephopt=0
3 no pseudorange 2026/07/09 05:55:19.000 sat=46
3 no pseudorange 2026/07/09 05:55:19.000 sat=70
3 estpos  : n=32
3 resprng : n=32
3 resprng : n=32
3 resprng : n=32
3 resprng : n=32
3 valsol  : n=32 nv=17
3 estvel  : n=32
3 resdop  : n=32
3 resdop  : n=32
3 pntpos  : tobs=2026/07/09 05:55:20.000 n=30
3 satposs : teph=2026/07/09 05:55:20.000 n=30 ephopt=0
3 no pseudorange 2026/07/09 05:55:20.000 sat=70
3 estpos  : n=30
3 resprng : n=30
3 resprng : n=30
3 resprng : n=30
3 resprng : n=30
3 valsol  : n=30 nv=17
3 estvel  : n=30
3 resdop  : n=30
3 resdop  : n=30
3 pntpos  : tobs=2026/07/09 05:55:21.000 n=29
3 satposs : teph=2026/07/09 05:55:21.000 n=29 ephopt=0
3 no pseudorange 2026/07/09 05:55:21.000 sat=70
3 estpos  : n=29
3 resprng : n=29
3 resprng : n=29
3 resprng : n=29
3 resprng : n=29
3 valsol  : n=29 nv=17
3 estvel  : n=29
3 resdop  : n=29
3 resdop  : n=29
3 resdop  : n=29
3 pntpos  : tobs=2026/07/09 05:55:22.000 n=30
3 satposs : teph=2026/07/09 05:55:22.000 n=30 ephopt=0
3 no pseudorange 2026/07/09 05:55:22.000 sat=46
3 no pseudorange 2026/07/09 05:55:22.000 sat=70
3 estpos  : n=30
3 resprng : n=30
3 resprng : n=30
3 resprng : n=30
3 resprng : n=30
3 valsol  : n=30 nv=17
3 estvel  : n=30
3 resdop  : n=30
3 resdop  : n=30
3 resdop  : n=30
3 pntpos  : tobs=2026/07/09 05:55:23.000 n=31
3 satposs : teph=2026/07/09 05:55:23.000 n=31 ephopt=0
3 no pseudorange 2026/07/09 05:55:23.000 sat=70
3 estpos  : n=31
3 resprng : n=31
3 resprng : n=31
3 resprng : n=31
3 resprng : n=31
3 valsol  : n=31 nv=17
3 estvel  : n=31
3 resdop  : n=31
3 resdop  : n=31
3 pntpos  : tobs=2026/07/09 05:55:24.000 n=30
3 satposs : teph=2026/07/09 05:55:24.000 n=30 ephopt=0
3 no pseudorange 2026/07/09 05:55:24.000 sat=70
3 estpos  : n=30
3 resprng : n=30
3 resprng : n=30
3 resprng : n=30
3 resprng : n=30
3 valsol  : n=30 nv=17
3 estvel  : n=30
3 resdop  : n=30
3 resdop  : n=30
3 resdop  : n=30
3 pntpos  : tobs=2026/07/09 05:55:25.000 n=30
3 satposs : teph=2026/07/09 05:55:25.000 n=30 ephopt=0
3 no pseudorange 2026/07/09 05:55:25.000 sat=46
3 no pseudorange 2026/07/09 05:55:25.000 sat=70
3 estpos  : n=30
3 resprng : n=30
3 resprng : n=30
3 resprng : n=30
3 resprng : n=30
3 valsol  : n=30 nv=17
3 estvel  : n=30
3 resdop  : n=30
3 resdop  : n=30
3 pntpos  : tobs=2026/07/09 05:55:26.000 n=30
3 satposs : teph=2026/07/09 05:55:26.000 n=30 ephopt=0
3 no pseudorange 2026/07/09 05:55:26.000 sat=46
3 no pseudorange 2026/07/09 05:55:26.000 sat=70
3 estpos  : n=30
3 resprng : n=30
3 resprng : n=30
3 resprng : n=30
3 resprng : n=30
3 valsol  : n=30 nv=16
3 estvel  : n=30
3 resdop  : n=30
3 resdop  : n=30
3 resdop  : n=30
3 pntpos  : tobs=2026/07/09 05:55:27.000 n=32
3 satposs : teph=2026/07/09 05:55:27.000 n=32 ephopt=0
3 no pseudorange 2026/07/09 05:55:27.000 sat=46
3 no pseudorange 2026/07/09 05:55:27.000 sat=70
3 estpos  : n=32
3 resprng : n=32
3 resprng : n=32
3 resprng : n=32
3 resprng : n=32
3 valsol  : n=32 nv=17
3 estvel  : n=32
3 resdop  : n=32
3 resdop  : n=32
3 resdop  : n=32
3 pntpos  : tobs=2026/07/09 05:55:28.000 n=29
3 satposs : teph=2026/07/09 05:55:28.000 n=29 ephopt=0
3 no pseudorange 2026/07/09 05:55:28.000 sat=70
3 estpos  : n=29
3 resprng : n=29
3 resprng : n=29
3 resprng : n=29
3 resprng : n=29
3 valsol  : n=29 nv=17
3 estvel  : n=29
3 resdop  : n=29
3 resdop  : n=29
3 pntpos  : tobs=2026/07/09 05:55:29.000 n=31
3 satposs : teph=2026/07/09 05:55:29.000 n=31 ephopt=0
3 no pseudorange 2026/07/09 05:55:29.000 sat=70
3 estpos  : n=31
3 resprng : n=31
3 resprng : n=31
3 resprng : n=31
3 resprng : n=31
3 valsol  : n=31 nv=17
3 estvel  : n=31
3 resdop  : n=31
3 resdop  : n=31
3 pntpos  : tobs=2026/07/09 05:55:30.000 n=33
3 satposs : teph=2026/07/09 05:55:30.000 n=33 ephopt=0
3 no pseudorange 2026/07/09 05:55:30.000 sat=46
3 no pseudorange 2026/07/09 05:55:30.000 sat=70
3 estpos  : n=33
3 resprng : n=33
3 resprng : n=33
3 resprng : n=33
3 resprng : n=33
3 valsol  : n=33 nv=18
3 pntpos  : tobs=2026/07/09 05:55:31.000 n=32
3 satposs : teph=2026/07/09 05:55:31.000 n=32 ephopt=0
3 no pseudorange 2026/07/09 05:55:31.000 sat=70
3 estpos  : n=32
3 resprng : n=32
3 resprng : n=32
3 resprng : n=32
3 resprng : n=32
3 valsol  : n=32 nv=18
3 pntpos  : tobs=2026/07/09 05:55:32.000 n=33
3 satposs : teph=2026/07/09 05:55:32.000 n=33 ephopt=0
3 no pseudorange 2026/07/09 05:55:32.000 sat=46
3 no pseudorange 2026/07/09 05:55:32.000 sat=70
3 estpos  : n=33
3 resprng : n=33
3 resprng : n=33
3 resprng : n=33
3 resprng : n=33
3 valsol  : n=33 nv=17
3 estvel  : n=33
3 resdop  : n=33
3 resdop  : n=33
3 pntpos  : tobs=2026/07/09 05:55:33.000 n=31
3 satposs : teph=2026/07/09 05:55:33.000 n=31 ephopt=0
3 no pseudorange 2026/07/09 05:55:33.000 sat=70
3 estpos  : n=31
3 resprng : n=31
3 resprng : n=31
3 resprng : n=31
3 resprng : n=31
3 valsol  : n=31 nv=17
3 estvel  : n=31
3 resdop  : n=31
3 resdop  : n=31
3 resdop  : n=31
3 pntpos  : tobs=2026/07/09 05:55:34.000 n=34
3 satposs : teph=2026/07/09 05:55:34.000 n=34 ephopt=0
3 no pseudorange 2026/07/09 05:55:34.000 sat=46
3 no pseudorange 2026/07/09 05:55:34.000 sat=70
3 estpos  : n=34
3 resprng : n=34
3 resprng : n=34
3 resprng : n=34
3 resprng : n=34
3 valsol  : n=34 nv=18
3 pntpos  : tobs=2026/07/09 05:55:35.000 n=32
3 satposs : teph=2026/07/09 05:55:35.000 n=32 ephopt=0
3 no pseudorange 2026/07/09 05:55:35.000 sat=70
3 estpos  : n=32
3 resprng : n=32
3 resprng : n=32
3 resprng : n=32
3 resprng : n=32
3 valsol  : n=32 nv=17
3 estvel  : n=32
3 resdop  : n=32
3 resdop  : n=32
3 resdop  : n=32
3 pntpos  : tobs=2026/07/09 05:55:36.000 n=32
3 satposs : teph=2026/07/09 05:55:36.000 n=32 ephopt=0
3 no pseudorange 2026/07/09 05:55:36.000 sat=46
3 no pseudorange 2026/07/09 05:55:36.000 sat=70
3 estpos  : n=32
3 resprng : n=32
3 resprng : n=32
3 resprng : n=32
3 resprng : n=32
3 valsol  : n=32 nv=18
3 pntpos  : tobs=2026/07/09 05:55:37.000 n=31
3 satposs : teph=2026/07/09 05:55:37.000 n=31 ephopt=0
3 no pseudorange 2026/07/09 05:55:37.000 sat=46
3 no pseudorange 2026/07/09 05:55:37.000 sat=70
3 estpos  : n=31
3 resprng : n=31
3 resprng : n=31
3 resprng : n=31
3 resprng : n=31
3 valsol  : n=31 nv=18
3 pntpos  : tobs=2026/07/09 05:55:38.000 n=31
3 satposs : teph=2026/07/09 05:55:38.000 n=31 ephopt=0
3 no pseudorange 2026/07/09 05:55:38.000 sat=46
3 no pseudorange 2026/07/09 05:55:38.000 sat=61
3 no pseudorange 2026/07/09 05:55:38.000 sat=70
3 estpos  : n=31
3 resprng : n=31
3 resprng : n=31
3 resprng : n=31
3 resprng : n=31
3 valsol  : n=31 nv=18
3 pntpos  : tobs=2026/07/09 05:55:39.000 n=31
3 satposs : teph=2026/07/09 05:55:39.000 n=31 ephopt=0
3 no pseudorange 2026/07/09 05:55:39.000 sat=46
3 no pseudorange 2026/07/09 05:55:39.000 sat=61
3 no pseudorange 2026/07/09 05:55:39.000 sat=70
3 estpos  : n=31
3 resprng : n=31
3 resprng : n=31
3 resprng : n=31
3 resprng : n=31
3 valsol  : n=31 nv=18
3 pntpos  : tobs=2026/07/09 05:55:40.000 n=31
3 satposs : teph=2026/07/09 05:55:40.000 n=31 ephopt=0
3 no pseudorange 2026/07/09 05:55:40.000 sat=46
3 no pseudorange 2026/07/09 05:55:40.000 sat=70
3 estpos  : n=31
3 resprng : n=31
3 resprng : n=31
3 resprng : n=31
3 resprng : n=31
3 valsol  : n=31 nv=17
3 estvel  : n=31
3 resdop  : n=31
3 resdop  : n=31
3 resdop  : n=31
3 pntpos  : tobs=2026/07/09 05:55:41.000 n=32
3 satposs : teph=2026/07/09 05:55:41.000 n=32 ephopt=0
3 no pseudorange 2026/07/09 05:55:41.000 sat=46
3 no pseudorange 2026/07/09 05:55:41.000 sat=70
3 estpos  : n=32
3 resprng : n=32
3 resprng : n=32
3 resprng : n=32
3 resprng : n=32
3 valsol  : n=32 nv=18
3 estvel  : n=32
3 resdop  : n=32
3 resdop  : n=32
3 resdop  : n=32
3 pntpos  : tobs=2026/07/09 05:55:42.000 n=31
3 satposs : teph=2026/07/09 05:55:42.000 n=31 ephopt=0
3 no pseudorange 2026/07/09 05:55:42.000 sat=70
3 estpos  : n=31
3 resprng : n=31
3 resprng : n=31
3 resprng : n=31
3 resprng : n=31
3 valsol  : n=31 nv=18
3 estvel  : n=31
3 resdop  : n=31
3 resdop  : n=31
3 resdop  : n=31
3 pntpos  : tobs=2026/07/09 05:55:43.000 n=30
3 satposs : teph=2026/07/09 05:55:43.000 n=30 ephopt=0
3 no pseudorange 2026/07/09 05:55:43.000 sat=70
3 estpos  : n=30
3 resprng : n=30
3 resprng : n=30
3 resprng : n=30
3 resprng : n=30
3 valsol  : n=30 nv=17
3 estvel  : n=30
3 resdop  : n=30
3 resdop  : n=30
3 resdop  : n=30
3 pntpos  : tobs=2026/07/09 05:55:44.000 n=29
3 satposs : teph=2026/07/09 05:55:44.000 n=29 ephopt=0
3 no pseudorange 2026/07/09 05:55:44.000 sat=70
3 estpos  : n=29
3 resprng : n=29
3 resprng : n=29
3 resprng : n=29
3 resprng : n=29
3 valsol  : n=29 nv=17
3 estvel  : n=29
3 resdop  : n=29
3 resdop  : n=29
3 resdop  : n=29
3 pntpos  : tobs=2026/07/09 05:55:45.000 n=31
3 satposs : teph=2026/07/09 05:55:45.000 n=31 ephopt=0
3 no pseudorange 2026/07/09 05:55:45.000 sat=46
3 no pseudorange 2026/07/09 05:55:45.000 sat=70
3 estpos  : n=31
3 resprng : n=31
3 resprng : n=31
3 resprng : n=31
3 resprng : n=31
3 valsol  : n=31 nv=17
3 estvel  : n=31
3 resdop  : n=31
3 resdop  : n=31
3 resdop  : n=31
3 pntpos  : tobs=2026/07/09 05:55:46.000 n=30
3 satposs : teph=2026/07/09 05:55:46.000 n=30 ephopt=0
3 no pseudorange 2026/07/09 05:55:46.000 sat=70
3 estpos  : n=30
3 resprng : n=30
3 resprng : n=30
3 resprng : n=30
3 resprng : n=30
3 valsol  : n=30 nv=17
3 estvel  : n=30
3 resdop  : n=30
3 resdop  : n=30
3 resdop  : n=30
3 pntpos  : tobs=2026/07/09 05:55:47.000 n=30
3 satposs : teph=2026/07/09 05:55:47.000 n=30 ephopt=0
3 no pseudorange 2026/07/09 05:55:47.000 sat=70
3 estpos  : n=30
3 resprng : n=30
3 resprng : n=30
3 resprng : n=30
3 resprng : n=30
3 valsol  : n=30 nv=17
3 estvel  : n=30
3 resdop  : n=30
3 resdop  : n=30
3 pntpos  : tobs=2026/07/09 05:55:48.000 n=30
3 satposs : teph=2026/07/09 05:55:48.000 n=30 ephopt=0
3 no pseudorange 2026/07/09 05:55:48.000 sat=46
3 no pseudorange 2026/07/09 05:55:48.000 sat=70
3 estpos  : n=30
3 resprng : n=30
3 resprng : n=30
3 resprng : n=30
3 resprng : n=30
3 valsol  : n=30 nv=17
3 estvel  : n=30
3 resdop  : n=30
3 resdop  : n=30
3 resdop  : n=30
3 pntpos  : tobs=2026/07/09 05:55:49.000 n=30
3 satposs : teph=2026/07/09 05:55:49.000 n=30 ephopt=0
3 no pseudorange 2026/07/09 05:55:49.000 sat=70
3 estpos  : n=30
3 resprng : n=30
3 resprng : n=30
3 resprng : n=30
3 resprng : n=30
3 valsol  : n=30 nv=17
3 estvel  : n=30
3 resdop  : n=30
3 resdop  : n=30
3 resdop  : n=30
3 pntpos  : tobs=2026/07/09 05:55:50.000 n=28
3 satposs : teph=2026/07/09 05:55:50.000 n=28 ephopt=0
3 no pseudorange 2026/07/09 05:55:50.000 sat=70
3 estpos  : n=28
3 resprng : n=28
3 resprng : n=28
3 resprng : n=28
3 resprng : n=28
3 valsol  : n=28 nv=17
3 estvel  : n=28
3 resdop  : n=28
3 resdop  : n=28
3 pntpos  : tobs=2026/07/09 05:55:51.000 n=32
3 satposs : teph=2026/07/09 05:55:51.000 n=32 ephopt=0
3 no pseudorange 2026/07/09 05:55:51.000 sat=70
3 estpos  : n=32
3 resprng : n=32
3 resprng : n=32
3 resprng : n=32
3 resprng : n=32
3 valsol  : n=32 nv=17
3 estvel  : n=32
3 resdop  : n=32
3 resdop  : n=32
3 resdop  : n=32
3 pntpos  : tobs=2026/07/09 05:55:52.000 n=32
3 satposs : teph=2026/07/09 05:55:52.000 n=32 ephopt=0
3 no pseudorange 2026/07/09 05:55:52.000 sat=46
3 no pseudorange 2026/07/09 05:55:52.000 sat=70
3 estpos  : n=32
3 resprng : n=32
3 resprng : n=32
3 resprng : n=32
3 resprng : n=32
3 valsol  : n=32 nv=17
3 estvel  : n=32
3 resdop  : n=32
3 resdop  : n=32
3 pntpos  : tobs=2026/07/09 05:55:53.000 n=31
3 satposs : teph=2026/07/09 05:55:53.000 n=31 ephopt=0
3 no pseudorange 2026/07/09 05:55:53.000 sat=70
3 estpos  : n=31
3 resprng : n=31
3 resprng : n=31
3 resprng : n=31
3 resprng : n=31
3 valsol  : n=31 nv=17
3 estvel  : n=31
3 resdop  : n=31
3 resdop  : n=31
3 pntpos  : tobs=2026/07/09 05:55:54.000 n=31
3 satposs : teph=2026/07/09 05:55:54.000 n=31 ephopt=0
3 no pseudorange 2026/07/09 05:55:54.000 sat=70
3 estpos  : n=31
3 resprng : n=31
3 resprng : n=31
3 resprng : n=31
3 resprng : n=31
3 valsol  : n=31 nv=17
3 estvel  : n=31
3 resdop  : n=31
3 resdop  : n=31
3 pntpos  : tobs=2026/07/09 05:55:55.000 n=32
3 satposs : teph=2026/07/09 05:55:55.000 n=32 ephopt=0
3 no pseudorange 2026/07/09 05:55:55.000 sat=46
3 no pseudorange 2026/07/09 05:55:55.000 sat=70
3 estpos  : n=32
3 resprng : n=32
3 resprng : n=32
3 resprng : n=32
3 resprng : n=32
3 valsol  : n=32 nv=17
3 estvel  : n=32
3 resdop  : n=32
3 resdop  : n=32
3 pntpos  : tobs=2026/07/09 05:55:56.000 n=30
3 satposs : teph=2026/07/09 05:55:56.000 n=30 ephopt=0
3 no pseudorange 2026/07/09 05:55:56.000 sat=70
3 estpos  : n=30
3 resprng : n=30
3 resprng : n=30
3 resprng : n=30
3 resprng : n=30
3 valsol  : n=30 nv=17
3 estvel  : n=30
3 resdop  : n=30
3 resdop  : n=30
3 resdop  : n=30
3 pntpos  : tobs=2026/07/09 05:55:57.000 n=31
3 satposs : teph=2026/07/09 05:55:57.000 n=31 ephopt=0
3 no pseudorange 2026/07/09 05:55:57.000 sat=46
3 no pseudorange 2026/07/09 05:55:57.000 sat=70
3 estpos  : n=31
3 resprng : n=31
3 resprng : n=31
3 resprng : n=31
3 resprng : n=31
3 valsol  : n=31 nv=17
3 estvel  : n=31
3 resdop  : n=31
3 resdop  : n=31
3 resdop  : n=31
3 pntpos  : tobs=2026/07/09 05:55:58.000 n=32
3 satposs : teph=2026/07/09 05:55:58.000 n=32 ephopt=0
3 no pseudorange 2026/07/09 05:55:58.000 sat=46
3 no pseudorange 2026/07/09 05:55:58.000 sat=70
3 estpos  : n=32
3 resprng : n=32
3 resprng : n=32
3 resprng : n=32
3 resprng : n=32
3 valsol  : n=32 nv=17
3 estvel  : n=32
3 resdop  : n=32
3 resdop  : n=32
3 resdop  : n=32
3 pntpos  : tobs=2026/07/09 05:55:59.000 n=32
3 satposs : teph=2026/07/09 05:55:59.000 n=32 ephopt=0
3 no pseudorange 2026/07/09 05:55:59.000 sat=70
3 estpos  : n=32
3 resprng : n=32
3 resprng : n=32
3 resprng : n=32
3 resprng : n=32
3 valsol  : n=32 nv=17
3 estvel  : n=32
3 resdop  : n=32
3 resdop  : n=32
3 resdop  : n=32
3 pntpos  : tobs=2026/07/09 05:56:00.000 n=33
3 satposs : teph=2026/07/09 05:56:00.000 n=33 ephopt=0
3 no pseudorange 2026/07/09 05:56:00.000 sat=46
3 no pseudorange 2026/07/09 05:56:00.000 sat=70
3 estpos  : n=33
3 resprng : n=33
3 resprng : n=33
3 resprng : n=33
3 resprng : n=33
3 valsol  : n=33 nv=17
3 estvel  : n=33
3 resdop  : n=33
3 resdop  : n=33
3 pntpos  : tobs=2026/07/09 05:56:01.000 n=31
3 satposs : teph=2026/07/09 05:56:01.000 n=31 ephopt=0
3 no pseudorange 2026/07/09 05:56:01.000 sat=46
3 no pseudorange 2026/07/09 05:56:01.000 sat=70
3 estpos  : n=31
3 resprng : n=31
3 resprng : n=31
3 resprng : n=31
3 resprng : n=31
3 valsol  : n=31 nv=17
3 estvel  : n=31
3 resdop  : n=31
3 resdop  : n=31
3 pntpos  : tobs=2026/07/09 05:56:02.000 n=33
3 satposs : teph=2026/07/09 05:56:02.000 n=33 ephopt=0
3 no pseudorange 2026/07/09 05:56:02.000 sat=46
3 no pseudorange 2026/07/09 05:56:02.000 sat=70
3 estpos  : n=33
3 resprng : n=33
3 resprng : n=33
3 resprng : n=33
3 resprng : n=33
3 valsol  : n=33 nv=17
3 estvel  : n=33
3 resdop  : n=33
3 resdop  : n=33
3 pntpos  : tobs=2026/07/09 05:56:03.000 n=33
3 satposs : teph=2026/07/09 05:56:03.000 n=33 ephopt=0
3 no pseudorange 2026/07/09 05:56:03.000 sat=46
3 no pseudorange 2026/07/09 05:56:03.000 sat=70
3 estpos  : n=33
3 resprng : n=33
3 resprng : n=33
3 resprng : n=33
3 resprng : n=33
3 valsol  : n=33 nv=17
3 estvel  : n=33
3 resdop  : n=33
3 resdop  : n=33
3 resdop  : n=33
3 pntpos  : tobs=2026/07/09 05:56:04.000 n=33
3 satposs : teph=2026/07/09 05:56:04.000 n=33 ephopt=0
3 no pseudorange 2026/07/09 05:56:04.000 sat=46
3 no pseudorange 2026/07/09 05:56:04.000 sat=70
3 estpos  : n=33
3 resprng : n=33
3 resprng : n=33
3 resprng : n=33
3 resprng : n=33
3 valsol  : n=33 nv=17
3 estvel  : n=33
3 resdop  : n=33
3 resdop  : n=33
3 resdop  : n=33
3 pntpos  : tobs=2026/07/09 05:56:05.000 n=31
3 satposs : teph=2026/07/09 05:56:05.000 n=31 ephopt=0
3 no pseudorange 2026/07/09 05:56:05.000 sat=46
3 no pseudorange 2026/07/09 05:56:05.000 sat=70
3 estpos  : n=31
3 resprng : n=31
3 resprng : n=31
3 resprng : n=31
3 resprng : n=31
3 valsol  : n=31 nv=17
3 estvel  : n=31
3 resdop  : n=31
3 resdop  : n=31
3 resdop  : n=31
3 pntpos  : tobs=2026/07/09 05:56:06.000 n=33
3 satposs : teph=2026/07/09 05:56:06.000 n=33 ephopt=0
3 no pseudorange 2026/07/09 05:56:06.000 sat=46
3 no pseudorange 2026/07/09 05:56:06.000 sat=70
3 estpos  : n=33
3 resprng : n=33
3 resprng : n=33
3 resprng : n=33
3 resprng : n=33
3 valsol  : n=33 nv=17
3 estvel  : n=33
3 resdop  : n=33
3 resdop  : n=33
3 pntpos  : tobs=2026/07/09 05:56:07.000 n=32
3 satposs : teph=2026/07/09 05:56:07.000 n=32 ephopt=0
3 no pseudorange 2026/07/09 05:56:07.000 sat=46
3 no pseudorange 2026/07/09 05:56:07.000 sat=70
3 estpos  : n=32
3 resprng : n=32
3 resprng : n=32
3 resprng : n=32
3 resprng : n=32
3 valsol  : n=32 nv=17
3 estvel  : n=32
3 resdop  : n=32
3 resdop  : n=32
3 pntpos  : tobs=2026/07/09 05:56:08.000 n=31
3 satposs : teph=2026/07/09 05:56:08.000 n=31 ephopt=0
3 no pseudorange 2026/07/09 05:56:08.000 sat=46
3 no pseudorange 2026/07/09 05:56:08.000 sat=70
3 estpos  : n=31
3 resprng : n=31
3 resprng : n=31
3 resprng : n=31
3 resprng : n=31
3 valsol  : n=31 nv=17
3 estvel  : n=31
3 resdop  : n=31
3 resdop  : n=31
3 resdop  : n=31
3 pntpos  : tobs=2026/07/09 05:56:09.000 n=31
3 satposs : teph=2026/07/09 05:56:09.000 n=31 ephopt=0
3 no pseudorange 2026/07/09 05:56:09.000 sat=70
3 estpos  : n=31
3 resprng : n=31
3 resprng : n=31
3 resprng : n=31
3 resprng : n=31
3 valsol  : n=31 nv=17
3 estvel  : n=31
3 resdop  : n=31
3 resdop  : n=31
3 resdop  : n=31
3 pntpos  : tobs=2026/07/09 05:56:10.000 n=31
3 satposs : teph=2026/07/09 05:56:10.000 n=31 ephopt=0
3 no pseudorange 2026/07/09 05:56:10.000 sat=70
3 estpos  : n=31
3 resprng : n=31
3 resprng : n=31
3 resprng : n=31
3 resprng : n=31
3 valsol  : n=31 nv=17
3 estvel  : n=31
3 resdop  : n=31
3 resdop  : n=31
3 pntpos  : tobs=2026/07/09 05:56:11.000 n=31
3 satposs : teph=2026/07/09 05:56:11.000 n=31 ephopt=0
3 no pseudorange 2026/07/09 05:56:11.000 sat=46
3 no pseudorange 2026/07/09 05:56:11.000 sat=70
3 estpos  : n=31
3 resprng : n=31
3 resprng : n=31
3 resprng : n=31
3 resprng : n=31
3 valsol  : n=31 nv=17
3 estvel  : n=31
3 resdop  : n=31
3 resdop  : n=31
3 pntpos  : tobs=2026/07/09 05:56:12.000 n=30
3 satposs : teph=2026/07/09 05:56:12.000 n=30 ephopt=0
3 no pseudorange 2026/07/09 05:56:12.000 sat=46
3 no pseudorange 2026/07/09 05:56:12.000 sat=70
3 estpos  : n=30
3 resprng : n=30
3 resprng : n=30
3 resprng : n=30
3 resprng : n=30
3 valsol  : n=30 nv=17
3 estvel  : n=30
3 resdop  : n=30
3 resdop  : n=30
3 pntpos  : tobs=2026/07/09 05:56:13.000 n=31
3 satposs : teph=2026/07/09 05:56:13.000 n=31 ephopt=0
3 no pseudorange 2026/07/09 05:56:13.000 sat=46
3 no pseudorange 2026/07/09 05:56:13.000 sat=70
3 estpos  : n=31
3 resprng : n=31
3 resprng : n=31
3 resprng : n=31
3 resprng : n=31
3 valsol  : n=31 nv=17
3 estvel  : n=31
3 resdop  : n=31
3 resdop  : n=31
3 resdop  : n=31
3 pntpos  : tobs=2026/07/09 05:56:14.000 n=32
3 satposs : teph=2026/07/09 05:56:14.000 n=32 ephopt=0
3 no pseudorange 2026/07/09 05:56:14.000 sat=46
3 no pseudorange 2026/07/09 05:56:14.000 sat=70
3 estpos  : n=32
3 resprng : n=32
3 resprng : n=32
3 resprng : n=32
3 resprng : n=32
3 valsol  : n=32 nv=17
3 estvel  : n=32
3 resdop  : n=32
3 resdop  : n=32
3 resdop  : n=32
3 pntpos  : tobs=2026/07/09 05:56:15.000 n=31
3 satposs : teph=2026/07/09 05:56:15.000 n=31 ephopt=0
3 no pseudorange 2026/07/09 05:56:15.000 sat=70
3 estpos  : n=31
3 resprng : n=31
3 resprng : n=31
3 resprng : n=31
3 resprng : n=31
3 valsol  : n=31 nv=17
3 estvel  : n=31
3 resdop  : n=31
3 resdop  : n=31
3 resdop  : n=31
3 pntpos  : tobs=2026/07/09 05:56:16.000 n=31
3 satposs : teph=2026/07/09 05:56:16.000 n=31 ephopt=0
3 no pseudorange 2026/07/09 05:56:16.000 sat=46
3 no pseudorange 2026/07/09 05:56:16.000 sat=70
3 estpos  : n=31
3 resprng : n=31
3 resprng : n=31
3 resprng : n=31
3 resprng : n=31
3 valsol  : n=31 nv=17
3 estvel  : n=31
3 resdop  : n=31
3 resdop  : n=31
3 pntpos  : tobs=2026/07/09 05:56:17.000 n=31
3 satposs : teph=2026/07/09 05:56:17.000 n=31 ephopt=0
3 no pseudorange 2026/07/09 05:56:17.000 sat=70
3 estpos  : n=31
3 resprng : n=31
3 resprng : n=31
3 resprng : n=31
3 resprng : n=31
3 valsol  : n=31 nv=17
3 estvel  : n=31
3 resdop  : n=31
3 resdop  : n=31
3 resdop  : n=31
3 pntpos  : tobs=2026/07/09 05:56:18.000 n=30
3 satposs : teph=2026/07/09 05:56:18.000 n=30 ephopt=0
3 no pseudorange 2026/07/09 05:56:18.000 sat=70
3 no pseudorange 2026/07/09 05:56:18.000 sat=84
3 estpos  : n=30
3 resprng : n=30
3 resprng : n=30
3 resprng : n=30
3 resprng : n=30
3 valsol  : n=30 nv=17
3 estvel  : n=30
3 resdop  : n=30
3 resdop  : n=30
3 resdop  : n=30
3 pntpos  : tobs=2026/07/09 05:56:19.000 n=32
3 satposs : teph=2026/07/09 05:56:19.000 n=32 ephopt=0
3 no pseudorange 2026/07/09 05:56:19.000 sat=46
3 no pseudorange 2026/07/09 05:56:19.000 sat=61
3 no pseudorange 2026/07/09 05:56:19.000 sat=70
3 no pseudorange 2026/07/09 05:56:19.000 sat=84
3 estpos  : n=32
3 resprng : n=32
3 resprng : n=32
3 resprng : n=32
3 resprng : n=32
3 valsol  : n=32 nv=17
3 estvel  : n=32
3 resdop  : n=32
3 resdop  : n=32
3 resdop  : n=32
3 pntpos  : tobs=2026/07/09 05:56:20.000 n=32
3 satposs : teph=2026/07/09 05:56:20.000 n=32 ephopt=0
3 no pseudorange 2026/07/09 05:56:20.000 sat=46
3 no pseudorange 2026/07/09 05:56:20.000 sat=70
3 no pseudorange 2026/07/09 05:56:20.000 sat=84
3 estpos  : n=32
3 resprng : n=32
3 resprng : n=32
3 resprng : n=32
3 resprng : n=32
3 valsol  : n=32 nv=17
3 estvel  : n=32
3 resdop  : n=32
3 resdop  : n=32
3 pntpos  : tobs=2026/07/09 05:56:21.000 n=31
3 satposs : teph=2026/07/09 05:56:21.000 n=31 ephopt=0
3 no pseudorange 2026/07/09 05:56:21.000 sat=61
3 no pseudorange 2026/07/09 05:56:21.000 sat=70
3 no pseudorange 2026/07/09 05:56:21.000 sat=84
3 estpos  : n=31
3 resprng : n=31
3 resprng : n=31
3 resprng : n=31
3 resprng : n=31
3 valsol  : n=31 nv=17
3 estvel  : n=31
3 resdop  : n=31
3 resdop  : n=31
3 resdop  : n=31
3 pntpos  : tobs=2026/07/09 05:56:22.000 n=30
3 satposs : teph=2026/07/09 05:56:22.000 n=30 ephopt=0
3 no pseudorange 2026/07/09 05:56:22.000 sat=70
3 no pseudorange 2026/07/09 05:56:22.000 sat=84
3 estpos  : n=30
3 resprng : n=30
3 resprng : n=30
3 resprng : n=30
3 resprng : n=30
3 valsol  : n=30 nv=17
3 estvel  : n=30
3 resdop  : n=30
3 resdop  : n=30
3 pntpos  : tobs=2026/07/09 05:56:23.000 n=31
3 satposs : teph=2026/07/09 05:56:23.000 n=31 ephopt=0
3 no pseudorange 2026/07/09 05:56:23.000 sat=61
3 no pseudorange 2026/07/09 05:56:23.000 sat=70
3 no pseudorange 2026/07/09 05:56:23.000 sat=84
3 estpos  : n=31
3 resprng : n=31
3 resprng : n=31
3 resprng : n=31
3 resprng : n=31
3 valsol  : n=31 nv=17
3 estvel  : n=31
3 resdop  : n=31
3 resdop  : n=31
3 resdop  : n=31
3 pntpos  : tobs=2026/07/09 05:56:24.000 n=33
3 satposs : teph=2026/07/09 05:56:24.000 n=33 ephopt=0
3 no pseudorange 2026/07/09 05:56:24.000 sat=46
3 no pseudorange 2026/07/09 05:56:24.000 sat=61
3 no pseudorange 2026/07/09 05:56:24.000 sat=70
3 no pseudorange 2026/07/09 05:56:24.000 sat=84
3 estpos  : n=33
3 resprng : n=33
3 resprng : n=33
3 resprng : n=33
3 resprng : n=33
3 valsol  : n=33 nv=17
3 estvel  : n=33
3 resdop  : n=33
3 resdop  : n=33
3 resdop  : n=33
3 pntpos  : tobs=2026/07/09 05:56:25.000 n=32
3 satposs : teph=2026/07/09 05:56:25.000 n=32 ephopt=0
3 no pseudorange 2026/07/09 05:56:25.000 sat=70
3 no pseudorange 2026/07/09 05:56:25.000 sat=84
3 estpos  : n=32
3 resprng : n=32
3 resprng : n=32
3 resprng : n=32
3 resprng : n=32
3 valsol  : n=32 nv=17
3 estvel  : n=32
3 resdop  : n=32
3 resdop  : n=32
3 resdop  : n=32
3 pntpos  : tobs=2026/07/09 05:56:26.000 n=31
3 satposs : teph=2026/07/09 05:56:26.000 n=31 ephopt=0
3 no pseudorange 2026/07/09 05:56:26.000 sat=46
3 no pseudorange 2026/07/09 05:56:26.000 sat=70
3 no pseudorange 2026/07/09 05:56:26.000 sat=84
3 estpos  : n=31
3 resprng : n=31
3 resprng : n=31
3 resprng : n=31
3 resprng : n=31
3 valsol  : n=31 nv=17
3 estvel  : n=31
3 resdop  : n=31
3 resdop  : n=31
3 pntpos  : tobs=2026/07/09 05:56:27.000 n=32
3 satposs : teph=2026/07/09 05:56:27.000 n=32 ephopt=0
3 no pseudorange 2026/07/09 05:56:27.000 sat=46
3 no pseudorange 2026/07/09 05:56:27.000 sat=61
3 no pseudorange 2026/07/09 05:56:27.000 sat=70
3 no pseudorange 2026/07/09 05:56:27.000 sat=84
3 estpos  : n=32
3 resprng : n=32
3 resprng : n=32
3 resprng : n=32
3 resprng : n=32
3 valsol  : n=32 nv=17
3 estvel  : n=32
3 resdop  : n=32
3 resdop  : n=32
3 pntpos  : tobs=2026/07/09 05:56:28.000 n=33
3 satposs : teph=2026/07/09 05:56:28.000 n=33 ephopt=0
3 no pseudorange 2026/07/09 05:56:28.000 sat=46
3 no pseudorange 2026/07/09 05:56:28.000 sat=61
3 no pseudorange 2026/07/09 05:56:28.000 sat=70
3 no pseudorange 2026/07/09 05:56:28.000 sat=84
3 estpos  : n=33
3 resprng : n=33
3 resprng : n=33
3 resprng : n=33
3 resprng : n=33
3 valsol  : n=33 nv=17
3 estvel  : n=33
3 resdop  : n=33
3 resdop  : n=33
3 resdop  : n=33
3 pntpos  : tobs=2026/07/09 05:56:29.000 n=33
3 satposs : teph=2026/07/09 05:56:29.000 n=33 ephopt=0
3 no pseudorange 2026/07/09 05:56:29.000 sat=46
3 no pseudorange 2026/07/09 05:56:29.000 sat=70
3 no pseudorange 2026/07/09 05:56:29.000 sat=84
3 estpos  : n=33
3 resprng : n=33
3 resprng : n=33
3 resprng : n=33
3 resprng : n=33
3 valsol  : n=33 nv=17
3 estvel  : n=33
3 resdop  : n=33
3 resdop  : n=33
3 resdop  : n=33
3 pntpos  : tobs=2026/07/09 05:56:30.000 n=32
3 satposs : teph=2026/07/09 05:56:30.000 n=32 ephopt=0
3 no pseudorange 2026/07/09 05:56:30.000 sat=70
3 no pseudorange 2026/07/09 05:56:30.000 sat=84
3 estpos  : n=32
3 resprng : n=32
3 resprng : n=32
3 resprng : n=32
3 resprng : n=32
3 valsol  : n=32 nv=17
3 estvel  : n=32
3 resdop  : n=32
3 resdop  : n=32
3 resdop  : n=32
3 pntpos  : tobs=2026/07/09 05:56:31.000 n=33
3 satposs : teph=2026/07/09 05:56:31.000 n=33 ephopt=0
3 no pseudorange 2026/07/09 05:56:31.000 sat=46
3 no pseudorange 2026/07/09 05:56:31.000 sat=70
3 no pseudorange 2026/07/09 05:56:31.000 sat=84
3 estpos  : n=33
3 resprng : n=33
3 resprng : n=33
3 resprng : n=33
3 resprng : n=33
3 valsol  : n=33 nv=17
3 estvel  : n=33
3 resdop  : n=33
3 resdop  : n=33
3 pntpos  : tobs=2026/07/09 05:56:32.000 n=33
3 satposs : teph=2026/07/09 05:56:32.000 n=33 ephopt=0
3 no pseudorange 2026/07/09 05:56:32.000 sat=46
3 no pseudorange 2026/07/09 05:56:32.000 sat=70
3 no pseudorange 2026/07/09 05:56:32.000 sat=84
3 estpos  : n=33
3 resprng : n=33
3 resprng : n=33
3 resprng : n=33
3 resprng : n=33
3 valsol  : n=33 nv=17
3 estvel  : n=33
3 resdop  : n=33
3 resdop  : n=33
3 pntpos  : tobs=2026/07/09 05:56:33.000 n=33
3 satposs : teph=2026/07/09 05:56:33.000 n=33 ephopt=0
3 no pseudorange 2026/07/09 05:56:33.000 sat=46
3 no pseudorange 2026/07/09 05:56:33.000 sat=70
3 no pseudorange 2026/07/09 05:56:33.000 sat=84
3 estpos  : n=33
3 resprng : n=33
3 resprng : n=33
3 resprng : n=33
3 resprng : n=33
3 valsol  : n=33 nv=17
3 estvel  : n=33
3 resdop  : n=33
3 resdop  : n=33
3 pntpos  : tobs=2026/07/09 05:56:34.000 n=33
3 satposs : teph=2026/07/09 05:56:34.000 n=33 ephopt=0
3 no pseudorange 2026/07/09 05:56:34.000 sat=46
3 no pseudorange 2026/07/09 05:56:34.000 sat=70
3 no pseudorange 2026/07/09 05:56:34.000 sat=84
3 estpos  : n=33
3 resprng : n=33
3 resprng : n=33
3 resprng : n=33
3 resprng : n=33
3 valsol  : n=33 nv=17
3 estvel  : n=33
3 resdop  : n=33
3 resdop  : n=33
3 resdop  : n=33
3 pntpos  : tobs=2026/07/09 05:56:35.000 n=28
3 satposs : teph=2026/07/09 05:56:35.000 n=28 ephopt=0
3 estpos  : n=28
3 resprng : n=28
3 resprng : n=28
3 resprng : n=28
3 resprng : n=28
3 valsol  : n=28 nv=17
3 estvel  : n=28
3 resdop  : n=28
3 resdop  : n=28
3 pntpos  : tobs=2026/07/09 05:56:36.000 n=29
3 satposs : teph=2026/07/09 05:56:36.000 n=29 ephopt=0
3 no pseudorange 2026/07/09 05:56:36.000 sat=46
3 estpos  : n=29
3 resprng : n=29
3 resprng : n=29
3 resprng : n=29
3 resprng : n=29
3 valsol  : n=29 nv=17
3 estvel  : n=29
3 resdop  : n=29
3 resdop  : n=29
3 pntpos  : tobs=2026/07/09 05:56:37.000 n=29
3 satposs : teph=2026/07/09 05:56:37.000 n=29 ephopt=0
3 no pseudorange 2026/07/09 05:56:37.000 sat=70
3 estpos  : n=29
3 resprng : n=29
3 resprng : n=29
3 resprng : n=29
3 resprng : n=29
3 valsol  : n=29 nv=17
3 estvel  : n=29
3 resdop  : n=29
3 resdop  : n=29
3 pntpos  : tobs=2026/07/09 05:56:38.000 n=29
3 satposs : teph=2026/07/09 05:56:38.000 n=29 ephopt=0
3 no pseudorange 2026/07/09 05:56:38.000 sat=70
3 estpos  : n=29
3 resprng : n=29
3 resprng : n=29
3 resprng : n=29
3 resprng : n=29
3 valsol  : n=29 nv=17
3 estvel  : n=29
3 resdop  : n=29
3 resdop  : n=29
3 resdop  : n=29
3 pntpos  : tobs=2026/07/09 05:56:39.000 n=29
3 satposs : teph=2026/07/09 05:56:39.000 n=29 ephopt=0
3 no pseudorange 2026/07/09 05:56:39.000 sat=70
3 estpos  : n=29
3 resprng : n=29
3 resprng : n=29
3 resprng : n=29
3 resprng : n=29
3 valsol  : n=29 nv=17
3 estvel  : n=29
3 resdop  : n=29
3 resdop  : n=29
3 pntpos  : tobs=2026/07/09 05:56:40.000 n=30
3 satposs : teph=2026/07/09 05:56:40.000 n=30 ephopt=0
3 no pseudorange 2026/07/09 05:56:40.000 sat=46
3 no pseudorange 2026/07/09 05:56:40.000 sat=70
3 estpos  : n=30
3 resprng : n=30
3 resprng : n=30
3 resprng : n=30
3 resprng : n=30
3 valsol  : n=30 nv=17
3 estvel  : n=30
3 resdop  : n=30
3 resdop  : n=30
3 pntpos  : tobs=2026/07/09 05:56:41.000 n=29
3 satposs : teph=2026/07/09 05:56:41.000 n=29 ephopt=0
3 no pseudorange 2026/07/09 05:56:41.000 sat=70
3 estpos  : n=29
3 resprng : n=29
3 resprng : n=29
3 resprng : n=29
3 resprng : n=29
3 valsol  : n=29 nv=17
3 estvel  : n=29
3 resdop  : n=29
3 resdop  : n=29
3 resdop  : n=29
3 pntpos  : tobs=2026/07/09 05:56:42.000 n=29
3 satposs : teph=2026/07/09 05:56:42.000 n=29 ephopt=0
3 no pseudorange 2026/07/09 05:56:42.000 sat=70
3 estpos  : n=29
3 resprng : n=29
3 resprng : n=29
3 resprng : n=29
3 resprng : n=29
3 valsol  : n=29 nv=17
3 estvel  : n=29
3 resdop  : n=29
3 resdop  : n=29
3 pntpos  : tobs=2026/07/09 05:56:43.000 n=30
3 satposs : teph=2026/07/09 05:56:43.000 n=30 ephopt=0
3 no pseudorange 2026/07/09 05:56:43.000 sat=46
3 no pseudorange 2026/07/09 05:56:43.000 sat=70
3 estpos  : n=30
3 resprng : n=30
3 resprng : n=30
3 resprng : n=30
3 resprng : n=30
3 valsol  : n=30 nv=17
3 estvel  : n=30
3 resdop  : n=30
3 resdop  : n=30
3 resdop  : n=30
3 pntpos  : tobs=2026/07/09 05:56:44.000 n=29
3 satposs : teph=2026/07/09 05:56:44.000 n=29 ephopt=0
3 no pseudorange 2026/07/09 05:56:44.000 sat=70
3 estpos  : n=29
3 resprng : n=29
3 resprng : n=29
3 resprng : n=29
3 resprng : n=29
3 valsol  : n=29 nv=17
3 estvel  : n=29
3 resdop  : n=29
3 resdop  : n=29
3 resdop  : n=29
3 pntpos  : tobs=2026/07/09 05:56:45.000 n=30
3 satposs : teph=2026/07/09 05:56:45.000 n=30 ephopt=0
3 no pseudorange 2026/07/09 05:56:45.000 sat=46
3 no pseudorange 2026/07/09 05:56:45.000 sat=70
3 estpos  : n=30
3 resprng : n=30
3 resprng : n=30
3 resprng : n=30
3 resprng : n=30
3 valsol  : n=30 nv=17
3 estvel  : n=30
3 resdop  : n=30
3 resdop  : n=30
3 resdop  : n=30
3 pntpos  : tobs=2026/07/09 05:56:46.000 n=30
3 satposs : teph=2026/07/09 05:56:46.000 n=30 ephopt=0
3 no pseudorange 2026/07/09 05:56:46.000 sat=46
3 no pseudorange 2026/07/09 05:56:46.000 sat=70
3 estpos  : n=30
3 resprng : n=30
3 resprng : n=30
3 resprng : n=30
3 resprng : n=30
3 valsol  : n=30 nv=17
3 estvel  : n=30
3 resdop  : n=30
3 resdop  : n=30
3 resdop  : n=30
3 pntpos  : tobs=2026/07/09 05:56:47.000 n=29
3 satposs : teph=2026/07/09 05:56:47.000 n=29 ephopt=0
3 estpos  : n=29
3 resprng : n=29
3 resprng : n=29
3 resprng : n=29
3 resprng : n=29
3 valsol  : n=29 nv=17
3 estvel  : n=29
3 resdop  : n=29
3 resdop  : n=29
3 resdop  : n=29
3 pntpos  : tobs=2026/07/09 05:56:48.000 n=28
3 satposs : teph=2026/07/09 05:56:48.000 n=28 ephopt=0
3 estpos  : n=28
3 resprng : n=28
3 resprng : n=28
3 resprng : n=28
3 resprng : n=28
3 valsol  : n=28 nv=17
3 estvel  : n=28
3 resdop  : n=28
3 resdop  : n=28
3 resdop  : n=28
3 pntpos  : tobs=2026/07/09 05:56:49.000 n=29
3 satposs : teph=2026/07/09 05:56:49.000 n=29 ephopt=0
3 estpos  : n=29
3 resprng : n=29
3 resprng : n=29
3 resprng : n=29
3 resprng : n=29
3 valsol  : n=29 nv=17
3 estvel  : n=29
3 resdop  : n=29
3 resdop  : n=29
3 resdop  : n=29
3 pntpos  : tobs=2026/07/09 05:56:50.000 n=30
3 satposs : teph=2026/07/09 05:56:50.000 n=30 ephopt=0
3 no pseudorange 2026/07/09 05:56:50.000 sat=46
3 no pseudorange 2026/07/09 05:56:50.000 sat=70
3 estpos  : n=30
3 resprng : n=30
3 resprng : n=30
3 resprng : n=30
3 resprng : n=30
3 valsol  : n=30 nv=17
3 estvel  : n=30
3 resdop  : n=30
3 resdop  : n=30
3 pntpos  : tobs=2026/07/09 05:56:51.000 n=31
3 satposs : teph=2026/07/09 05:56:51.000 n=31 ephopt=0
3 no pseudorange 2026/07/09 05:56:51.000 sat=46
3 no pseudorange 2026/07/09 05:56:51.000 sat=61
3 no pseudorange 2026/07/09 05:56:51.000 sat=70
3 estpos  : n=31
3 resprng : n=31
3 resprng : n=31
3 resprng : n=31
3 resprng : n=31
3 valsol  : n=31 nv=17
3 estvel  : n=31
3 resdop  : n=31
3 resdop  : n=31
3 pntpos  : tobs=2026/07/09 05:56:52.000 n=30
3 satposs : teph=2026/07/09 05:56:52.000 n=30 ephopt=0
3 no pseudorange 2026/07/09 05:56:52.000 sat=46
3 no pseudorange 2026/07/09 05:56:52.000 sat=61
3 estpos  : n=30
3 resprng : n=30
3 resprng : n=30
3 resprng : n=30
3 resprng : n=30
3 valsol  : n=30 nv=17
3 estvel  : n=30
3 resdop  : n=30
3 resdop  : n=30
3 resdop  : n=30
3 pntpos  : tobs=2026/07/09 05:56:53.000 n=31
3 satposs : teph=2026/07/09 05:56:53.000 n=31 ephopt=0
3 no pseudorange 2026/07/09 05:56:53.000 sat=46
3 no pseudorange 2026/07/09 05:56:53.000 sat=61
3 no pseudorange 2026/07/09 05:56:53.000 sat=70
3 estpos  : n=31
3 resprng : n=31
3 resprng : n=31
3 resprng : n=31
3 resprng : n=31
3 valsol  : n=31 nv=17
3 estvel  : n=31
3 resdop  : n=31
3 resdop  : n=31
3 resdop  : n=31
3 pntpos  : tobs=2026/07/09 05:56:54.000 n=31
3 satposs : teph=2026/07/09 05:56:54.000 n=31 ephopt=0
3 no pseudorange 2026/07/09 05:56:54.000 sat=46
3 no pseudorange 2026/07/09 05:56:54.000 sat=61
3 estpos  : n=31
3 resprng : n=31
3 resprng : n=31
3 resprng : n=31
3 resprng : n=31
3 valsol  : n=31 nv=17
3 estvel  : n=31
3 resdop  : n=31
3 resdop  : n=31
3 resdop  : n=31
3 pntpos  : tobs=2026/07/09 05:56:55.000 n=31
3 satposs : teph=2026/07/09 05:56:55.000 n=31 ephopt=0
3 no pseudorange 2026/07/09 05:56:55.000 sat=46
3 no pseudorange 2026/07/09 05:56:55.000 sat=61
3 no pseudorange 2026/07/09 05:56:55.000 sat=70
3 estpos  : n=31
3 resprng : n=31
3 resprng : n=31
3 resprng : n=31
3 resprng : n=31
3 valsol  : n=31 nv=17
3 estvel  : n=31
3 resdop  : n=31
3 resdop  : n=31
3 resdop  : n=31
3 pntpos  : tobs=2026/07/09 05:56:56.000 n=31
3 satposs : teph=2026/07/09 05:56:56.000 n=31 ephopt=0
3 no pseudorange 2026/07/09 05:56:56.000 sat=46
3 no pseudorange 2026/07/09 05:56:56.000 sat=61
3 estpos  : n=31
3 resprng : n=31
3 resprng : n=31
3 resprng : n=31
3 resprng : n=31
3 valsol  : n=31 nv=17
3 estvel  : n=31
3 resdop  : n=31
3 resdop  : n=31
3 resdop  : n=31
3 pntpos  : tobs=2026/07/09 05:56:57.000 n=28
3 satposs : teph=2026/07/09 05:56:57.000 n=28 ephopt=0
3 no pseudorange 2026/07/09 05:56:57.000 sat=61
3 estpos  : n=28
3 resprng : n=28
3 resprng : n=28
3 resprng : n=28
3 resprng : n=28
3 valsol  : n=28 nv=17
3 estvel  : n=28
3 resdop  : n=28
3 resdop  : n=28
3 resdop  : n=28
3 pntpos  : tobs=2026/07/09 05:56:58.000 n=30
3 satposs : teph=2026/07/09 05:56:58.000 n=30 ephopt=0
3 no pseudorange 2026/07/09 05:56:58.000 sat=46
3 no pseudorange 2026/07/09 05:56:58.000 sat=61
3 estpos  : n=30
3 resprng : n=30
3 resprng : n=30
3 resprng : n=30
3 resprng : n=30
3 valsol  : n=30 nv=17
3 estvel  : n=30
3 resdop  : n=30
3 resdop  : n=30
3 resdop  : n=30
3 pntpos  : tobs=2026/07/09 05:56:59.000 n=32
3 satposs : teph=2026/07/09 05:56:59.000 n=32 ephopt=0
3 no pseudorange 2026/07/09 05:56:59.000 sat=46
3 no pseudorange 2026/07/09 05:56:59.000 sat=61
3 no pseudorange 2026/07/09 05:56:59.000 sat=70
3 estpos  : n=32
3 resprng : n=32
3 resprng : n=32
3 resprng : n=32
3 resprng : n=32
3 valsol  : n=32 nv=17
3 estvel  : n=32
3 resdop  : n=32
3 resdop  : n=32
3 pntpos  : tobs=2026/07/09 05:57:00.000 n=31
3 satposs : teph=2026/07/09 05:57:00.000 n=31 ephopt=0
3 no pseudorange 2026/07/09 05:57:00.000 sat=46
3 no pseudorange 2026/07/09 05:57:00.000 sat=61
3 no pseudorange 2026/07/09 05:57:00.000 sat=70
3 estpos  : n=31
3 resprng : n=31
3 resprng : n=31
3 resprng : n=31
3 resprng : n=31
3 valsol  : n=31 nv=17
3 estvel  : n=31
3 resdop  : n=31
3 resdop  : n=31
3 pntpos  : tobs=2026/07/09 05:57:01.000 n=32
3 satposs : teph=2026/07/09 05:57:01.000 n=32 ephopt=0
3 no pseudorange 2026/07/09 05:57:01.000 sat=46
3 no pseudorange 2026/07/09 05:57:01.000 sat=61
3 no pseudorange 2026/07/09 05:57:01.000 sat=70
3 estpos  : n=32
3 resprng : n=32
3 resprng : n=32
3 resprng : n=32
3 resprng : n=32
3 valsol  : n=32 nv=17
3 estvel  : n=32
3 resdop  : n=32
3 resdop  : n=32
3 pntpos  : tobs=2026/07/09 05:57:02.000 n=30
3 satposs : teph=2026/07/09 05:57:02.000 n=30 ephopt=0
3 no pseudorange 2026/07/09 05:57:02.000 sat=61
3 no pseudorange 2026/07/09 05:57:02.000 sat=70
3 estpos  : n=30
3 resprng : n=30
3 resprng : n=30
3 resprng : n=30
3 resprng : n=30
3 valsol  : n=30 nv=17
3 estvel  : n=30
3 resdop  : n=30
3 resdop  : n=30
3 pntpos  : tobs=2026/07/09 05:57:03.000 n=31
3 satposs : teph=2026/07/09 05:57:03.000 n=31 ephopt=0
3 no pseudorange 2026/07/09 05:57:03.000 sat=46
3 no pseudorange 2026/07/09 05:57:03.000 sat=61
3 no pseudorange 2026/07/09 05:57:03.000 sat=70
3 estpos  : n=31
3 resprng : n=31
3 resprng : n=31
3 resprng : n=31
3 resprng : n=31
3 valsol  : n=31 nv=17
3 estvel  : n=31
3 resdop  : n=31
3 resdop  : n=31
3 pntpos  : tobs=2026/07/09 05:57:04.000 n=31
3 satposs : teph=2026/07/09 05:57:04.000 n=31 ephopt=0
3 no pseudorange 2026/07/09 05:57:04.000 sat=46
3 no pseudorange 2026/07/09 05:57:04.000 sat=61
3 no pseudorange 2026/07/09 05:57:04.000 sat=70
3 estpos  : n=31
3 resprng : n=31
3 resprng : n=31
3 resprng : n=31
3 resprng : n=31
3 valsol  : n=31 nv=17
3 estvel  : n=31
3 resdop  : n=31
3 resdop  : n=31
3 resdop  : n=31
3 pntpos  : tobs=2026/07/09 05:57:05.000 n=31
3 satposs : teph=2026/07/09 05:57:05.000 n=31 ephopt=0
3 no pseudorange 2026/07/09 05:57:05.000 sat=61
3 no pseudorange 2026/07/09 05:57:05.000 sat=70
3 estpos  : n=31
3 resprng : n=31
3 resprng : n=31
3 resprng : n=31
3 resprng : n=31
3 valsol  : n=31 nv=17
3 estvel  : n=31
3 resdop  : n=31
3 resdop  : n=31
3 pntpos  : tobs=2026/07/09 05:57:06.000 n=31
3 satposs : teph=2026/07/09 05:57:06.000 n=31 ephopt=0
3 no pseudorange 2026/07/09 05:57:06.000 sat=61
3 no pseudorange 2026/07/09 05:57:06.000 sat=70
3 estpos  : n=31
3 resprng : n=31
3 resprng : n=31
3 resprng : n=31
3 resprng : n=31
3 valsol  : n=31 nv=17
3 estvel  : n=31
3 resdop  : n=31
3 resdop  : n=31
3 resdop  : n=31
3 pntpos  : tobs=2026/07/09 05:57:07.000 n=30
3 satposs : teph=2026/07/09 05:57:07.000 n=30 ephopt=0
3 no pseudorange 2026/07/09 05:57:07.000 sat=61
3 no pseudorange 2026/07/09 05:57:07.000 sat=70
3 estpos  : n=30
3 resprng : n=30
3 resprng : n=30
3 resprng : n=30
3 resprng : n=30
3 valsol  : n=30 nv=17
3 estvel  : n=30
3 resdop  : n=30
3 resdop  : n=30
3 resdop  : n=30
3 pntpos  : tobs=2026/07/09 05:57:08.000 n=31
3 satposs : teph=2026/07/09 05:57:08.000 n=31 ephopt=0
3 no pseudorange 2026/07/09 05:57:08.000 sat=61
3 no pseudorange 2026/07/09 05:57:08.000 sat=70
3 estpos  : n=31
3 resprng : n=31
3 resprng : n=31
3 resprng : n=31
3 resprng : n=31
3 valsol  : n=31 nv=17
3 estvel  : n=31
3 resdop  : n=31
3 resdop  : n=31
3 resdop  : n=31
3 pntpos  : tobs=2026/07/09 05:57:09.000 n=31
3 satposs : teph=2026/07/09 05:57:09.000 n=31 ephopt=0
3 no pseudorange 2026/07/09 05:57:09.000 sat=61
3 no pseudorange 2026/07/09 05:57:09.000 sat=70
3 estpos  : n=31
3 resprng : n=31
3 resprng : n=31
3 resprng : n=31
3 resprng : n=31
3 valsol  : n=31 nv=17
3 estvel  : n=31
3 resdop  : n=31
3 resdop  : n=31
3 resdop  : n=31
3 pntpos  : tobs=2026/07/09 05:57:10.000 n=32
3 satposs : teph=2026/07/09 05:57:10.000 n=32 ephopt=0
3 no pseudorange 2026/07/09 05:57:10.000 sat=46
3 no pseudorange 2026/07/09 05:57:10.000 sat=61
3 no pseudorange 2026/07/09 05:57:10.000 sat=70
3 estpos  : n=32
3 resprng : n=32
3 resprng : n=32
3 resprng : n=32
3 resprng : n=32
3 valsol  : n=32 nv=17
3 estvel  : n=32
3 resdop  : n=32
3 resdop  : n=32
3 pntpos  : tobs=2026/07/09 05:57:11.000 n=31
3 satposs : teph=2026/07/09 05:57:11.000 n=31 ephopt=0
3 no pseudorange 2026/07/09 05:57:11.000 sat=61
3 no pseudorange 2026/07/09 05:57:11.000 sat=70
3 estpos  : n=31
3 resprng : n=31
3 resprng : n=31
3 resprng : n=31
3 resprng : n=31
3 valsol  : n=31 nv=17
3 estvel  : n=31
3 resdop  : n=31
3 resdop  : n=31
3 pntpos  : tobs=2026/07/09 05:57:12.000 n=32
3 satposs : teph=2026/07/09 05:57:12.000 n=32 ephopt=0
3 no pseudorange 2026/07/09 05:57:12.000 sat=46
3 no pseudorange 2026/07/09 05:57:12.000 sat=61
3 no pseudorange 2026/07/09 05:57:12.000 sat=70
3 estpos  : n=32
3 resprng : n=32
3 resprng : n=32
3 resprng : n=32
3 resprng : n=32
3 valsol  : n=32 nv=17
3 estvel  : n=32
3 resdop  : n=32
3 resdop  : n=32
3 resdop  : n=32
3 pntpos  : tobs=2026/07/09 05:57:13.000 n=32
3 satposs : teph=2026/07/09 05:57:13.000 n=32 ephopt=0
3 no pseudorange 2026/07/09 05:57:13.000 sat=46
3 no pseudorange 2026/07/09 05:57:13.000 sat=61
3 no pseudorange 2026/07/09 05:57:13.000 sat=70
3 estpos  : n=32
3 resprng : n=32
3 resprng : n=32
3 resprng : n=32
3 resprng : n=32
3 valsol  : n=32 nv=17
3 estvel  : n=32
3 resdop  : n=32
3 resdop  : n=32
3 resdop  : n=32
3 pntpos  : tobs=2026/07/09 05:57:14.000 n=32
3 satposs : teph=2026/07/09 05:57:14.000 n=32 ephopt=0
3 no pseudorange 2026/07/09 05:57:14.000 sat=46
3 no pseudorange 2026/07/09 05:57:14.000 sat=61
3 no pseudorange 2026/07/09 05:57:14.000 sat=70
3 estpos  : n=32
3 resprng : n=32
3 resprng : n=32
3 resprng : n=32
3 resprng : n=32
3 valsol  : n=32 nv=17
3 estvel  : n=32
3 resdop  : n=32
3 resdop  : n=32
3 resdop  : n=32
3 pntpos  : tobs=2026/07/09 05:57:15.000 n=30
3 satposs : teph=2026/07/09 05:57:15.000 n=30 ephopt=0
3 no pseudorange 2026/07/09 05:57:15.000 sat=61
3 estpos  : n=30
3 resprng : n=30
3 resprng : n=30
3 resprng : n=30
3 resprng : n=30
3 valsol  : n=30 nv=17
3 estvel  : n=30
3 resdop  : n=30
3 resdop  : n=30
3 pntpos  : tobs=2026/07/09 05:57:16.000 n=30
3 satposs : teph=2026/07/09 05:57:16.000 n=30 ephopt=0
3 no pseudorange 2026/07/09 05:57:16.000 sat=46
3 no pseudorange 2026/07/09 05:57:16.000 sat=61
3 no pseudorange 2026/07/09 05:57:16.000 sat=70
3 estpos  : n=30
3 resprng : n=30
3 resprng : n=30
3 resprng : n=30
3 resprng : n=30
3 valsol  : n=30 nv=17
3 estvel  : n=30
3 resdop  : n=30
3 resdop  : n=30
3 resdop  : n=30
3 pntpos  : tobs=2026/07/09 05:57:17.000 n=32
3 satposs : teph=2026/07/09 05:57:17.000 n=32 ephopt=0
3 no pseudorange 2026/07/09 05:57:17.000 sat=46
3 no pseudorange 2026/07/09 05:57:17.000 sat=61
3 no pseudorange 2026/07/09 05:57:17.000 sat=70
3 estpos  : n=32
3 resprng : n=32
3 resprng : n=32
3 resprng : n=32
3 resprng : n=32
3 valsol  : n=32 nv=17
3 estvel  : n=32
3 resdop  : n=32
3 resdop  : n=32
3 pntpos  : tobs=2026/07/09 05:57:18.000 n=31
3 satposs : teph=2026/07/09 05:57:18.000 n=31 ephopt=0
3 no pseudorange 2026/07/09 05:57:18.000 sat=61
3 no pseudorange 2026/07/09 05:57:18.000 sat=70
3 estpos  : n=31
3 resprng : n=31
3 resprng : n=31
3 resprng : n=31
3 resprng : n=31
3 valsol  : n=31 nv=17
3 estvel  : n=31
3 resdop  : n=31
3 resdop  : n=31
3 pntpos  : tobs=2026/07/09 05:57:19.000 n=30
3 satposs : teph=2026/07/09 05:57:19.000 n=30 ephopt=0
3 no pseudorange 2026/07/09 05:57:19.000 sat=46
3 no pseudorange 2026/07/09 05:57:19.000 sat=61
3 estpos  : n=30
3 resprng : n=30
3 resprng : n=30
3 resprng : n=30
3 resprng : n=30
3 valsol  : n=30 nv=17
3 estvel  : n=30
3 resdop  : n=30
3 resdop  : n=30
3 pntpos  : tobs=2026/07/09 05:57:20.000 n=32
3 satposs : teph=2026/07/09 05:57:20.000 n=32 ephopt=0
3 no pseudorange 2026/07/09 05:57:20.000 sat=46
3 no pseudorange 2026/07/09 05:57:20.000 sat=61
3 no pseudorange 2026/07/09 05:57:20.000 sat=70
3 estpos  : n=32
3 resprng : n=32
3 resprng : n=32
3 resprng : n=32
3 resprng : n=32
3 valsol  : n=32 nv=17
3 estvel  : n=32
3 resdop  : n=32
3 resdop  : n=32
3 resdop  : n=32
3 pntpos  : tobs=2026/07/09 05:57:21.000 n=32
3 satposs : teph=2026/07/09 05:57:21.000 n=32 ephopt=0
3 no pseudorange 2026/07/09 05:57:21.000 sat=46
3 no pseudorange 2026/07/09 05:57:21.000 sat=61
3 no pseudorange 2026/07/09 05:57:21.000 sat=70
3 estpos  : n=32
3 resprng : n=32
3 resprng : n=32
3 resprng : n=32
3 resprng : n=32
3 valsol  : n=32 nv=16
3 estvel  : n=32
3 resdop  : n=32
3 resdop  : n=32
3 resdop  : n=32
3 pntpos  : tobs=2026/07/09 05:57:22.000 n=30
3 satposs : teph=2026/07/09 05:57:22.000 n=30 ephopt=0
3 no pseudorange 2026/07/09 05:57:22.000 sat=46
3 no pseudorange 2026/07/09 05:57:22.000 sat=61
3 no pseudorange 2026/07/09 05:57:22.000 sat=70
3 estpos  : n=30
3 resprng : n=30
3 resprng : n=30
3 resprng : n=30
3 resprng : n=30
3 valsol  : n=30 nv=17
3 estvel  : n=30
3 resdop  : n=30
3 resdop  : n=30
3 resdop  : n=30
3 pntpos  : tobs=2026/07/09 05:57:23.000 n=30
3 satposs : teph=2026/07/09 05:57:23.000 n=30 ephopt=0
3 no pseudorange 2026/07/09 05:57:23.000 sat=46
3 no pseudorange 2026/07/09 05:57:23.000 sat=61
3 no pseudorange 2026/07/09 05:57:23.000 sat=70
3 estpos  : n=30
3 resprng : n=30
3 resprng : n=30
3 resprng : n=30
3 resprng : n=30
3 valsol  : n=30 nv=17
3 estvel  : n=30
3 resdop  : n=30
3 resdop  : n=30
3 resdop  : n=30
3 pntpos  : tobs=2026/07/09 05:57:24.000 n=30
3 satposs : teph=2026/07/09 05:57:24.000 n=30 ephopt=0
3 no pseudorange 2026/07/09 05:57:24.000 sat=46
3 no pseudorange 2026/07/09 05:57:24.000 sat=61
3 no pseudorange 2026/07/09 05:57:24.000 sat=70
3 estpos  : n=30
3 resprng : n=30
3 resprng : n=30
3 resprng : n=30
3 resprng : n=30
3 valsol  : n=30 nv=17
3 estvel  : n=30
3 resdop  : n=30
3 resdop  : n=30
3 pntpos  : tobs=2026/07/09 05:57:25.000 n=30
3 satposs : teph=2026/07/09 05:57:25.000 n=30 ephopt=0
3 no pseudorange 2026/07/09 05:57:25.000 sat=46
3 no pseudorange 2026/07/09 05:57:25.000 sat=61
3 no pseudorange 2026/07/09 05:57:25.000 sat=70
3 estpos  : n=30
3 resprng : n=30
3 resprng : n=30
3 resprng : n=30
3 resprng : n=30
3 valsol  : n=30 nv=17
3 estvel  : n=30
3 resdop  : n=30
3 resdop  : n=30
3 resdop  : n=30
3 pntpos  : tobs=2026/07/09 05:57:26.000 n=30
3 satposs : teph=2026/07/09 05:57:26.000 n=30 ephopt=0
3 no pseudorange 2026/07/09 05:57:26.000 sat=61
3 no pseudorange 2026/07/09 05:57:26.000 sat=70
3 estpos  : n=30
3 resprng : n=30
3 resprng : n=30
3 resprng : n=30
3 resprng : n=30
3 valsol  : n=30 nv=17
3 estvel  : n=30
3 resdop  : n=30
3 resdop  : n=30
3 pntpos  : tobs=2026/07/09 05:57:27.000 n=28
3 satposs : teph=2026/07/09 05:57:27.000 n=28 ephopt=0
3 no pseudorange 2026/07/09 05:57:27.000 sat=61
3 estpos  : n=28
3 resprng : n=28
3 resprng : n=28
3 resprng : n=28
3 resprng : n=28
3 valsol  : n=28 nv=17
3 estvel  : n=28
3 resdop  : n=28
3 resdop  : n=28
3 resdop  : n=28
3 pntpos  : tobs=2026/07/09 05:57:28.000 n=29
3 satposs : teph=2026/07/09 05:57:28.000 n=29 ephopt=0
3 no pseudorange 2026/07/09 05:57:28.000 sat=61
3 no pseudorange 2026/07/09 05:57:28.000 sat=70
3 estpos  : n=29
3 resprng : n=29
3 resprng : n=29
3 resprng : n=29
3 resprng : n=29
3 valsol  : n=29 nv=17
3 estvel  : n=29
3 resdop  : n=29
3 resdop  : n=29
3 resdop  : n=29
3 pntpos  : tobs=2026/07/09 05:57:29.000 n=28
3 satposs : teph=2026/07/09 05:57:29.000 n=28 ephopt=0
3 no pseudorange 2026/07/09 05:57:29.000 sat=61
3 estpos  : n=28
3 resprng : n=28
3 resprng : n=28
3 resprng : n=28
3 resprng : n=28
3 valsol  : n=28 nv=17
3 estvel  : n=28
3 resdop  : n=28
3 resdop  : n=28
3 resdop  : n=28
3 pntpos  : tobs=2026/07/09 05:57:30.000 n=30
3 satposs : teph=2026/07/09 05:57:30.000 n=30 ephopt=0
3 no pseudorange 2026/07/09 05:57:30.000 sat=61
3 no pseudorange 2026/07/09 05:57:30.000 sat=70
3 estpos  : n=30
3 resprng : n=30
3 resprng : n=30
3 resprng : n=30
3 resprng : n=30
3 valsol  : n=30 nv=17
3 estvel  : n=30
3 resdop  : n=30
3 resdop  : n=30
3 resdop  : n=30
3 pntpos  : tobs=2026/07/09 05:57:31.000 n=30
3 satposs : teph=2026/07/09 05:57:31.000 n=30 ephopt=0
3 no pseudorange 2026/07/09 05:57:31.000 sat=61
3 no pseudorange 2026/07/09 05:57:31.000 sat=70
3 estpos  : n=30
3 resprng : n=30
3 resprng : n=30
3 resprng : n=30
3 resprng : n=30
3 valsol  : n=30 nv=16
3 estvel  : n=30
3 resdop  : n=30
3 resdop  : n=30
3 resdop  : n=30
3 pntpos  : tobs=2026/07/09 05:57:32.000 n=29
3 satposs : teph=2026/07/09 05:57:32.000 n=29 ephopt=0
3 no pseudorange 2026/07/09 05:57:32.000 sat=70
3 estpos  : n=29
3 resprng : n=29
3 resprng : n=29
3 resprng : n=29
3 resprng : n=29
3 valsol  : n=29 nv=17
3 estvel  : n=29
3 resdop  : n=29
3 resdop  : n=29
3 resdop  : n=29
3 pntpos  : tobs=2026/07/09 05:57:33.000 n=29
3 satposs : teph=2026/07/09 05:57:33.000 n=29 ephopt=0
3 no pseudorange 2026/07/09 05:57:33.000 sat=70
3 estpos  : n=29
3 resprng : n=29
3 resprng : n=29
3 resprng : n=29
3 resprng : n=29
3 valsol  : n=29 nv=16
3 estvel  : n=29
3 resdop  : n=29
3 resdop  : n=29
3 resdop  : n=29
3 pntpos  : tobs=2026/07/09 05:57:34.000 n=29
3 satposs : teph=2026/07/09 05:57:34.000 n=29 ephopt=0
3 no pseudorange 2026/07/09 05:57:34.000 sat=70
3 estpos  : n=29
3 resprng : n=29
3 resprng : n=29
3 resprng : n=29
3 resprng : n=29
3 valsol  : n=29 nv=16
3 estvel  : n=29
3 resdop  : n=29
3 resdop  : n=29
3 resdop  : n=29
3 pntpos  : tobs=2026/07/09 05:57:35.000 n=30
3 satposs : teph=2026/07/09 05:57:35.000 n=30 ephopt=0
3 no pseudorange 2026/07/09 05:57:35.000 sat=61
3 no pseudorange 2026/07/09 05:57:35.000 sat=70
3 estpos  : n=30
3 resprng : n=30
3 resprng : n=30
3 resprng : n=30
3 resprng : n=30
3 valsol  : n=30 nv=17
3 estvel  : n=30
3 resdop  : n=30
3 resdop  : n=30
3 pntpos  : tobs=2026/07/09 05:57:36.000 n=29
3 satposs : teph=2026/07/09 05:57:36.000 n=29 ephopt=0
3 no pseudorange 2026/07/09 05:57:36.000 sat=61
3 no pseudorange 2026/07/09 05:57:36.000 sat=70
3 estpos  : n=29
3 resprng : n=29
3 resprng : n=29
3 resprng : n=29
3 resprng : n=29
3 valsol  : n=29 nv=17
3 estvel  : n=29
3 resdop  : n=29
3 resdop  : n=29
3 resdop  : n=29
3 pntpos  : tobs=2026/07/09 05:57:37.000 n=29
3 satposs : teph=2026/07/09 05:57:37.000 n=29 ephopt=0
3 no pseudorange 2026/07/09 05:57:37.000 sat=61
3 estpos  : n=29
3 resprng : n=29
3 resprng : n=29
3 resprng : n=29
3 resprng : n=29
3 valsol  : n=29 nv=16
3 estvel  : n=29
3 resdop  : n=29
3 resdop  : n=29
3 resdop  : n=29
3 pntpos  : tobs=2026/07/09 05:57:38.000 n=30
3 satposs : teph=2026/07/09 05:57:38.000 n=30 ephopt=0
3 no pseudorange 2026/07/09 05:57:38.000 sat=61
3 no pseudorange 2026/07/09 05:57:38.000 sat=70
3 estpos  : n=30
3 resprng : n=30
3 resprng : n=30
3 resprng : n=30
3 resprng : n=30
3 valsol  : n=30 nv=16
3 estvel  : n=30
3 resdop  : n=30
3 resdop  : n=30
3 resdop  : n=30
3 pntpos  : tobs=2026/07/09 05:57:39.000 n=30
3 satposs : teph=2026/07/09 05:57:39.000 n=30 ephopt=0
3 no pseudorange 2026/07/09 05:57:39.000 sat=61
3 no pseudorange 2026/07/09 05:57:39.000 sat=70
3 estpos  : n=30
3 resprng : n=30
3 resprng : n=30
3 resprng : n=30
3 resprng : n=30
3 valsol  : n=30 nv=16
3 estvel  : n=30
3 resdop  : n=30
3 resdop  : n=30
3 resdop  : n=30
3 pntpos  : tobs=2026/07/09 05:57:40.000 n=29
3 satposs : teph=2026/07/09 05:57:40.000 n=29 ephopt=0
3 no pseudorange 2026/07/09 05:57:40.000 sat=61
3 estpos  : n=29
3 resprng : n=29
3 resprng : n=29
3 resprng : n=29
3 resprng : n=29
3 valsol  : n=29 nv=16
3 estvel  : n=29
3 resdop  : n=29
3 resdop  : n=29
3 pntpos  : tobs=2026/07/09 05:57:41.000 n=29
3 satposs : teph=2026/07/09 05:57:41.000 n=29 ephopt=0
3 no pseudorange 2026/07/09 05:57:41.000 sat=70
3 estpos  : n=29
3 resprng : n=29
3 resprng : n=29
3 resprng : n=29
3 resprng : n=29
3 valsol  : n=29 nv=17
3 estvel  : n=29
3 resdop  : n=29
3 resdop  : n=29
3 pntpos  : tobs=2026/07/09 05:57:42.000 n=31
3 satposs : teph=2026/07/09 05:57:42.000 n=31 ephopt=0
3 no pseudorange 2026/07/09 05:57:42.000 sat=61
3 no pseudorange 2026/07/09 05:57:42.000 sat=70
3 estpos  : n=31
3 resprng : n=31
3 resprng : n=31
3 resprng : n=31
3 resprng : n=31
3 valsol  : n=31 nv=17
3 estvel  : n=31
3 resdop  : n=31
3 resdop  : n=31
3 pntpos  : tobs=2026/07/09 05:57:43.000 n=29
3 satposs : teph=2026/07/09 05:57:43.000 n=29 ephopt=0
3 no pseudorange 2026/07/09 05:57:43.000 sat=61
3 estpos  : n=29
3 resprng : n=29
3 resprng : n=29
3 resprng : n=29
3 resprng : n=29
3 valsol  : n=29 nv=17
3 estvel  : n=29
3 resdop  : n=29
3 resdop  : n=29
3 resdop  : n=29
3 pntpos  : tobs=2026/07/09 05:57:44.000 n=28
3 satposs : teph=2026/07/09 05:57:44.000 n=28 ephopt=0
3 estpos  : n=28
3 resprng : n=28
3 resprng : n=28
3 resprng : n=28
3 resprng : n=28
3 valsol  : n=28 nv=17
3 estvel  : n=28
3 resdop  : n=28
3 resdop  : n=28
3 pntpos  : tobs=2026/07/09 05:57:45.000 n=31
3 satposs : teph=2026/07/09 05:57:45.000 n=31 ephopt=0
3 no pseudorange 2026/07/09 05:57:45.000 sat=61
3 no pseudorange 2026/07/09 05:57:45.000 sat=70
3 estpos  : n=31
3 resprng : n=31
3 resprng : n=31
3 resprng : n=31
3 resprng : n=31
3 valsol  : n=31 nv=16
3 estvel  : n=31
3 resdop  : n=31
3 resdop  : n=31
3 resdop  : n=31
3 pntpos  : tobs=2026/07/09 05:57:46.000 n=30
3 satposs : teph=2026/07/09 05:57:46.000 n=30 ephopt=0
3 no pseudorange 2026/07/09 05:57:46.000 sat=61
3 no pseudorange 2026/07/09 05:57:46.000 sat=70
3 estpos  : n=30
3 resprng : n=30
3 resprng : n=30
3 resprng : n=30
3 resprng : n=30
3 valsol  : n=30 nv=17
3 estvel  : n=30
3 resdop  : n=30
3 resdop  : n=30
3 resdop  : n=30
3 pntpos  : tobs=2026/07/09 05:57:47.000 n=28
3 satposs : teph=2026/07/09 05:57:47.000 n=28 ephopt=0
3 no pseudorange 2026/07/09 05:57:47.000 sat=61
3 estpos  : n=28
3 resprng : n=28
3 resprng : n=28
3 resprng : n=28
3 resprng : n=28
3 valsol  : n=28 nv=17
3 estvel  : n=28
3 resdop  : n=28
3 resdop  : n=28
3 resdop  : n=28
3 pntpos  : tobs=2026/07/09 05:57:48.000 n=31
3 satposs : teph=2026/07/09 05:57:48.000 n=31 ephopt=0
3 no pseudorange 2026/07/09 05:57:48.000 sat=46
3 no pseudorange 2026/07/09 05:57:48.000 sat=61
3 estpos  : n=31
3 resprng : n=31
3 resprng : n=31
3 resprng : n=31
3 resprng : n=31
3 valsol  : n=31 nv=17
3 estvel  : n=31
3 resdop  : n=31
3 resdop  : n=31
3 resdop  : n=31
3 pntpos  : tobs=2026/07/09 05:57:49.000 n=32
3 satposs : teph=2026/07/09 05:57:49.000 n=32 ephopt=0
3 no pseudorange 2026/07/09 05:57:49.000 sat=61
3 no pseudorange 2026/07/09 05:57:49.000 sat=70
3 estpos  : n=32
3 resprng : n=32
3 resprng : n=32
3 resprng : n=32
3 resprng : n=32
3 valsol  : n=32 nv=17
3 estvel  : n=32
3 resdop  : n=32
3 resdop  : n=32
3 resdop  : n=32
3 pntpos  : tobs=2026/07/09 05:57:50.000 n=30
3 satposs : teph=2026/07/09 05:57:50.000 n=30 ephopt=0
3 no pseudorange 2026/07/09 05:57:50.000 sat=46
3 no pseudorange 2026/07/09 05:57:50.000 sat=61
3 estpos  : n=30
3 resprng : n=30
3 resprng : n=30
3 resprng : n=30
3 resprng : n=30
3 valsol  : n=30 nv=17
3 estvel  : n=30
3 resdop  : n=30
3 resdop  : n=30
3 pntpos  : tobs=2026/07/09 05:57:51.000 n=31
3 satposs : teph=2026/07/09 05:57:51.000 n=31 ephopt=0
3 no pseudorange 2026/07/09 05:57:51.000 sat=61
3 no pseudorange 2026/07/09 05:57:51.000 sat=70
3 estpos  : n=31
3 resprng : n=31
3 resprng : n=31
3 resprng : n=31
3 resprng : n=31
3 valsol  : n=31 nv=17
3 estvel  : n=31
3 resdop  : n=31
3 resdop  : n=31
3 resdop  : n=31
3 pntpos  : tobs=2026/07/09 05:57:52.000 n=32
3 satposs : teph=2026/07/09 05:57:52.000 n=32 ephopt=0
3 no pseudorange 2026/07/09 05:57:52.000 sat=61
3 no pseudorange 2026/07/09 05:57:52.000 sat=70
3 estpos  : n=32
3 resprng : n=32
3 resprng : n=32
3 resprng : n=32
3 resprng : n=32
3 valsol  : n=32 nv=17
3 estvel  : n=32
3 resdop  : n=32
3 resdop  : n=32
3 resdop  : n=32
3 pntpos  : tobs=2026/07/09 05:57:53.000 n=30
3 satposs : teph=2026/07/09 05:57:53.000 n=30 ephopt=0
3 no pseudorange 2026/07/09 05:57:53.000 sat=61
3 no pseudorange 2026/07/09 05:57:53.000 sat=70
3 estpos  : n=30
3 resprng : n=30
3 resprng : n=30
3 resprng : n=30
3 resprng : n=30
3 valsol  : n=30 nv=17
3 estvel  : n=30
3 resdop  : n=30
3 resdop  : n=30
3 pntpos  : tobs=2026/07/09 05:57:54.000 n=31
3 satposs : teph=2026/07/09 05:57:54.000 n=31 ephopt=0
3 no pseudorange 2026/07/09 05:57:54.000 sat=46
3 no pseudorange 2026/07/09 05:57:54.000 sat=70
3 estpos  : n=31
3 resprng : n=31
3 resprng : n=31
3 resprng : n=31
3 resprng : n=31
3 valsol  : n=31 nv=17
3 estvel  : n=31
3 resdop  : n=31
3 resdop  : n=31
3 resdop  : n=31
3 pntpos  : tobs=2026/07/09 05:57:55.000 n=30
3 satposs : teph=2026/07/09 05:57:55.000 n=30 ephopt=0
3 no pseudorange 2026/07/09 05:57:55.000 sat=46
3 no pseudorange 2026/07/09 05:57:55.000 sat=70
3 estpos  : n=30
3 resprng : n=30
3 resprng : n=30
3 resprng : n=30
3 resprng : n=30
3 valsol  : n=30 nv=16
3 estvel  : n=30
3 resdop  : n=30
3 resdop  : n=30
3 resdop  : n=30
3 pntpos  : tobs=2026/07/09 05:57:56.000 n=32
3 satposs : teph=2026/07/09 05:57:56.000 n=32 ephopt=0
3 no pseudorange 2026/07/09 05:57:56.000 sat=46
3 no pseudorange 2026/07/09 05:57:56.000 sat=70
3 estpos  : n=32
3 resprng : n=32
3 resprng : n=32
3 resprng : n=32
3 resprng : n=32
3 valsol  : n=32 nv=16
3 estvel  : n=32
3 resdop  : n=32
3 resdop  : n=32
3 resdop  : n=32
3 pntpos  : tobs=2026/07/09 05:57:57.000 n=32
3 satposs : teph=2026/07/09 05:57:57.000 n=32 ephopt=0
3 no pseudorange 2026/07/09 05:57:57.000 sat=46
3 no pseudorange 2026/07/09 05:57:57.000 sat=70
3 estpos  : n=32
3 resprng : n=32
3 resprng : n=32
3 resprng : n=32
3 resprng : n=32
3 valsol  : n=32 nv=17
3 pntpos  : tobs=2026/07/09 05:57:58.000 n=31
3 satposs : teph=2026/07/09 05:57:58.000 n=31 ephopt=0
3 no pseudorange 2026/07/09 05:57:58.000 sat=46
3 no pseudorange 2026/07/09 05:57:58.000 sat=61
3 no pseudorange 2026/07/09 05:57:58.000 sat=70
3 estpos  : n=31
3 resprng : n=31
3 resprng : n=31
3 resprng : n=31
3 resprng : n=31
3 valsol  : n=31 nv=17
3 pntpos  : tobs=2026/07/09 05:57:59.000 n=31
3 satposs : teph=2026/07/09 05:57:59.000 n=31 ephopt=0
3 no pseudorange 2026/07/09 05:57:59.000 sat=46
3 no pseudorange 2026/07/09 05:57:59.000 sat=70
3 estpos  : n=31
3 resprng : n=31
3 resprng : n=31
3 resprng : n=31
3 resprng : n=31
3 valsol  : n=31 nv=17
3 pntpos  : tobs=2026/07/09 05:58:00.000 n=33
3 satposs : teph=2026/07/09 05:58:00.000 n=33 ephopt=0
3 no pseudorange 2026/07/09 05:58:00.000 sat=46
3 no pseudorange 2026/07/09 05:58:00.000 sat=70
3 estpos  : n=33
3 resprng : n=33
3 resprng : n=33
3 resprng : n=33
3 resprng : n=33
3 valsol  : n=33 nv=17
3 pntpos  : tobs=2026/07/09 05:58:01.000 n=32
3 satposs : teph=2026/07/09 05:58:01.000 n=32 ephopt=0
3 no pseudorange 2026/07/09 05:58:01.000 sat=46
3 no pseudorange 2026/07/09 05:58:01.000 sat=70
3 estpos  : n=32
3 resprng : n=32
3 resprng : n=32
3 resprng : n=32
3 resprng : n=32
3 valsol  : n=32 nv=17
3 pntpos  : tobs=2026/07/09 05:58:02.000 n=33
3 satposs : teph=2026/07/09 05:58:02.000 n=33 ephopt=0
3 no pseudorange 2026/07/09 05:58:02.000 sat=46
3 no pseudorange 2026/07/09 05:58:02.000 sat=70
3 estpos  : n=33
3 resprng : n=33
3 resprng : n=33
3 resprng : n=33
3 resprng : n=33
3 valsol  : n=33 nv=16
3 estvel  : n=33
3 resdop  : n=33
3 resdop  : n=33
3 resdop  : n=33
3 pntpos  : tobs=2026/07/09 05:58:03.000 n=34
3 satposs : teph=2026/07/09 05:58:03.000 n=34 ephopt=0
3 no pseudorange 2026/07/09 05:58:03.000 sat=46
3 no pseudorange 2026/07/09 05:58:03.000 sat=70
3 estpos  : n=34
3 resprng : n=34
3 resprng : n=34
3 resprng : n=34
3 resprng : n=34
3 valsol  : n=34 nv=17
3 pntpos  : tobs=2026/07/09 05:58:04.000 n=32
3 satposs : teph=2026/07/09 05:58:04.000 n=32 ephopt=0
3 no pseudorange 2026/07/09 05:58:04.000 sat=46
3 estpos  : n=32
3 resprng : n=32
3 resprng : n=32
3 resprng : n=32
3 resprng : n=32
3 valsol  : n=32 nv=17
3 pntpos  : tobs=2026/07/09 05:58:05.000 n=33
3 satposs : teph=2026/07/09 05:58:05.000 n=33 ephopt=0
3 no pseudorange 2026/07/09 05:58:05.000 sat=46
3 no pseudorange 2026/07/09 05:58:05.000 sat=70
3 estpos  : n=33
3 resprng : n=33
3 resprng : n=33
3 resprng : n=33
3 resprng : n=33
3 valsol  : n=33 nv=17
3 pntpos  : tobs=2026/07/09 05:58:06.000 n=34
3 satposs : teph=2026/07/09 05:58:06.000 n=34 ephopt=0
3 no pseudorange 2026/07/09 05:58:06.000 sat=46
3 no pseudorange 2026/07/09 05:58:06.000 sat=70
3 estpos  : n=34
3 resprng : n=34
3 resprng : n=34
3 resprng : n=34
3 resprng : n=34
3 valsol  : n=34 nv=17
3 pntpos  : tobs=2026/07/09 05:58:07.000 n=31
3 satposs : teph=2026/07/09 05:58:07.000 n=31 ephopt=0
3 no pseudorange 2026/07/09 05:58:07.000 sat=46
3 estpos  : n=31
3 resprng : n=31
3 resprng : n=31
3 resprng : n=31
3 resprng : n=31
3 valsol  : n=31 nv=17
3 pntpos  : tobs=2026/07/09 05:58:08.000 n=32
3 satposs : teph=2026/07/09 05:58:08.000 n=32 ephopt=0
3 no pseudorange 2026/07/09 05:58:08.000 sat=46
3 no pseudorange 2026/07/09 05:58:08.000 sat=70
3 estpos  : n=32
3 resprng : n=32
3 resprng : n=32
3 resprng : n=32
3 resprng : n=32
3 valsol  : n=32 nv=17
3 pntpos  : tobs=2026/07/09 05:58:09.000 n=35
3 satposs : teph=2026/07/09 05:58:09.000 n=35 ephopt=0
3 no pseudorange 2026/07/09 05:58:09.000 sat=46
3 no pseudorange 2026/07/09 05:58:09.000 sat=70
3 estpos  : n=35
3 resprng : n=35
3 resprng : n=35
3 resprng : n=35
3 resprng : n=35
3 valsol  : n=35 nv=17
3 pntpos  : tobs=2026/07/09 05:58:10.000 n=33
3 satposs : teph=2026/07/09 05:58:10.000 n=33 ephopt=0
3 no pseudorange 2026/07/09 05:58:10.000 sat=70
3 estpos  : n=33
3 resprng : n=33
3 resprng : n=33
3 resprng : n=33
3 resprng : n=33
3 valsol  : n=33 nv=17
3 estvel  : n=33
3 resdop  : n=33
3 resdop  : n=33
3 pntpos  : tobs=2026/07/09 05:58:11.000 n=34
3 satposs : teph=2026/07/09 05:58:11.000 n=34 ephopt=0
3 no pseudorange 2026/07/09 05:58:11.000 sat=46
3 no pseudorange 2026/07/09 05:58:11.000 sat=61
3 no pseudorange 2026/07/09 05:58:11.000 sat=70
3 estpos  : n=34
3 resprng : n=34
3 resprng : n=34
3 resprng : n=34
3 resprng : n=34
3 valsol  : n=34 nv=17
3 estvel  : n=34
3 resdop  : n=34
3 resdop  : n=34
3 pntpos  : tobs=2026/07/09 05:58:12.000 n=33
3 satposs : teph=2026/07/09 05:58:12.000 n=33 ephopt=0
3 no pseudorange 2026/07/09 05:58:12.000 sat=61
3 estpos  : n=33
3 resprng : n=33
3 resprng : n=33
3 resprng : n=33
3 resprng : n=33
3 valsol  : n=33 nv=17
3 estvel  : n=33
3 resdop  : n=33
3 resdop  : n=33
3 pntpos  : tobs=2026/07/09 05:58:13.000 n=32
3 satposs : teph=2026/07/09 05:58:13.000 n=32 ephopt=0
3 no pseudorange 2026/07/09 05:58:13.000 sat=46
3 no pseudorange 2026/07/09 05:58:13.000 sat=61
3 estpos  : n=32
3 resprng : n=32
3 resprng : n=32
3 resprng : n=32
3 resprng : n=32
3 valsol  : n=32 nv=17
3 estvel  : n=32
3 resdop  : n=32
3 resdop  : n=32
3 resdop  : n=32
3 pntpos  : tobs=2026/07/09 05:58:14.000 n=34
3 satposs : teph=2026/07/09 05:58:14.000 n=34 ephopt=0
3 no pseudorange 2026/07/09 05:58:14.000 sat=46
3 no pseudorange 2026/07/09 05:58:14.000 sat=61
3 no pseudorange 2026/07/09 05:58:14.000 sat=70
3 estpos  : n=34
3 resprng : n=34
3 resprng : n=34
3 resprng : n=34
3 resprng : n=34
3 valsol  : n=34 nv=17
3 estvel  : n=34
3 resdop  : n=34
3 resdop  : n=34
3 resdop  : n=34
3 pntpos  : tobs=2026/07/09 05:58:15.000 n=33
3 satposs : teph=2026/07/09 05:58:15.000 n=33 ephopt=0
3 no pseudorange 2026/07/09 05:58:15.000 sat=46
3 no pseudorange 2026/07/09 05:58:15.000 sat=61
3 no pseudorange 2026/07/09 05:58:15.000 sat=70
3 estpos  : n=33
3 resprng : n=33
3 resprng : n=33
3 resprng : n=33
3 resprng : n=33
3 valsol  : n=33 nv=16
3 estvel  : n=33
3 resdop  : n=33
3 resdop  : n=33
3 resdop  : n=33
3 pntpos  : tobs=2026/07/09 05:58:16.000 n=32
3 satposs : teph=2026/07/09 05:58:16.000 n=32 ephopt=0
3 no pseudorange 2026/07/09 05:58:16.000 sat=61
3 no pseudorange 2026/07/09 05:58:16.000 sat=70
3 estpos  : n=32
3 resprng : n=32
3 resprng : n=32
3 resprng : n=32
3 resprng : n=32
3 valsol  : n=32 nv=17
3 estvel  : n=32
3 resdop  : n=32
3 resdop  : n=32
3 resdop  : n=32
3 pntpos  : tobs=2026/07/09 05:58:17.000 n=32
3 satposs : teph=2026/07/09 05:58:17.000 n=32 ephopt=0
3 no pseudorange 2026/07/09 05:58:17.000 sat=61
3 no pseudorange 2026/07/09 05:58:17.000 sat=70
3 estpos  : n=32
3 resprng : n=32
3 resprng : n=32
3 resprng : n=32
3 resprng : n=32
3 valsol  : n=32 nv=17
3 estvel  : n=32
3 resdop  : n=32
3 resdop  : n=32
3 pntpos  : tobs=2026/07/09 05:58:18.000 n=34
3 satposs : teph=2026/07/09 05:58:18.000 n=34 ephopt=0
3 no pseudorange 2026/07/09 05:58:18.000 sat=46
3 no pseudorange 2026/07/09 05:58:18.000 sat=61
3 no pseudorange 2026/07/09 05:58:18.000 sat=70
3 estpos  : n=34
3 resprng : n=34
3 resprng : n=34
3 resprng : n=34
3 resprng : n=34
3 valsol  : n=34 nv=17
3 estvel  : n=34
3 resdop  : n=34
3 resdop  : n=34
3 resdop  : n=34
3 pntpos  : tobs=2026/07/09 05:58:19.000 n=32
3 satposs : teph=2026/07/09 05:58:19.000 n=32 ephopt=0
3 no pseudorange 2026/07/09 05:58:19.000 sat=61
3 no pseudorange 2026/07/09 05:58:19.000 sat=70
3 estpos  : n=32
3 resprng : n=32
3 resprng : n=32
3 resprng : n=32
3 resprng : n=32
3 valsol  : n=32 nv=17
3 estvel  : n=32
3 resdop  : n=32
3 resdop  : n=32
3 pntpos  : tobs=2026/07/09 05:58:20.000 n=33
3 satposs : teph=2026/07/09 05:58:20.000 n=33 ephopt=0
3 no pseudorange 2026/07/09 05:58:20.000 sat=46
3 no pseudorange 2026/07/09 05:58:20.000 sat=61
3 no pseudorange 2026/07/09 05:58:20.000 sat=70
3 estpos  : n=33
3 resprng : n=33
3 resprng : n=33
3 resprng : n=33
3 resprng : n=33
3 valsol  : n=33 nv=17
3 estvel  : n=33
3 resdop  : n=33
3 resdop  : n=33
3 pntpos  : tobs=2026/07/09 05:58:21.000 n=32
3 satposs : teph=2026/07/09 05:58:21.000 n=32 ephopt=0
3 no pseudorange 2026/07/09 05:58:21.000 sat=46
3 no pseudorange 2026/07/09 05:58:21.000 sat=70
3 estpos  : n=32
3 resprng : n=32
3 resprng : n=32
3 resprng : n=32
3 resprng : n=32
3 valsol  : n=32 nv=17
3 estvel  : n=32
3 resdop  : n=32
3 resdop  : n=32
3 resdop  : n=32
3 pntpos  : tobs=2026/07/09 05:58:22.000 n=33
3 satposs : teph=2026/07/09 05:58:22.000 n=33 ephopt=0
3 no pseudorange 2026/07/09 05:58:22.000 sat=46
3 no pseudorange 2026/07/09 05:58:22.000 sat=61
3 no pseudorange 2026/07/09 05:58:22.000 sat=70
3 estpos  : n=33
3 resprng : n=33
3 resprng : n=33
3 resprng : n=33
3 resprng : n=33
3 valsol  : n=33 nv=17
3 estvel  : n=33
3 resdop  : n=33
3 resdop  : n=33
3 pntpos  : tobs=2026/07/09 05:58:23.000 n=33
3 satposs : teph=2026/07/09 05:58:23.000 n=33 ephopt=0
3 no pseudorange 2026/07/09 05:58:23.000 sat=46
3 no pseudorange 2026/07/09 05:58:23.000 sat=61
3 no pseudorange 2026/07/09 05:58:23.000 sat=70
3 estpos  : n=33
3 resprng : n=33
3 resprng : n=33
3 resprng : n=33
3 resprng : n=33
3 valsol  : n=33 nv=17
3 estvel  : n=33
3 resdop  : n=33
3 resdop  : n=33
3 resdop  : n=33
3 pntpos  : tobs=2026/07/09 05:58:24.000 n=34
3 satposs : teph=2026/07/09 05:58:24.000 n=34 ephopt=0
3 no pseudorange 2026/07/09 05:58:24.000 sat=46
3 no pseudorange 2026/07/09 05:58:24.000 sat=61
3 no pseudorange 2026/07/09 05:58:24.000 sat=70
3 estpos  : n=34
3 resprng : n=34
3 resprng : n=34
3 resprng : n=34
3 resprng : n=34
3 valsol  : n=34 nv=17
3 estvel  : n=34
3 resdop  : n=34
3 resdop  : n=34
3 resdop  : n=34
3 pntpos  : tobs=2026/07/09 05:58:25.000 n=31
3 satposs : teph=2026/07/09 05:58:25.000 n=31 ephopt=0
3 no pseudorange 2026/07/09 05:58:25.000 sat=46
3 no pseudorange 2026/07/09 05:58:25.000 sat=61
3 estpos  : n=31
3 resprng : n=31
3 resprng : n=31
3 resprng : n=31
3 resprng : n=31
3 valsol  : n=31 nv=17
3 estvel  : n=31
3 resdop  : n=31
3 resdop  : n=31
3 pntpos  : tobs=2026/07/09 05:58:26.000 n=32
3 satposs : teph=2026/07/09 05:58:26.000 n=32 ephopt=0
3 no pseudorange 2026/07/09 05:58:26.000 sat=61
3 estpos  : n=32
3 resprng : n=32
3 resprng : n=32
3 resprng : n=32
3 resprng : n=32
3 valsol  : n=32 nv=17
3 estvel  : n=32
3 resdop  : n=32
3 resdop  : n=32
3 pntpos  : tobs=2026/07/09 05:58:27.000 n=31
3 satposs : teph=2026/07/09 05:58:27.000 n=31 ephopt=0
3 no pseudorange 2026/07/09 05:58:27.000 sat=46
3 no pseudorange 2026/07/09 05:58:27.000 sat=61
3 no pseudorange 2026/07/09 05:58:27.000 sat=70
3 estpos  : n=31
3 resprng : n=31
3 resprng : n=31
3 resprng : n=31
3 resprng : n=31
3 valsol  : n=31 nv=17
3 estvel  : n=31
3 resdop  : n=31
3 resdop  : n=31
3 pntpos  : tobs=2026/07/09 05:58:28.000 n=32
3 satposs : teph=2026/07/09 05:58:28.000 n=32 ephopt=0
3 no pseudorange 2026/07/09 05:58:28.000 sat=46
3 no pseudorange 2026/07/09 05:58:28.000 sat=61
3 no pseudorange 2026/07/09 05:58:28.000 sat=70
3 estpos  : n=32
3 resprng : n=32
3 resprng : n=32
3 resprng : n=32
3 resprng : n=32
3 valsol  : n=32 nv=17
3 estvel  : n=32
3 resdop  : n=32
3 resdop  : n=32
3 resdop  : n=32
3 pntpos  : tobs=2026/07/09 05:58:29.000 n=34
3 satposs : teph=2026/07/09 05:58:29.000 n=34 ephopt=0
3 no pseudorange 2026/07/09 05:58:29.000 sat=46
3 no pseudorange 2026/07/09 05:58:29.000 sat=61
3 no pseudorange 2026/07/09 05:58:29.000 sat=70
3 estpos  : n=34
3 resprng : n=34
3 resprng : n=34
3 resprng : n=34
3 resprng : n=34
3 valsol  : n=34 nv=17
3 estvel  : n=34
3 resdop  : n=34
3 resdop  : n=34
3 pntpos  : tobs=2026/07/09 05:58:30.000 n=34
3 satposs : teph=2026/07/09 05:58:30.000 n=34 ephopt=0
3 no pseudorange 2026/07/09 05:58:30.000 sat=46
3 no pseudorange 2026/07/09 05:58:30.000 sat=61
3 no pseudorange 2026/07/09 05:58:30.000 sat=70
3 estpos  : n=34
3 resprng : n=34
3 resprng : n=34
3 resprng : n=34
3 resprng : n=34
3 valsol  : n=34 nv=17
3 estvel  : n=34
3 resdop  : n=34
3 resdop  : n=34
3 resdop  : n=34
3 pntpos  : tobs=2026/07/09 05:58:31.000 n=34
3 satposs : teph=2026/07/09 05:58:31.000 n=34 ephopt=0
3 no pseudorange 2026/07/09 05:58:31.000 sat=46
3 no pseudorange 2026/07/09 05:58:31.000 sat=61
3 no pseudorange 2026/07/09 05:58:31.000 sat=70
3 estpos  : n=34
3 resprng : n=34
3 resprng : n=34
3 resprng : n=34
3 resprng : n=34
3 valsol  : n=34 nv=17
3 estvel  : n=34
3 resdop  : n=34
3 resdop  : n=34
3 pntpos  : tobs=2026/07/09 05:58:32.000 n=32
3 satposs : teph=2026/07/09 05:58:32.000 n=32 ephopt=0
3 no pseudorange 2026/07/09 05:58:32.000 sat=46
3 no pseudorange 2026/07/09 05:58:32.000 sat=61
3 no pseudorange 2026/07/09 05:58:32.000 sat=70
3 estpos  : n=32
3 resprng : n=32
3 resprng : n=32
3 resprng : n=32
3 resprng : n=32
3 valsol  : n=32 nv=17
3 estvel  : n=32
3 resdop  : n=32
3 resdop  : n=32
3 pntpos  : tobs=2026/07/09 05:58:33.000 n=34
3 satposs : teph=2026/07/09 05:58:33.000 n=34 ephopt=0
3 no pseudorange 2026/07/09 05:58:33.000 sat=46
3 no pseudorange 2026/07/09 05:58:33.000 sat=61
3 no pseudorange 2026/07/09 05:58:33.000 sat=70
3 estpos  : n=34
3 resprng : n=34
3 resprng : n=34
3 resprng : n=34
3 resprng : n=34
3 valsol  : n=34 nv=17
3 estvel  : n=34
3 resdop  : n=34
3 resdop  : n=34
3 pntpos  : tobs=2026/07/09 05:58:34.000 n=32
3 satposs : teph=2026/07/09 05:58:34.000 n=32 ephopt=0
3 no pseudorange 2026/07/09 05:58:34.000 sat=46
3 no pseudorange 2026/07/09 05:58:34.000 sat=61
3 estpos  : n=32
3 resprng : n=32
3 resprng : n=32
3 resprng : n=32
3 resprng : n=32
3 valsol  : n=32 nv=17
3 estvel  : n=32
3 resdop  : n=32
3 resdop  : n=32
3 pntpos  : tobs=2026/07/09 05:58:35.000 n=33
3 satposs : teph=2026/07/09 05:58:35.000 n=33 ephopt=0
3 no pseudorange 2026/07/09 05:58:35.000 sat=46
3 no pseudorange 2026/07/09 05:58:35.000 sat=61
3 no pseudorange 2026/07/09 05:58:35.000 sat=70
3 estpos  : n=33
3 resprng : n=33
3 resprng : n=33
3 resprng : n=33
3 resprng : n=33
3 valsol  : n=33 nv=17
3 estvel  : n=33
3 resdop  : n=33
3 resdop  : n=33
3 pntpos  : tobs=2026/07/09 05:58:36.000 n=32
3 satposs : teph=2026/07/09 05:58:36.000 n=32 ephopt=0
3 no pseudorange 2026/07/09 05:58:36.000 sat=46
3 no pseudorange 2026/07/09 05:58:36.000 sat=61
3 estpos  : n=32
3 resprng : n=32
3 resprng : n=32
3 resprng : n=32
3 resprng : n=32
3 valsol  : n=32 nv=17
3 estvel  : n=32
3 resdop  : n=32
3 resdop  : n=32
3 pntpos  : tobs=2026/07/09 05:58:37.000 n=33
3 satposs : teph=2026/07/09 05:58:37.000 n=33 ephopt=0
3 no pseudorange 2026/07/09 05:58:37.000 sat=46
3 no pseudorange 2026/07/09 05:58:37.000 sat=61
3 no pseudorange 2026/07/09 05:58:37.000 sat=70
3 estpos  : n=33
3 resprng : n=33
3 resprng : n=33
3 resprng : n=33
3 resprng : n=33
3 valsol  : n=33 nv=17
3 estvel  : n=33
3 resdop  : n=33
3 resdop  : n=33
3 pntpos  : tobs=2026/07/09 05:58:38.000 n=33
3 satposs : teph=2026/07/09 05:58:38.000 n=33 ephopt=0
3 no pseudorange 2026/07/09 05:58:38.000 sat=46
3 no pseudorange 2026/07/09 05:58:38.000 sat=61
3 no pseudorange 2026/07/09 05:58:38.000 sat=70
3 estpos  : n=33
3 resprng : n=33
3 resprng : n=33
3 resprng : n=33
3 resprng : n=33
3 valsol  : n=33 nv=17
3 estvel  : n=33
3 resdop  : n=33
3 resdop  : n=33
3 pntpos  : tobs=2026/07/09 05:58:39.000 n=31
3 satposs : teph=2026/07/09 05:58:39.000 n=31 ephopt=0
3 no pseudorange 2026/07/09 05:58:39.000 sat=61
3 no pseudorange 2026/07/09 05:58:39.000 sat=70
3 estpos  : n=31
3 resprng : n=31
3 resprng : n=31
3 resprng : n=31
3 resprng : n=31
3 valsol  : n=31 nv=17
3 estvel  : n=31
3 resdop  : n=31
3 resdop  : n=31
3 pntpos  : tobs=2026/07/09 05:58:40.000 n=32
3 satposs : teph=2026/07/09 05:58:40.000 n=32 ephopt=0
3 no pseudorange 2026/07/09 05:58:40.000 sat=61
3 no pseudorange 2026/07/09 05:58:40.000 sat=70
3 estpos  : n=32
3 resprng : n=32
3 resprng : n=32
3 resprng : n=32
3 resprng : n=32
3 valsol  : n=32 nv=17
3 estvel  : n=32
3 resdop  : n=32
3 resdop  : n=32
3 resdop  : n=32
3 pntpos  : tobs=2026/07/09 05:58:41.000 n=32
3 satposs : teph=2026/07/09 05:58:41.000 n=32 ephopt=0
3 no pseudorange 2026/07/09 05:58:41.000 sat=61
3 no pseudorange 2026/07/09 05:58:41.000 sat=70
3 estpos  : n=32
3 resprng : n=32
3 resprng : n=32
3 resprng : n=32
3 resprng : n=32
3 valsol  : n=32 nv=17
3 estvel  : n=32
3 resdop  : n=32
3 resdop  : n=32
3 pntpos  : tobs=2026/07/09 05:58:42.000 n=30
3 satposs : teph=2026/07/09 05:58:42.000 n=30 ephopt=0
3 no pseudorange 2026/07/09 05:58:42.000 sat=61
3 no pseudorange 2026/07/09 05:58:42.000 sat=70
3 estpos  : n=30
3 resprng : n=30
3 resprng : n=30
3 resprng : n=30
3 resprng : n=30
3 valsol  : n=30 nv=17
3 estvel  : n=30
3 resdop  : n=30
3 resdop  : n=30
3 pntpos  : tobs=2026/07/09 05:58:43.000 n=32
3 satposs : teph=2026/07/09 05:58:43.000 n=32 ephopt=0
3 no pseudorange 2026/07/09 05:58:43.000 sat=61
3 no pseudorange 2026/07/09 05:58:43.000 sat=70
3 estpos  : n=32
3 resprng : n=32
3 resprng : n=32
3 resprng : n=32
3 resprng : n=32
3 valsol  : n=32 nv=17
3 estvel  : n=32
3 resdop  : n=32
3 resdop  : n=32
3 resdop  : n=32
3 pntpos  : tobs=2026/07/09 05:58:44.000 n=33
3 satposs : teph=2026/07/09 05:58:44.000 n=33 ephopt=0
3 no pseudorange 2026/07/09 05:58:44.000 sat=61
3 no pseudorange 2026/07/09 05:58:44.000 sat=70
3 estpos  : n=33
3 resprng : n=33
3 resprng : n=33
3 resprng : n=33
3 resprng : n=33
3 valsol  : n=33 nv=18
3 pntpos  : tobs=2026/07/09 05:58:45.000 n=33
3 satposs : teph=2026/07/09 05:58:45.000 n=33 ephopt=0
3 no pseudorange 2026/07/09 05:58:45.000 sat=61
3 no pseudorange 2026/07/09 05:58:45.000 sat=70
3 estpos  : n=33
3 resprng : n=33
3 resprng : n=33
3 resprng : n=33
3 resprng : n=33
3 valsol  : n=33 nv=18
3 pntpos  : tobs=2026/07/09 05:58:46.000 n=32
3 satposs : teph=2026/07/09 05:58:46.000 n=32 ephopt=0
3 no pseudorange 2026/07/09 05:58:46.000 sat=61
3 no pseudorange 2026/07/09 05:58:46.000 sat=70
3 estpos  : n=32
3 resprng : n=32
3 resprng : n=32
3 resprng : n=32
3 resprng : n=32
3 valsol  : n=32 nv=18
3 pntpos  : tobs=2026/07/09 05:58:47.000 n=31
3 satposs : teph=2026/07/09 05:58:47.000 n=31 ephopt=0
3 no pseudorange 2026/07/09 05:58:47.000 sat=61
3 no pseudorange 2026/07/09 05:58:47.000 sat=70
3 estpos  : n=31
3 resprng : n=31
3 resprng : n=31
3 resprng : n=31
3 resprng : n=31
3 valsol  : n=31 nv=17
3 estvel  : n=31
3 resdop  : n=31
3 resdop  : n=31
3 resdop  : n=31
3 pntpos  : tobs=2026/07/09 05:58:48.000 n=33
3 satposs : teph=2026/07/09 05:58:48.000 n=33 ephopt=0
3 no pseudorange 2026/07/09 05:58:48.000 sat=61
3 no pseudorange 2026/07/09 05:58:48.000 sat=70
3 estpos  : n=33
3 resprng : n=33
3 resprng : n=33
3 resprng : n=33
3 resprng : n=33
3 valsol  : n=33 nv=18
3 pntpos  : tobs=2026/07/09 05:58:49.000 n=32
3 satposs : teph=2026/07/09 05:58:49.000 n=32 ephopt=0
3 no pseudorange 2026/07/09 05:58:49.000 sat=61
3 no pseudorange 2026/07/09 05:58:49.000 sat=70
3 estpos  : n=32
3 resprng : n=32
3 resprng : n=32
3 resprng : n=32
3 resprng : n=32
3 valsol  : n=32 nv=18
3 pntpos  : tobs=2026/07/09 05:58:50.000 n=31
3 satposs : teph=2026/07/09 05:58:50.000 n=31 ephopt=0
3 no pseudorange 2026/07/09 05:58:50.000 sat=61
3 no pseudorange 2026/07/09 05:58:50.000 sat=70
3 estpos  : n=31
3 resprng : n=31
3 resprng : n=31
3 resprng : n=31
3 resprng : n=31
3 valsol  : n=31 nv=17
3 estvel  : n=31
3 resdop  : n=31
3 resdop  : n=31
3 resdop  : n=31
3 pntpos  : tobs=2026/07/09 05:58:51.000 n=32
3 satposs : teph=2026/07/09 05:58:51.000 n=32 ephopt=0
3 no pseudorange 2026/07/09 05:58:51.000 sat=70
3 estpos  : n=32
3 resprng : n=32
3 resprng : n=32
3 resprng : n=32
3 resprng : n=32
3 valsol  : n=32 nv=18
3 pntpos  : tobs=2026/07/09 05:58:52.000 n=30
3 satposs : teph=2026/07/09 05:58:52.000 n=30 ephopt=0
3 estpos  : n=30
3 resprng : n=30
3 resprng : n=30
3 resprng : n=30
3 resprng : n=30
3 valsol  : n=30 nv=17
3 estvel  : n=30
3 resdop  : n=30
3 resdop  : n=30
3 pntpos  : tobs=2026/07/09 05:58:53.000 n=31
3 satposs : teph=2026/07/09 05:58:53.000 n=31 ephopt=0
3 no pseudorange 2026/07/09 05:58:53.000 sat=70
3 estpos  : n=31
3 resprng : n=31
3 resprng : n=31
3 resprng : n=31
3 resprng : n=31
3 valsol  : n=31 nv=18
3 pntpos  : tobs=2026/07/09 05:58:54.000 n=33
3 satposs : teph=2026/07/09 05:58:54.000 n=33 ephopt=0
3 no pseudorange 2026/07/09 05:58:54.000 sat=70
3 estpos  : n=33
3 resprng : n=33
3 resprng : n=33
3 resprng : n=33
3 resprng : n=33
3 valsol  : n=33 nv=18
3 pntpos  : tobs=2026/07/09 05:58:55.000 n=33
3 satposs : teph=2026/07/09 05:58:55.000 n=33 ephopt=0
3 no pseudorange 2026/07/09 05:58:55.000 sat=70
3 estpos  : n=33
3 resprng : n=33
3 resprng : n=33
3 resprng : n=33
3 resprng : n=33
3 valsol  : n=33 nv=18
3 pntpos  : tobs=2026/07/09 05:58:56.000 n=31
3 satposs : teph=2026/07/09 05:58:56.000 n=31 ephopt=0
3 no pseudorange 2026/07/09 05:58:56.000 sat=70
3 estpos  : n=31
3 resprng : n=31
3 resprng : n=31
3 resprng : n=31
3 resprng : n=31
3 valsol  : n=31 nv=18
3 pntpos  : tobs=2026/07/09 05:58:57.000 n=30
3 satposs : teph=2026/07/09 05:58:57.000 n=30 ephopt=0
3 no pseudorange 2026/07/09 05:58:57.000 sat=70
3 estpos  : n=30
3 resprng : n=30
3 resprng : n=30
3 resprng : n=30
3 resprng : n=30
3 valsol  : n=30 nv=18
3 pntpos  : tobs=2026/07/09 05:58:58.000 n=31
3 satposs : teph=2026/07/09 05:58:58.000 n=31 ephopt=0
3 no pseudorange 2026/07/09 05:58:58.000 sat=70
3 estpos  : n=31
3 resprng : n=31
3 resprng : n=31
3 resprng : n=31
3 resprng : n=31
3 valsol  : n=31 nv=18
3 pntpos  : tobs=2026/07/09 05:58:59.000 n=31
3 satposs : teph=2026/07/09 05:58:59.000 n=31 ephopt=0
3 no pseudorange 2026/07/09 05:58:59.000 sat=70
3 estpos  : n=31
3 resprng : n=31
3 resprng : n=31
3 resprng : n=31
3 resprng : n=31
3 valsol  : n=31 nv=17
3 estvel  : n=31
3 resdop  : n=31
3 resdop  : n=31
3 pntpos  : tobs=2026/07/09 05:59:00.000 n=31
3 satposs : teph=2026/07/09 05:59:00.000 n=31 ephopt=0
3 estpos  : n=31
3 resprng : n=31
3 resprng : n=31
3 resprng : n=31
3 resprng : n=31
3 valsol  : n=31 nv=17
3 estvel  : n=31
3 resdop  : n=31
3 resdop  : n=31
3 resdop  : n=31
3 pntpos  : tobs=2026/07/09 05:59:01.000 n=30
3 satposs : teph=2026/07/09 05:59:01.000 n=30 ephopt=0
3 no pseudorange 2026/07/09 05:59:01.000 sat=70
3 estpos  : n=30
3 resprng : n=30
3 resprng : n=30
3 resprng : n=30
3 resprng : n=30
3 valsol  : n=30 nv=17
3 estvel  : n=30
3 resdop  : n=30
3 resdop  : n=30
3 resdop  : n=30
3 pntpos  : tobs=2026/07/09 05:59:02.000 n=33
3 satposs : teph=2026/07/09 05:59:02.000 n=33 ephopt=0
3 no pseudorange 2026/07/09 05:59:02.000 sat=70
3 estpos  : n=33
3 resprng : n=33
3 resprng : n=33
3 resprng : n=33
3 resprng : n=33
3 valsol  : n=33 nv=18
3 pntpos  : tobs=2026/07/09 05:59:03.000 n=32
3 satposs : teph=2026/07/09 05:59:03.000 n=32 ephopt=0
3 no pseudorange 2026/07/09 05:59:03.000 sat=70
3 estpos  : n=32
3 resprng : n=32
3 resprng : n=32
3 resprng : n=32
3 resprng : n=32
3 valsol  : n=32 nv=18
3 pntpos  : tobs=2026/07/09 05:59:04.000 n=32
3 satposs : teph=2026/07/09 05:59:04.000 n=32 ephopt=0
3 no pseudorange 2026/07/09 05:59:04.000 sat=61
3 no pseudorange 2026/07/09 05:59:04.000 sat=70
3 estpos  : n=32
3 resprng : n=32
3 resprng : n=32
3 resprng : n=32
3 resprng : n=32
3 valsol  : n=32 nv=18
3 pntpos  : tobs=2026/07/09 05:59:05.000 n=31
3 satposs : teph=2026/07/09 05:59:05.000 n=31 ephopt=0
3 no pseudorange 2026/07/09 05:59:05.000 sat=61
3 no pseudorange 2026/07/09 05:59:05.000 sat=70
3 estpos  : n=31
3 resprng : n=31
3 resprng : n=31
3 resprng : n=31
3 resprng : n=31
3 valsol  : n=31 nv=17
3 estvel  : n=31
3 resdop  : n=31
3 resdop  : n=31
3 pntpos  : tobs=2026/07/09 05:59:06.000 n=31
3 satposs : teph=2026/07/09 05:59:06.000 n=31 ephopt=0
3 no pseudorange 2026/07/09 05:59:06.000 sat=61
3 estpos  : n=31
3 resprng : n=31
3 resprng : n=31
3 resprng : n=31
3 resprng : n=31
3 valsol  : n=31 nv=17
3 estvel  : n=31
3 resdop  : n=31
3 resdop  : n=31
3 resdop  : n=31
3 pntpos  : tobs=2026/07/09 05:59:07.000 n=31
3 satposs : teph=2026/07/09 05:59:07.000 n=31 ephopt=0
3 no pseudorange 2026/07/09 05:59:07.000 sat=61
3 no pseudorange 2026/07/09 05:59:07.000 sat=70
3 estpos  : n=31
3 resprng : n=31
3 resprng : n=31
3 resprng : n=31
3 resprng : n=31
3 valsol  : n=31 nv=18
3 pntpos  : tobs=2026/07/09 05:59:08.000 n=31
3 satposs : teph=2026/07/09 05:59:08.000 n=31 ephopt=0
3 no pseudorange 2026/07/09 05:59:08.000 sat=61
3 no pseudorange 2026/07/09 05:59:08.000 sat=70
3 estpos  : n=31
3 resprng : n=31
3 resprng : n=31
3 resprng : n=31
3 resprng : n=31
3 valsol  : n=31 nv=17
3 estvel  : n=31
3 resdop  : n=31
3 resdop  : n=31
3 pntpos  : tobs=2026/07/09 05:59:09.000 n=31
3 satposs : teph=2026/07/09 05:59:09.000 n=31 ephopt=0
3 no pseudorange 2026/07/09 05:59:09.000 sat=61
3 no pseudorange 2026/07/09 05:59:09.000 sat=70
3 estpos  : n=31
3 resprng : n=31
3 resprng : n=31
3 resprng : n=31
3 resprng : n=31
3 valsol  : n=31 nv=18
3 pntpos  : tobs=2026/07/09 05:59:10.000 n=30
3 satposs : teph=2026/07/09 05:59:10.000 n=30 ephopt=0
3 no pseudorange 2026/07/09 05:59:10.000 sat=61
3 estpos  : n=30
3 resprng : n=30
3 resprng : n=30
3 resprng : n=30
3 resprng : n=30
3 valsol  : n=30 nv=17
3 estvel  : n=30
3 resdop  : n=30
3 resdop  : n=30
3 pntpos  : tobs=2026/07/09 05:59:11.000 n=31
3 satposs : teph=2026/07/09 05:59:11.000 n=31 ephopt=0
3 no pseudorange 2026/07/09 05:59:11.000 sat=61
3 no pseudorange 2026/07/09 05:59:11.000 sat=70
3 estpos  : n=31
3 resprng : n=31
3 resprng : n=31
3 resprng : n=31
3 resprng : n=31
3 valsol  : n=31 nv=18
3 pntpos  : tobs=2026/07/09 05:59:12.000 n=31
3 satposs : teph=2026/07/09 05:59:12.000 n=31 ephopt=0
3 no pseudorange 2026/07/09 05:59:12.000 sat=61
3 no pseudorange 2026/07/09 05:59:12.000 sat=70
3 estpos  : n=31
3 resprng : n=31
3 resprng : n=31
3 resprng : n=31
3 resprng : n=31
3 valsol  : n=31 nv=18
3 estvel  : n=31
3 resdop  : n=31
3 resdop  : n=31
3 resdop  : n=31
3 pntpos  : tobs=2026/07/09 05:59:13.000 n=30
3 satposs : teph=2026/07/09 05:59:13.000 n=30 ephopt=0
3 no pseudorange 2026/07/09 05:59:13.000 sat=61
3 no pseudorange 2026/07/09 05:59:13.000 sat=70
3 estpos  : n=30
3 resprng : n=30
3 resprng : n=30
3 resprng : n=30
3 resprng : n=30
3 valsol  : n=30 nv=18
3 estvel  : n=30
3 resdop  : n=30
3 resdop  : n=30
3 resdop  : n=30
3 pntpos  : tobs=2026/07/09 05:59:14.000 n=30
3 satposs : teph=2026/07/09 05:59:14.000 n=30 ephopt=0
3 no pseudorange 2026/07/09 05:59:14.000 sat=61
3 no pseudorange 2026/07/09 05:59:14.000 sat=70
3 estpos  : n=30
3 resprng : n=30
3 resprng : n=30
3 resprng : n=30
3 resprng : n=30
3 valsol  : n=30 nv=17
3 estvel  : n=30
3 resdop  : n=30
3 resdop  : n=30
3 pntpos  : tobs=2026/07/09 05:59:15.000 n=28
3 satposs : teph=2026/07/09 05:59:15.000 n=28 ephopt=0
3 no pseudorange 2026/07/09 05:59:15.000 sat=61
3 no pseudorange 2026/07/09 05:59:15.000 sat=70
3 estpos  : n=28
3 resprng : n=28
3 resprng : n=28
3 resprng : n=28
3 resprng : n=28
3 valsol  : n=28 nv=16
3 estvel  : n=28
3 resdop  : n=28
3 resdop  : n=28
3 pntpos  : tobs=2026/07/09 05:59:16.000 n=30
3 satposs : teph=2026/07/09 05:59:16.000 n=30 ephopt=0
3 no pseudorange 2026/07/09 05:59:16.000 sat=61
3 no pseudorange 2026/07/09 05:59:16.000 sat=70
3 estpos  : n=30
3 resprng : n=30
3 resprng : n=30
3 resprng : n=30
3 resprng : n=30
3 valsol  : n=30 nv=17
3 estvel  : n=30
3 resdop  : n=30
3 resdop  : n=30
3 pntpos  : tobs=2026/07/09 05:59:17.000 n=29
3 satposs : teph=2026/07/09 05:59:17.000 n=29 ephopt=0
3 estpos  : n=29
3 resprng : n=29
3 resprng : n=29
3 resprng : n=29
3 resprng : n=29
3 valsol  : n=29 nv=17
3 estvel  : n=29
3 resdop  : n=29
3 resdop  : n=29
3 pntpos  : tobs=2026/07/09 05:59:18.000 n=30
3 satposs : teph=2026/07/09 05:59:18.000 n=30 ephopt=0
3 no pseudorange 2026/07/09 05:59:18.000 sat=70
3 estpos  : n=30
3 resprng : n=30
3 resprng : n=30
3 resprng : n=30
3 resprng : n=30
3 valsol  : n=30 nv=17
3 estvel  : n=30
3 resdop  : n=30
3 resdop  : n=30
3 resdop  : n=30
3 pntpos  : tobs=2026/07/09 05:59:19.000 n=29
3 satposs : teph=2026/07/09 05:59:19.000 n=29 ephopt=0
3 no pseudorange 2026/07/09 05:59:19.000 sat=70
3 estpos  : n=29
3 resprng : n=29
3 resprng : n=29
3 resprng : n=29
3 resprng : n=29
3 valsol  : n=29 nv=17
3 estvel  : n=29
3 resdop  : n=29
3 resdop  : n=29
3 pntpos  : tobs=2026/07/09 05:59:20.000 n=29
3 satposs : teph=2026/07/09 05:59:20.000 n=29 ephopt=0
3 no pseudorange 2026/07/09 05:59:20.000 sat=70
3 estpos  : n=29
3 resprng : n=29
3 resprng : n=29
3 resprng : n=29
3 resprng : n=29
3 valsol  : n=29 nv=17
3 estvel  : n=29
3 resdop  : n=29
3 resdop  : n=29
3 resdop  : n=29
3 pntpos  : tobs=2026/07/09 05:59:21.000 n=30
3 satposs : teph=2026/07/09 05:59:21.000 n=30 ephopt=0
3 no pseudorange 2026/07/09 05:59:21.000 sat=70
3 estpos  : n=30
3 resprng : n=30
3 resprng : n=30
3 resprng : n=30
3 resprng : n=30
3 valsol  : n=30 nv=17
3 estvel  : n=30
3 resdop  : n=30
3 resdop  : n=30
3 pntpos  : tobs=2026/07/09 05:59:22.000 n=30
3 satposs : teph=2026/07/09 05:59:22.000 n=30 ephopt=0
3 no pseudorange 2026/07/09 05:59:22.000 sat=70
3 estpos  : n=30
3 resprng : n=30
3 resprng : n=30
3 resprng : n=30
3 resprng : n=30
3 valsol  : n=30 nv=17
3 estvel  : n=30
3 resdop  : n=30
3 resdop  : n=30
3 pntpos  : tobs=2026/07/09 05:59:23.000 n=30
3 satposs : teph=2026/07/09 05:59:23.000 n=30 ephopt=0
3 no pseudorange 2026/07/09 05:59:23.000 sat=70
3 estpos  : n=30
3 resprng : n=30
3 resprng : n=30
3 resprng : n=30
3 resprng : n=30
3 valsol  : n=30 nv=17
3 estvel  : n=30
3 resdop  : n=30
3 resdop  : n=30
3 pntpos  : tobs=2026/07/09 05:59:24.000 n=29
3 satposs : teph=2026/07/09 05:59:24.000 n=29 ephopt=0
3 no pseudorange 2026/07/09 05:59:24.000 sat=70
3 estpos  : n=29
3 resprng : n=29
3 resprng : n=29
3 resprng : n=29
3 resprng : n=29
3 valsol  : n=29 nv=17
3 estvel  : n=29
3 resdop  : n=29
3 resdop  : n=29
3 resdop  : n=29
3 pntpos  : tobs=2026/07/09 05:59:25.000 n=30
3 satposs : teph=2026/07/09 05:59:25.000 n=30 ephopt=0
3 no pseudorange 2026/07/09 05:59:25.000 sat=70
3 estpos  : n=30
3 resprng : n=30
3 resprng : n=30
3 resprng : n=30
3 resprng : n=30
3 valsol  : n=30 nv=17
3 estvel  : n=30
3 resdop  : n=30
3 resdop  : n=30
3 pntpos  : tobs=2026/07/09 05:59:26.000 n=30
3 satposs : teph=2026/07/09 05:59:26.000 n=30 ephopt=0
3 no pseudorange 2026/07/09 05:59:26.000 sat=70
3 estpos  : n=30
3 resprng : n=30
3 resprng : n=30
3 resprng : n=30
3 resprng : n=30
3 valsol  : n=30 nv=17
3 estvel  : n=30
3 resdop  : n=30
3 resdop  : n=30
3 resdop  : n=30
3 pntpos  : tobs=2026/07/09 05:59:27.000 n=32
3 satposs : teph=2026/07/09 05:59:27.000 n=32 ephopt=0
3 no pseudorange 2026/07/09 05:59:27.000 sat=70
3 estpos  : n=32
3 resprng : n=32
3 resprng : n=32
3 resprng : n=32
3 resprng : n=32
3 valsol  : n=32 nv=17
3 estvel  : n=32
3 resdop  : n=32
3 resdop  : n=32
3 pntpos  : tobs=2026/07/09 05:59:28.000 n=29
3 satposs : teph=2026/07/09 05:59:28.000 n=29 ephopt=0
3 no pseudorange 2026/07/09 05:59:28.000 sat=70
3 estpos  : n=29
3 resprng : n=29
3 resprng : n=29
3 resprng : n=29
3 resprng : n=29
3 valsol  : n=29 nv=17
3 estvel  : n=29
3 resdop  : n=29
3 resdop  : n=29
3 pntpos  : tobs=2026/07/09 05:59:29.000 n=31
3 satposs : teph=2026/07/09 05:59:29.000 n=31 ephopt=0
3 no pseudorange 2026/07/09 05:59:29.000 sat=70
3 estpos  : n=31
3 resprng : n=31
3 resprng : n=31
3 resprng : n=31
3 resprng : n=31
3 valsol  : n=31 nv=17
3 estvel  : n=31
3 resdop  : n=31
3 resdop  : n=31
3 pntpos  : tobs=2026/07/09 05:59:30.000 n=29
3 satposs : teph=2026/07/09 05:59:30.000 n=29 ephopt=0
3 no pseudorange 2026/07/09 05:59:30.000 sat=70
3 estpos  : n=29
3 resprng : n=29
3 resprng : n=29
3 resprng : n=29
3 resprng : n=29
3 valsol  : n=29 nv=16
3 estvel  : n=29
3 resdop  : n=29
3 resdop  : n=29
3 pntpos  : tobs=2026/07/09 05:59:31.000 n=30
3 satposs : teph=2026/07/09 05:59:31.000 n=30 ephopt=0
3 no pseudorange 2026/07/09 05:59:31.000 sat=70
3 estpos  : n=30
3 resprng : n=30
3 resprng : n=30
3 resprng : n=30
3 resprng : n=30
3 valsol  : n=30 nv=16
3 estvel  : n=30
3 resdop  : n=30
3 resdop  : n=30
3 pntpos  : tobs=2026/07/09 05:59:32.000 n=31
3 satposs : teph=2026/07/09 05:59:32.000 n=31 ephopt=0
3 no pseudorange 2026/07/09 05:59:32.000 sat=70
3 estpos  : n=31
3 resprng : n=31
3 resprng : n=31
3 resprng : n=31
3 resprng : n=31
3 valsol  : n=31 nv=17
3 estvel  : n=31
3 resdop  : n=31
3 resdop  : n=31
3 resdop  : n=31
3 pntpos  : tobs=2026/07/09 05:59:33.000 n=31
3 satposs : teph=2026/07/09 05:59:33.000 n=31 ephopt=0
3 no pseudorange 2026/07/09 05:59:33.000 sat=70
3 estpos  : n=31
3 resprng : n=31
3 resprng : n=31
3 resprng : n=31
3 resprng : n=31
3 valsol  : n=31 nv=17
3 estvel  : n=31
3 resdop  : n=31
3 resdop  : n=31
3 resdop  : n=31
3 pntpos  : tobs=2026/07/09 05:59:34.000 n=31
3 satposs : teph=2026/07/09 05:59:34.000 n=31 ephopt=0
3 no pseudorange 2026/07/09 05:59:34.000 sat=70
3 estpos  : n=31
3 resprng : n=31
3 resprng : n=31
3 resprng : n=31
3 resprng : n=31
3 valsol  : n=31 nv=17
3 estvel  : n=31
3 resdop  : n=31
3 resdop  : n=31
3 pntpos  : tobs=2026/07/09 05:59:35.000 n=34
3 satposs : teph=2026/07/09 05:59:35.000 n=34 ephopt=0
3 no pseudorange 2026/07/09 05:59:35.000 sat=46
3 no pseudorange 2026/07/09 05:59:35.000 sat=70
3 estpos  : n=34
3 resprng : n=34
3 resprng : n=34
3 resprng : n=34
3 resprng : n=34
3 valsol  : n=34 nv=17
3 estvel  : n=34
3 resdop  : n=34
3 resdop  : n=34
3 pntpos  : tobs=2026/07/09 05:59:36.000 n=31
3 satposs : teph=2026/07/09 05:59:36.000 n=31 ephopt=0
3 no pseudorange 2026/07/09 05:59:36.000 sat=46
3 estpos  : n=31
3 resprng : n=31
3 resprng : n=31
3 resprng : n=31
3 resprng : n=31
3 valsol  : n=31 nv=17
3 estvel  : n=31
3 resdop  : n=31
3 resdop  : n=31
3 resdop  : n=31
3 pntpos  : tobs=2026/07/09 05:59:37.000 n=33
3 satposs : teph=2026/07/09 05:59:37.000 n=33 ephopt=0
3 no pseudorange 2026/07/09 05:59:37.000 sat=46
3 no pseudorange 2026/07/09 05:59:37.000 sat=70
3 estpos  : n=33
3 resprng : n=33
3 resprng : n=33
3 resprng : n=33
3 resprng : n=33
3 valsol  : n=33 nv=17
3 estvel  : n=33
3 resdop  : n=33
3 resdop  : n=33
3 resdop  : n=33
3 pntpos  : tobs=2026/07/09 05:59:38.000 n=32
3 satposs : teph=2026/07/09 05:59:38.000 n=32 ephopt=0
3 no pseudorange 2026/07/09 05:59:38.000 sat=70
3 estpos  : n=32
3 resprng : n=32
3 resprng : n=32
3 resprng : n=32
3 resprng : n=32
3 valsol  : n=32 nv=17
3 estvel  : n=32
3 resdop  : n=32
3 resdop  : n=32
3 resdop  : n=32
3 pntpos  : tobs=2026/07/09 05:59:39.000 n=33
3 satposs : teph=2026/07/09 05:59:39.000 n=33 ephopt=0
3 no pseudorange 2026/07/09 05:59:39.000 sat=46
3 no pseudorange 2026/07/09 05:59:39.000 sat=70
3 estpos  : n=33
3 resprng : n=33
3 resprng : n=33
3 resprng : n=33
3 resprng : n=33
3 valsol  : n=33 nv=17
3 estvel  : n=33
3 resdop  : n=33
3 resdop  : n=33
3 pntpos  : tobs=2026/07/09 05:59:40.000 n=33
3 satposs : teph=2026/07/09 05:59:40.000 n=33 ephopt=0
3 no pseudorange 2026/07/09 05:59:40.000 sat=46
3 estpos  : n=33
3 resprng : n=33
3 resprng : n=33
3 resprng : n=33
3 resprng : n=33
3 valsol  : n=33 nv=17
3 estvel  : n=33
3 resdop  : n=33
3 resdop  : n=33
3 resdop  : n=33
3 pntpos  : tobs=2026/07/09 05:59:41.000 n=32
3 satposs : teph=2026/07/09 05:59:41.000 n=32 ephopt=0
3 no pseudorange 2026/07/09 05:59:41.000 sat=46
3 estpos  : n=32
3 resprng : n=32
3 resprng : n=32
3 resprng : n=32
3 resprng : n=32
3 valsol  : n=32 nv=17
3 estvel  : n=32
3 resdop  : n=32
3 resdop  : n=32
3 pntpos  : tobs=2026/07/09 05:59:42.000 n=32
3 satposs : teph=2026/07/09 05:59:42.000 n=32 ephopt=0
3 no pseudorange 2026/07/09 05:59:42.000 sat=46
3 no pseudorange 2026/07/09 05:59:42.000 sat=70
3 estpos  : n=32
3 resprng : n=32
3 resprng : n=32
3 resprng : n=32
3 resprng : n=32
3 valsol  : n=32 nv=17
3 estvel  : n=32
3 resdop  : n=32
3 resdop  : n=32
3 pntpos  : tobs=2026/07/09 05:59:43.000 n=31
3 satposs : teph=2026/07/09 05:59:43.000 n=31 ephopt=0
3 no pseudorange 2026/07/09 05:59:43.000 sat=46
3 no pseudorange 2026/07/09 05:59:43.000 sat=70
3 estpos  : n=31
3 resprng : n=31
3 resprng : n=31
3 resprng : n=31
3 resprng : n=31
3 valsol  : n=31 nv=17
3 estvel  : n=31
3 resdop  : n=31
3 resdop  : n=31
3 pntpos  : tobs=2026/07/09 05:59:44.000 n=34
3 satposs : teph=2026/07/09 05:59:44.000 n=34 ephopt=0
3 no pseudorange 2026/07/09 05:59:44.000 sat=46
3 no pseudorange 2026/07/09 05:59:44.000 sat=70
3 estpos  : n=34
3 resprng : n=34
3 resprng : n=34
3 resprng : n=34
3 resprng : n=34
3 valsol  : n=34 nv=17
3 estvel  : n=34
3 resdop  : n=34
3 resdop  : n=34
3 resdop  : n=34
3 pntpos  : tobs=2026/07/09 05:59:45.000 n=34
3 satposs : teph=2026/07/09 05:59:45.000 n=34 ephopt=0
3 no pseudorange 2026/07/09 05:59:45.000 sat=46
3 estpos  : n=34
3 resprng : n=34
3 resprng : n=34
3 resprng : n=34
3 resprng : n=34
3 valsol  : n=34 nv=17
3 estvel  : n=34
3 resdop  : n=34
3 resdop  : n=34
3 resdop  : n=34
3 pntpos  : tobs=2026/07/09 05:59:46.000 n=32
3 satposs : teph=2026/07/09 05:59:46.000 n=32 ephopt=0
3 no pseudorange 2026/07/09 05:59:46.000 sat=46
3 estpos  : n=32
3 resprng : n=32
3 resprng : n=32
3 resprng : n=32
3 resprng : n=32
3 valsol  : n=32 nv=17
3 estvel  : n=32
3 resdop  : n=32
3 resdop  : n=32
3 pntpos  : tobs=2026/07/09 05:59:47.000 n=34
3 satposs : teph=2026/07/09 05:59:47.000 n=34 ephopt=0
3 no pseudorange 2026/07/09 05:59:47.000 sat=46
3 no pseudorange 2026/07/09 05:59:47.000 sat=70
3 estpos  : n=34
3 resprng : n=34
3 resprng : n=34
3 resprng : n=34
3 resprng : n=34
3 valsol  : n=34 nv=17
3 estvel  : n=34
3 resdop  : n=34
3 resdop  : n=34
3 resdop  : n=34
3 pntpos  : tobs=2026/07/09 05:59:48.000 n=34
3 satposs : teph=2026/07/09 05:59:48.000 n=34 ephopt=0
3 no pseudorange 2026/07/09 05:59:48.000 sat=46
3 no pseudorange 2026/07/09 05:59:48.000 sat=70
3 estpos  : n=34
3 resprng : n=34
3 resprng : n=34
3 resprng : n=34
3 resprng : n=34
3 valsol  : n=34 nv=17
3 estvel  : n=34
3 resdop  : n=34
3 resdop  : n=34
3 pntpos  : tobs=2026/07/09 05:59:49.000 n=34
3 satposs : teph=2026/07/09 05:59:49.000 n=34 ephopt=0
3 no pseudorange 2026/07/09 05:59:49.000 sat=46
3 no pseudorange 2026/07/09 05:59:49.000 sat=70
3 estpos  : n=34
3 resprng : n=34
3 resprng : n=34
3 resprng : n=34
3 resprng : n=34
3 valsol  : n=34 nv=17
3 estvel  : n=34
3 resdop  : n=34
3 resdop  : n=34
3 resdop  : n=34
3 pntpos  : tobs=2026/07/09 05:59:50.000 n=33
3 satposs : teph=2026/07/09 05:59:50.000 n=33 ephopt=0
3 no pseudorange 2026/07/09 05:59:50.000 sat=46
3 no pseudorange 2026/07/09 05:59:50.000 sat=70
3 estpos  : n=33
3 resprng : n=33
3 resprng : n=33
3 resprng : n=33
3 resprng : n=33
3 valsol  : n=33 nv=17
3 estvel  : n=33
3 resdop  : n=33
3 resdop  : n=33
3 pntpos  : tobs=2026/07/09 05:59:51.000 n=34
3 satposs : teph=2026/07/09 05:59:51.000 n=34 ephopt=0
3 no pseudorange 2026/07/09 05:59:51.000 sat=46
3 no pseudorange 2026/07/09 05:59:51.000 sat=70
3 estpos  : n=34
3 resprng : n=34
3 resprng : n=34
3 resprng : n=34
3 resprng : n=34
3 valsol  : n=34 nv=16
3 estvel  : n=34
3 resdop  : n=34
3 resdop  : n=34
3 resdop  : n=34
3 pntpos  : tobs=2026/07/09 05:59:52.000 n=33
3 satposs : teph=2026/07/09 05:59:52.000 n=33 ephopt=0
3 no pseudorange 2026/07/09 05:59:52.000 sat=46
3 no pseudorange 2026/07/09 05:59:52.000 sat=70
3 estpos  : n=33
3 resprng : n=33
3 resprng : n=33
3 resprng : n=33
3 resprng : n=33
3 valsol  : n=33 nv=17
3 estvel  : n=33
3 resdop  : n=33
3 resdop  : n=33
3 pntpos  : tobs=2026/07/09 05:59:53.000 n=35
3 satposs : teph=2026/07/09 05:59:53.000 n=35 ephopt=0
3 no pseudorange 2026/07/09 05:59:53.000 sat=46
3 no pseudorange 2026/07/09 05:59:53.000 sat=70
3 estpos  : n=35
3 resprng : n=35
3 resprng : n=35
3 resprng : n=35
3 resprng : n=35
3 valsol  : n=35 nv=17
3 estvel  : n=35
3 resdop  : n=35
3 resdop  : n=35
3 resdop  : n=35
3 pntpos  : tobs=2026/07/09 05:59:54.000 n=33
3 satposs : teph=2026/07/09 05:59:54.000 n=33 ephopt=0
3 no pseudorange 2026/07/09 05:59:54.000 sat=46
3 estpos  : n=33
3 resprng : n=33
3 resprng : n=33
3 resprng : n=33
3 resprng : n=33
3 valsol  : n=33 nv=17
3 estvel  : n=33
3 resdop  : n=33
3 resdop  : n=33
3 resdop  : n=33
3 pntpos  : tobs=2026/07/09 05:59:55.000 n=32
3 satposs : teph=2026/07/09 05:59:55.000 n=32 ephopt=0
3 no pseudorange 2026/07/09 05:59:55.000 sat=46
3 estpos  : n=32
3 resprng : n=32
3 resprng : n=32
3 resprng : n=32
3 resprng : n=32
3 valsol  : n=32 nv=17
3 estvel  : n=32
3 resdop  : n=32
3 resdop  : n=32
3 pntpos  : tobs=2026/07/09 05:59:56.000 n=32
3 satposs : teph=2026/07/09 05:59:56.000 n=32 ephopt=0
3 no pseudorange 2026/07/09 05:59:56.000 sat=46
3 no pseudorange 2026/07/09 05:59:56.000 sat=70
3 estpos  : n=32
3 resprng : n=32
3 resprng : n=32
3 resprng : n=32
3 resprng : n=32
3 valsol  : n=32 nv=17
3 estvel  : n=32
3 resdop  : n=32
3 resdop  : n=32
3 resdop  : n=32
3 pntpos  : tobs=2026/07/09 05:59:57.000 n=34
3 satposs : teph=2026/07/09 05:59:57.000 n=34 ephopt=0
3 no pseudorange 2026/07/09 05:59:57.000 sat=46
3 no pseudorange 2026/07/09 05:59:57.000 sat=70
3 estpos  : n=34
3 resprng : n=34
3 resprng : n=34
3 resprng : n=34
3 resprng : n=34
3 valsol  : n=34 nv=17
3 estvel  : n=34
3 resdop  : n=34
3 resdop  : n=34
3 pntpos  : tobs=2026/07/09 05:59:58.000 n=33
3 satposs : teph=2026/07/09 05:59:58.000 n=33 ephopt=0
3 no pseudorange 2026/07/09 05:59:58.000 sat=46
3 no pseudorange 2026/07/09 05:59:58.000 sat=61
3 no pseudorange 2026/07/09 05:59:58.000 sat=70
3 estpos  : n=33
3 resprng : n=33
3 resprng : n=33
3 resprng : n=33
3 resprng : n=33
3 valsol  : n=33 nv=17
3 estvel  : n=33
3 resdop  : n=33
3 resdop  : n=33
3 resdop  : n=33
3 pntpos  : tobs=2026/07/09 05:59:59.000 n=32
3 satposs : teph=2026/07/09 05:59:59.000 n=32 ephopt=0
3 no pseudorange 2026/07/09 05:59:59.000 sat=46
3 no pseudorange 2026/07/09 05:59:59.000 sat=70
3 estpos  : n=32
3 resprng : n=32
3 resprng : n=32
3 resprng : n=32
3 resprng : n=32
3 valsol  : n=32 nv=17
3 estvel  : n=32
3 resdop  : n=32
3 resdop  : n=32
3 pntpos  : tobs=2026/07/09 06:00:00.000 n=34
3 satposs : teph=2026/07/09 06:00:00.000 n=34 ephopt=0
3 no pseudorange 2026/07/09 06:00:00.000 sat=46
3 no pseudorange 2026/07/09 06:00:00.000 sat=61
3 estpos  : n=34
3 resprng : n=34
3 resprng : n=34
3 resprng : n=34
3 resprng : n=34
3 valsol  : n=34 nv=17
3 estvel  : n=34
3 resdop  : n=34
3 resdop  : n=34
3 resdop  : n=34
3 pntpos  : tobs=2026/07/09 06:00:01.000 n=34
3 satposs : teph=2026/07/09 06:00:01.000 n=34 ephopt=0
3 no pseudorange 2026/07/09 06:00:01.000 sat=70
3 estpos  : n=34
3 resprng : n=34
3 resprng : n=34
3 resprng : n=34
3 resprng : n=34
3 valsol  : n=34 nv=18
3 pntpos  : tobs=2026/07/09 06:00:02.000 n=33
3 satposs : teph=2026/07/09 06:00:02.000 n=33 ephopt=0
3 no pseudorange 2026/07/09 06:00:02.000 sat=70
3 estpos  : n=33
3 resprng : n=33
3 resprng : n=33
3 resprng : n=33
3 resprng : n=33
3 valsol  : n=33 nv=18
3 pntpos  : tobs=2026/07/09 06:00:03.000 n=35
3 satposs : teph=2026/07/09 06:00:03.000 n=35 ephopt=0
3 no pseudorange 2026/07/09 06:00:03.000 sat=46
3 no pseudorange 2026/07/09 06:00:03.000 sat=70
3 estpos  : n=35
3 resprng : n=35
3 resprng : n=35
3 resprng : n=35
3 resprng : n=35
3 valsol  : n=35 nv=17
3 estvel  : n=35
3 resdop  : n=35
3 resdop  : n=35
3 resdop  : n=35
3 pntpos  : tobs=2026/07/09 06:00:04.000 n=33
3 satposs : teph=2026/07/09 06:00:04.000 n=33 ephopt=0
3 no pseudorange 2026/07/09 06:00:04.000 sat=70
3 estpos  : n=33
3 resprng : n=33
3 resprng : n=33
3 resprng : n=33
3 resprng : n=33
3 valsol  : n=33 nv=18
3 pntpos  : tobs=2026/07/09 06:00:05.000 n=33
3 satposs : teph=2026/07/09 06:00:05.000 n=33 ephopt=0
3 no pseudorange 2026/07/09 06:00:05.000 sat=70
3 estpos  : n=33
3 resprng : n=33
3 resprng : n=33
3 resprng : n=33
3 resprng : n=33
3 valsol  : n=33 nv=18
3 estvel  : n=33
3 resdop  : n=33
3 resdop  : n=33
3 resdop  : n=33
3 pntpos  : tobs=2026/07/09 06:00:06.000 n=34
3 satposs : teph=2026/07/09 06:00:06.000 n=34 ephopt=0
3 no pseudorange 2026/07/09 06:00:06.000 sat=46
3 no pseudorange 2026/07/09 06:00:06.000 sat=70
3 estpos  : n=34
3 resprng : n=34
3 resprng : n=34
3 resprng : n=34
3 resprng : n=34
3 valsol  : n=34 nv=16
3 estvel  : n=34
3 resdop  : n=34
3 resdop  : n=34
3 resdop  : n=34
3 pntpos  : tobs=2026/07/09 06:00:07.000 n=30
3 satposs : teph=2026/07/09 06:00:07.000 n=30 ephopt=0
3 estpos  : n=30
3 resprng : n=30
3 resprng : n=30
3 resprng : n=30
3 resprng : n=30
3 valsol  : n=30 nv=17
3 estvel  : n=30
3 resdop  : n=30
3 resdop  : n=30
3 resdop  : n=30
3 pntpos  : tobs=2026/07/09 06:00:08.000 n=33
3 satposs : teph=2026/07/09 06:00:08.000 n=33 ephopt=0
3 no pseudorange 2026/07/09 06:00:08.000 sat=70
3 estpos  : n=33
3 resprng : n=33
3 resprng : n=33
3 resprng : n=33
3 resprng : n=33
3 valsol  : n=33 nv=18
3 estvel  : n=33
3 resdop  : n=33
3 resdop  : n=33
3 resdop  : n=33
3 pntpos  : tobs=2026/07/09 06:00:09.000 n=32
3 satposs : teph=2026/07/09 06:00:09.000 n=32 ephopt=0
3 no pseudorange 2026/07/09 06:00:09.000 sat=70
3 estpos  : n=32
3 resprng : n=32
3 resprng : n=32
3 resprng : n=32
3 resprng : n=32
3 valsol  : n=32 nv=17
3 estvel  : n=32
3 resdop  : n=32
3 resdop  : n=32
3 pntpos  : tobs=2026/07/09 06:00:10.000 n=32
3 satposs : teph=2026/07/09 06:00:10.000 n=32 ephopt=0
3 no pseudorange 2026/07/09 06:00:10.000 sat=70
3 estpos  : n=32
3 resprng : n=32
3 resprng : n=32
3 resprng : n=32
3 resprng : n=32
3 valsol  : n=32 nv=18
3 estvel  : n=32
3 resdop  : n=32
3 resdop  : n=32
3 resdop  : n=32
3 pntpos  : tobs=2026/07/09 06:00:11.000 n=32
3 satposs : teph=2026/07/09 06:00:11.000 n=32 ephopt=0
3 no pseudorange 2026/07/09 06:00:11.000 sat=46
3 estpos  : n=32
3 resprng : n=32
3 resprng : n=32
3 resprng : n=32
3 resprng : n=32
3 valsol  : n=32 nv=17
3 estvel  : n=32
3 resdop  : n=32
3 resdop  : n=32
3 pntpos  : tobs=2026/07/09 06:00:12.000 n=33
3 satposs : teph=2026/07/09 06:00:12.000 n=33 ephopt=0
3 no pseudorange 2026/07/09 06:00:12.000 sat=46
3 no pseudorange 2026/07/09 06:00:12.000 sat=70
3 estpos  : n=33
3 resprng : n=33
3 resprng : n=33
3 resprng : n=33
3 resprng : n=33
3 valsol  : n=33 nv=17
3 estvel  : n=33
3 resdop  : n=33
3 resdop  : n=33
3 resdop  : n=33
3 pntpos  : tobs=2026/07/09 06:00:13.000 n=31
3 satposs : teph=2026/07/09 06:00:13.000 n=31 ephopt=0
3 no pseudorange 2026/07/09 06:00:13.000 sat=70
3 estpos  : n=31
3 resprng : n=31
3 resprng : n=31
3 resprng : n=31
3 resprng : n=31
3 valsol  : n=31 nv=18
3 estvel  : n=31
3 resdop  : n=31
3 resdop  : n=31
3 resdop  : n=31
3 pntpos  : tobs=2026/07/09 06:00:14.000 n=33
3 satposs : teph=2026/07/09 06:00:14.000 n=33 ephopt=0
3 no pseudorange 2026/07/09 06:00:14.000 sat=46
3 no pseudorange 2026/07/09 06:00:14.000 sat=70
3 estpos  : n=33
3 resprng : n=33
3 resprng : n=33
3 resprng : n=33
3 resprng : n=33
3 valsol  : n=33 nv=18
3 estvel  : n=33
3 resdop  : n=33
3 resdop  : n=33
3 resdop  : n=33
3 pntpos  : tobs=2026/07/09 06:00:15.000 n=29
3 satposs : teph=2026/07/09 06:00:15.000 n=29 ephopt=0
3 no pseudorange 2026/07/09 06:00:15.000 sat=46
3 estpos  : n=29
3 resprng : n=29
3 resprng : n=29
3 resprng : n=29
3 resprng : n=29
3 valsol  : n=29 nv=17
3 estvel  : n=29
3 resdop  : n=29
3 resdop  : n=29
3 resdop  : n=29
3 pntpos  : tobs=2026/07/09 06:00:16.000 n=30
3 satposs : teph=2026/07/09 06:00:16.000 n=30 ephopt=0
3 no pseudorange 2026/07/09 06:00:16.000 sat=46
3 no pseudorange 2026/07/09 06:00:16.000 sat=70
3 estpos  : n=30
3 resprng : n=30
3 resprng : n=30
3 resprng : n=30
3 resprng : n=30
3 valsol  : n=30 nv=17
3 estvel  : n=30
3 resdop  : n=30
3 resdop  : n=30
3 resdop  : n=30
3 pntpos  : tobs=2026/07/09 06:00:17.000 n=30
3 satposs : teph=2026/07/09 06:00:17.000 n=30 ephopt=0
3 no pseudorange 2026/07/09 06:00:17.000 sat=70
3 estpos  : n=30
3 resprng : n=30
3 resprng : n=30
3 resprng : n=30
3 resprng : n=30
3 valsol  : n=30 nv=16
3 estvel  : n=30
3 resdop  : n=30
3 resdop  : n=30
3 resdop  : n=30
3 pntpos  : tobs=2026/07/09 06:00:18.000 n=31
3 satposs : teph=2026/07/09 06:00:18.000 n=31 ephopt=0
3 estpos  : n=31
3 resprng : n=31
3 resprng : n=31
3 resprng : n=31
3 resprng : n=31
3 valsol  : n=31 nv=18
3 estvel  : n=31
3 resdop  : n=31
3 resdop  : n=31
3 resdop  : n=31
3 pntpos  : tobs=2026/07/09 06:00:19.000 n=32
3 satposs : teph=2026/07/09 06:00:19.000 n=32 ephopt=0
3 no pseudorange 2026/07/09 06:00:19.000 sat=46
3 no pseudorange 2026/07/09 06:00:19.000 sat=70
3 estpos  : n=32
3 resprng : n=32
3 resprng : n=32
3 resprng : n=32
3 resprng : n=32
3 valsol  : n=32 nv=18
3 estvel  : n=32
3 resdop  : n=32
3 resdop  : n=32
3 resdop  : n=32
3 pntpos  : tobs=2026/07/09 06:00:20.000 n=31
3 satposs : teph=2026/07/09 06:00:20.000 n=31 ephopt=0
3 no pseudorange 2026/07/09 06:00:20.000 sat=70
3 estpos  : n=31
3 resprng : n=31
3 resprng : n=31
3 resprng : n=31
3 resprng : n=31
3 valsol  : n=31 nv=17
3 estvel  : n=31
3 resdop  : n=31
3 resdop  : n=31
3 resdop  : n=31
3 pntpos  : tobs=2026/07/09 06:00:21.000 n=32
3 satposs : teph=2026/07/09 06:00:21.000 n=32 ephopt=0
3 no pseudorange 2026/07/09 06:00:21.000 sat=46
3 no pseudorange 2026/07/09 06:00:21.000 sat=70
3 estpos  : n=32
3 resprng : n=32
3 resprng : n=32
3 resprng : n=32
3 resprng : n=32
3 valsol  : n=32 nv=18
3 estvel  : n=32
3 resdop  : n=32
3 resdop  : n=32
3 resdop  : n=32
3 pntpos  : tobs=2026/07/09 06:00:22.000 n=28
3 satposs : teph=2026/07/09 06:00:22.000 n=28 ephopt=0
3 estpos  : n=28
3 resprng : n=28
3 resprng : n=28
3 resprng : n=28
3 resprng : n=28
3 valsol  : n=28 nv=17
3 estvel  : n=28
3 resdop  : n=28
3 resdop  : n=28
3 pntpos  : tobs=2026/07/09 06:00:23.000 n=29
3 satposs : teph=2026/07/09 06:00:23.000 n=29 ephopt=0
3 estpos  : n=29
3 resprng : n=29
3 resprng : n=29
3 resprng : n=29
3 resprng : n=29
3 valsol  : n=29 nv=17
3 estvel  : n=29
3 resdop  : n=29
3 resdop  : n=29
3 resdop  : n=29
3 pntpos  : tobs=2026/07/09 06:00:24.000 n=31
3 satposs : teph=2026/07/09 06:00:24.000 n=31 ephopt=0
3 no pseudorange 2026/07/09 06:00:24.000 sat=46
3 no pseudorange 2026/07/09 06:00:24.000 sat=70
3 estpos  : n=31
3 resprng : n=31
3 resprng : n=31
3 resprng : n=31
3 resprng : n=31
3 valsol  : n=31 nv=17
3 estvel  : n=31
3 resdop  : n=31
3 resdop  : n=31
3 pntpos  : tobs=2026/07/09 06:00:25.000 n=29
3 satposs : teph=2026/07/09 06:00:25.000 n=29 ephopt=0
3 no pseudorange 2026/07/09 06:00:25.000 sat=46
3 no pseudorange 2026/07/09 06:00:25.000 sat=70
3 estpos  : n=29
3 resprng : n=29
3 resprng : n=29
3 resprng : n=29
3 resprng : n=29
3 valsol  : n=29 nv=16
3 estvel  : n=29
3 resdop  : n=29
3 resdop  : n=29
3 resdop  : n=29
3 pntpos  : tobs=2026/07/09 06:00:26.000 n=29
3 satposs : teph=2026/07/09 06:00:26.000 n=29 ephopt=0
3 no pseudorange 2026/07/09 06:00:26.000 sat=46
3 no pseudorange 2026/07/09 06:00:26.000 sat=70
3 estpos  : n=29
3 resprng : n=29
3 resprng : n=29
3 resprng : n=29
3 resprng : n=29
3 valsol  : n=29 nv=16
3 estvel  : n=29
3 resdop  : n=29
3 resdop  : n=29
3 resdop  : n=29
3 pntpos  : tobs=2026/07/09 06:00:27.000 n=27
3 satposs : teph=2026/07/09 06:00:27.000 n=27 ephopt=0
3 estpos  : n=27
3 resprng : n=27
3 resprng : n=27
3 resprng : n=27
3 resprng : n=27
3 valsol  : n=27 nv=16
3 estvel  : n=27
3 resdop  : n=27
3 resdop  : n=27
3 resdop  : n=27
3 pntpos  : tobs=2026/07/09 06:00:28.000 n=30
3 satposs : teph=2026/07/09 06:00:28.000 n=30 ephopt=0
3 no pseudorange 2026/07/09 06:00:28.000 sat=46
3 no pseudorange 2026/07/09 06:00:28.000 sat=70
3 estpos  : n=30
3 resprng : n=30
3 resprng : n=30
3 resprng : n=30
3 resprng : n=30
3 valsol  : n=30 nv=16
3 estvel  : n=30
3 resdop  : n=30
3 resdop  : n=30
3 resdop  : n=30
3 pntpos  : tobs=2026/07/09 06:00:29.000 n=29
3 satposs : teph=2026/07/09 06:00:29.000 n=29 ephopt=0
3 no pseudorange 2026/07/09 06:00:29.000 sat=70
3 estpos  : n=29
3 resprng : n=29
3 resprng : n=29
3 resprng : n=29
3 resprng : n=29
3 valsol  : n=29 nv=16
3 estvel  : n=29
3 resdop  : n=29
3 resdop  : n=29
3 resdop  : n=29
3 pntpos  : tobs=2026/07/09 06:00:30.000 n=29
3 satposs : teph=2026/07/09 06:00:30.000 n=29 ephopt=0
3 no pseudorange 2026/07/09 06:00:30.000 sat=46
3 no pseudorange 2026/07/09 06:00:30.000 sat=70
3 estpos  : n=29
3 resprng : n=29
3 resprng : n=29
3 resprng : n=29
3 resprng : n=29
3 valsol  : n=29 nv=16
3 estvel  : n=29
3 resdop  : n=29
3 resdop  : n=29
3 resdop  : n=29
3 pntpos  : tobs=2026/07/09 06:00:31.000 n=29
3 satposs : teph=2026/07/09 06:00:31.000 n=29 ephopt=0
3 no pseudorange 2026/07/09 06:00:31.000 sat=61
3 no pseudorange 2026/07/09 06:00:31.000 sat=70
3 estpos  : n=29
3 resprng : n=29
3 resprng : n=29
3 resprng : n=29
3 resprng : n=29
3 valsol  : n=29 nv=17
3 estvel  : n=29
3 resdop  : n=29
3 resdop  : n=29
3 pntpos  : tobs=2026/07/09 06:00:32.000 n=30
3 satposs : teph=2026/07/09 06:00:32.000 n=30 ephopt=0
3 no pseudorange 2026/07/09 06:00:32.000 sat=46
3 no pseudorange 2026/07/09 06:00:32.000 sat=61
3 estpos  : n=30
3 resprng : n=30
3 resprng : n=30
3 resprng : n=30
3 resprng : n=30
3 valsol  : n=30 nv=17
3 estvel  : n=30
3 resdop  : n=30
3 resdop  : n=30
3 pntpos  : tobs=2026/07/09 06:00:33.000 n=30
3 satposs : teph=2026/07/09 06:00:33.000 n=30 ephopt=0
3 no pseudorange 2026/07/09 06:00:33.000 sat=61
3 no pseudorange 2026/07/09 06:00:33.000 sat=70
3 estpos  : n=30
3 resprng : n=30
3 resprng : n=30
3 resprng : n=30
3 resprng : n=30
3 valsol  : n=30 nv=16
3 estvel  : n=30
3 resdop  : n=30
3 resdop  : n=30
3 pntpos  : tobs=2026/07/09 06:00:34.000 n=33
3 satposs : teph=2026/07/09 06:00:34.000 n=33 ephopt=0
3 no pseudorange 2026/07/09 06:00:34.000 sat=46
3 no pseudorange 2026/07/09 06:00:34.000 sat=61
3 no pseudorange 2026/07/09 06:00:34.000 sat=70
3 estpos  : n=33
3 resprng : n=33
3 resprng : n=33
3 resprng : n=33
3 resprng : n=33
3 valsol  : n=33 nv=17
3 estvel  : n=33
3 resdop  : n=33
3 resdop  : n=33
3 resdop  : n=33
3 pntpos  : tobs=2026/07/09 06:00:35.000 n=30
3 satposs : teph=2026/07/09 06:00:35.000 n=30 ephopt=0
3 no pseudorange 2026/07/09 06:00:35.000 sat=61
3 no pseudorange 2026/07/09 06:00:35.000 sat=70
3 estpos  : n=30
3 resprng : n=30
3 resprng : n=30
3 resprng : n=30
3 resprng : n=30
3 valsol  : n=30 nv=17
3 pntpos  : tobs=2026/07/09 06:00:36.000 n=32
3 satposs : teph=2026/07/09 06:00:36.000 n=32 ephopt=0
3 no pseudorange 2026/07/09 06:00:36.000 sat=46
3 no pseudorange 2026/07/09 06:00:36.000 sat=61
3 no pseudorange 2026/07/09 06:00:36.000 sat=70
3 estpos  : n=32
3 resprng : n=32
3 resprng : n=32
3 resprng : n=32
3 resprng : n=32
3 valsol  : n=32 nv=17
3 estvel  : n=32
3 resdop  : n=32
3 resdop  : n=32
3 resdop  : n=32
3 pntpos  : tobs=2026/07/09 06:00:37.000 n=31
3 satposs : teph=2026/07/09 06:00:37.000 n=31 ephopt=0
3 no pseudorange 2026/07/09 06:00:37.000 sat=46
3 no pseudorange 2026/07/09 06:00:37.000 sat=61
3 no pseudorange 2026/07/09 06:00:37.000 sat=70
3 estpos  : n=31
3 resprng : n=31
3 resprng : n=31
3 resprng : n=31
3 resprng : n=31
3 valsol  : n=31 nv=17
3 estvel  : n=31
3 resdop  : n=31
3 resdop  : n=31
3 resdop  : n=31
3 pntpos  : tobs=2026/07/09 06:00:38.000 n=33
3 satposs : teph=2026/07/09 06:00:38.000 n=33 ephopt=0
3 no pseudorange 2026/07/09 06:00:38.000 sat=70
3 estpos  : n=33
3 resprng : n=33
3 resprng : n=33
3 resprng : n=33
3 resprng : n=33
3 valsol  : n=33 nv=17
3 estvel  : n=33
3 resdop  : n=33
3 resdop  : n=33
3 pntpos  : tobs=2026/07/09 06:00:39.000 n=31
3 satposs : teph=2026/07/09 06:00:39.000 n=31 ephopt=0
3 no pseudorange 2026/07/09 06:00:39.000 sat=61
3 no pseudorange 2026/07/09 06:00:39.000 sat=70
3 estpos  : n=31
3 resprng : n=31
3 resprng : n=31
3 resprng : n=31
3 resprng : n=31
3 valsol  : n=31 nv=17
3 estvel  : n=31
3 resdop  : n=31
3 resdop  : n=31
3 resdop  : n=31
3 pntpos  : tobs=2026/07/09 06:00:40.000 n=32
3 satposs : teph=2026/07/09 06:00:40.000 n=32 ephopt=0
3 no pseudorange 2026/07/09 06:00:40.000 sat=61
3 no pseudorange 2026/07/09 06:00:40.000 sat=70
3 estpos  : n=32
3 resprng : n=32
3 resprng : n=32
3 resprng : n=32
3 resprng : n=32
3 valsol  : n=32 nv=17
3 estvel  : n=32
3 resdop  : n=32
3 resdop  : n=32
3 pntpos  : tobs=2026/07/09 06:00:41.000 n=31
3 satposs : teph=2026/07/09 06:00:41.000 n=31 ephopt=0
3 no pseudorange 2026/07/09 06:00:41.000 sat=70
3 estpos  : n=31
3 resprng : n=31
3 resprng : n=31
3 resprng : n=31
3 resprng : n=31
3 valsol  : n=31 nv=17
3 estvel  : n=31
3 resdop  : n=31
3 resdop  : n=31
3 pntpos  : tobs=2026/07/09 06:00:42.000 n=32
3 satposs : teph=2026/07/09 06:00:42.000 n=32 ephopt=0
3 no pseudorange 2026/07/09 06:00:42.000 sat=46
3 no pseudorange 2026/07/09 06:00:42.000 sat=70
3 estpos  : n=32
3 resprng : n=32
3 resprng : n=32
3 resprng : n=32
3 resprng : n=32
3 valsol  : n=32 nv=17
3 estvel  : n=32
3 resdop  : n=32
3 resdop  : n=32
3 resdop  : n=32
3 pntpos  : tobs=2026/07/09 06:00:43.000 n=30
3 satposs : teph=2026/07/09 06:00:43.000 n=30 ephopt=0
3 estpos  : n=30
3 resprng : n=30
3 resprng : n=30
3 resprng : n=30
3 resprng : n=30
3 valsol  : n=30 nv=17
3 estvel  : n=30
3 resdop  : n=30
3 resdop  : n=30
3 pntpos  : tobs=2026/07/09 06:00:44.000 n=30
3 satposs : teph=2026/07/09 06:00:44.000 n=30 ephopt=0
3 no pseudorange 2026/07/09 06:00:44.000 sat=70
3 estpos  : n=30
3 resprng : n=30
3 resprng : n=30
3 resprng : n=30
3 resprng : n=30
3 valsol  : n=30 nv=17
3 estvel  : n=30
3 resdop  : n=30
3 resdop  : n=30
3 pntpos  : tobs=2026/07/09 06:00:45.000 n=32
3 satposs : teph=2026/07/09 06:00:45.000 n=32 ephopt=0
3 no pseudorange 2026/07/09 06:00:45.000 sat=46
3 no pseudorange 2026/07/09 06:00:45.000 sat=70
3 estpos  : n=32
3 resprng : n=32
3 resprng : n=32
3 resprng : n=32
3 resprng : n=32
3 valsol  : n=32 nv=17
3 estvel  : n=32
3 resdop  : n=32
3 resdop  : n=32
3 resdop  : n=32
3 pntpos  : tobs=2026/07/09 06:00:46.000 n=31
3 satposs : teph=2026/07/09 06:00:46.000 n=31 ephopt=0
3 no pseudorange 2026/07/09 06:00:46.000 sat=70
3 estpos  : n=31
3 resprng : n=31
3 resprng : n=31
3 resprng : n=31
3 resprng : n=31
3 valsol  : n=31 nv=17
3 estvel  : n=31
3 resdop  : n=31
3 resdop  : n=31
3 resdop  : n=31
3 pntpos  : tobs=2026/07/09 06:00:47.000 n=29
3 satposs : teph=2026/07/09 06:00:47.000 n=29 ephopt=0
3 no pseudorange 2026/07/09 06:00:47.000 sat=70
3 estpos  : n=29
3 resprng : n=29
3 resprng : n=29
3 resprng : n=29
3 resprng : n=29
3 valsol  : n=29 nv=17
3 estvel  : n=29
3 resdop  : n=29
3 resdop  : n=29
3 resdop  : n=29
3 pntpos  : tobs=2026/07/09 06:00:48.000 n=29
3 satposs : teph=2026/07/09 06:00:48.000 n=29 ephopt=0
3 no pseudorange 2026/07/09 06:00:48.000 sat=70
3 estpos  : n=29
3 resprng : n=29
3 resprng : n=29
3 resprng : n=29
3 resprng : n=29
3 valsol  : n=29 nv=16
3 estvel  : n=29
3 resdop  : n=29
3 resdop  : n=29
3 pntpos  : tobs=2026/07/09 06:00:49.000 n=30
3 satposs : teph=2026/07/09 06:00:49.000 n=30 ephopt=0
3 no pseudorange 2026/07/09 06:00:49.000 sat=70
3 estpos  : n=30
3 resprng : n=30
3 resprng : n=30
3 resprng : n=30
3 resprng : n=30
3 valsol  : n=30 nv=17
3 estvel  : n=30
3 resdop  : n=30
3 resdop  : n=30
3 pntpos  : tobs=2026/07/09 06:00:50.000 n=30
3 satposs : teph=2026/07/09 06:00:50.000 n=30 ephopt=0
3 no pseudorange 2026/07/09 06:00:50.000 sat=70
3 estpos  : n=30
3 resprng : n=30
3 resprng : n=30
3 resprng : n=30
3 resprng : n=30
3 valsol  : n=30 nv=17
3 estvel  : n=30
3 resdop  : n=30
3 resdop  : n=30
3 pntpos  : tobs=2026/07/09 06:00:51.000 n=32
3 satposs : teph=2026/07/09 06:00:51.000 n=32 ephopt=0
3 no pseudorange 2026/07/09 06:00:51.000 sat=46
3 no pseudorange 2026/07/09 06:00:51.000 sat=70
3 estpos  : n=32
3 resprng : n=32
3 resprng : n=32
3 resprng : n=32
3 resprng : n=32
3 valsol  : n=32 nv=17
3 estvel  : n=32
3 resdop  : n=32
3 resdop  : n=32
3 pntpos  : tobs=2026/07/09 06:00:52.000 n=30
3 satposs : teph=2026/07/09 06:00:52.000 n=30 ephopt=0
3 no pseudorange 2026/07/09 06:00:52.000 sat=70
3 estpos  : n=30
3 resprng : n=30
3 resprng : n=30
3 resprng : n=30
3 resprng : n=30
3 valsol  : n=30 nv=17
3 estvel  : n=30
3 resdop  : n=30
3 resdop  : n=30
3 pntpos  : tobs=2026/07/09 06:00:53.000 n=29
3 satposs : teph=2026/07/09 06:00:53.000 n=29 ephopt=0
3 no pseudorange 2026/07/09 06:00:53.000 sat=70
3 estpos  : n=29
3 resprng : n=29
3 resprng : n=29
3 resprng : n=29
3 resprng : n=29
3 valsol  : n=29 nv=17
3 estvel  : n=29
3 resdop  : n=29
3 resdop  : n=29
3 resdop  : n=29
3 pntpos  : tobs=2026/07/09 06:00:54.000 n=31
3 satposs : teph=2026/07/09 06:00:54.000 n=31 ephopt=0
3 no pseudorange 2026/07/09 06:00:54.000 sat=46
3 no pseudorange 2026/07/09 06:00:54.000 sat=70
3 estpos  : n=31
3 resprng : n=31
3 resprng : n=31
3 resprng : n=31
3 resprng : n=31
3 valsol  : n=31 nv=17
3 estvel  : n=31
3 resdop  : n=31
3 resdop  : n=31
3 resdop  : n=31
3 pntpos  : tobs=2026/07/09 06:00:55.000 n=30
3 satposs : teph=2026/07/09 06:00:55.000 n=30 ephopt=0
3 no pseudorange 2026/07/09 06:00:55.000 sat=46
3 no pseudorange 2026/07/09 06:00:55.000 sat=70
3 estpos  : n=30
3 resprng : n=30
3 resprng : n=30
3 resprng : n=30
3 resprng : n=30
3 valsol  : n=30 nv=17
3 estvel  : n=30
3 resdop  : n=30
3 resdop  : n=30
3 pntpos  : tobs=2026/07/09 06:00:56.000 n=31
3 satposs : teph=2026/07/09 06:00:56.000 n=31 ephopt=0
3 no pseudorange 2026/07/09 06:00:56.000 sat=46
3 no pseudorange 2026/07/09 06:00:56.000 sat=70
3 estpos  : n=31
3 resprng : n=31
3 resprng : n=31
3 resprng : n=31
3 resprng : n=31
3 valsol  : n=31 nv=17
3 estvel  : n=31
3 resdop  : n=31
3 resdop  : n=31
3 pntpos  : tobs=2026/07/09 06:00:57.000 n=31
3 satposs : teph=2026/07/09 06:00:57.000 n=31 ephopt=0
3 no pseudorange 2026/07/09 06:00:57.000 sat=46
3 no pseudorange 2026/07/09 06:00:57.000 sat=70
3 estpos  : n=31
3 resprng : n=31
3 resprng : n=31
3 resprng : n=31
3 resprng : n=31
3 valsol  : n=31 nv=17
3 estvel  : n=31
3 resdop  : n=31
3 resdop  : n=31
3 resdop  : n=31
3 pntpos  : tobs=2026/07/09 06:00:58.000 n=30
3 satposs : teph=2026/07/09 06:00:58.000 n=30 ephopt=0
3 no pseudorange 2026/07/09 06:00:58.000 sat=46
3 estpos  : n=30
3 resprng : n=30
3 resprng : n=30
3 resprng : n=30
3 resprng : n=30
3 valsol  : n=30 nv=17
3 estvel  : n=30
3 resdop  : n=30
3 resdop  : n=30
3 resdop  : n=30
3 pntpos  : tobs=2026/07/09 06:00:59.000 n=30
3 satposs : teph=2026/07/09 06:00:59.000 n=30 ephopt=0
3 no pseudorange 2026/07/09 06:00:59.000 sat=46
3 no pseudorange 2026/07/09 06:00:59.000 sat=70
3 estpos  : n=30
3 resprng : n=30
3 resprng : n=30
3 resprng : n=30
3 resprng : n=30
3 valsol  : n=30 nv=17
3 estvel  : n=30
3 resdop  : n=30
3 resdop  : n=30
3 pntpos  : tobs=2026/07/09 06:01:00.000 n=31
3 satposs : teph=2026/07/09 06:01:00.000 n=31 ephopt=0
3 no pseudorange 2026/07/09 06:01:00.000 sat=46
3 no pseudorange 2026/07/09 06:01:00.000 sat=70
3 estpos  : n=31
3 resprng : n=31
3 resprng : n=31
3 resprng : n=31
3 resprng : n=31
3 valsol  : n=31 nv=17
3 estvel  : n=31
3 resdop  : n=31
3 resdop  : n=31
3 resdop  : n=31
3 pntpos  : tobs=2026/07/09 06:01:01.000 n=30
3 satposs : teph=2026/07/09 06:01:01.000 n=30 ephopt=0
3 no pseudorange 2026/07/09 06:01:01.000 sat=46
3 no pseudorange 2026/07/09 06:01:01.000 sat=70
3 estpos  : n=30
3 resprng : n=30
3 resprng : n=30
3 resprng : n=30
3 resprng : n=30
3 valsol  : n=30 nv=17
3 estvel  : n=30
3 resdop  : n=30
3 resdop  : n=30
3 pntpos  : tobs=2026/07/09 06:01:02.000 n=30
3 satposs : teph=2026/07/09 06:01:02.000 n=30 ephopt=0
3 no pseudorange 2026/07/09 06:01:02.000 sat=46
3 no pseudorange 2026/07/09 06:01:02.000 sat=70
3 estpos  : n=30
3 resprng : n=30
3 resprng : n=30
3 resprng : n=30
3 resprng : n=30
3 valsol  : n=30 nv=17
3 estvel  : n=30
3 resdop  : n=30
3 resdop  : n=30
3 resdop  : n=30
3 pntpos  : tobs=2026/07/09 06:01:03.000 n=31
3 satposs : teph=2026/07/09 06:01:03.000 n=31 ephopt=0
3 no pseudorange 2026/07/09 06:01:03.000 sat=46
3 no pseudorange 2026/07/09 06:01:03.000 sat=70
3 estpos  : n=31
3 resprng : n=31
3 resprng : n=31
3 resprng : n=31
3 resprng : n=31
3 valsol  : n=31 nv=17
3 estvel  : n=31
3 resdop  : n=31
3 resdop  : n=31
3 pntpos  : tobs=2026/07/09 06:01:04.000 n=32
3 satposs : teph=2026/07/09 06:01:04.000 n=32 ephopt=0
3 no pseudorange 2026/07/09 06:01:04.000 sat=46
3 no pseudorange 2026/07/09 06:01:04.000 sat=70
3 estpos  : n=32
3 resprng : n=32
3 resprng : n=32
3 resprng : n=32
3 resprng : n=32
3 valsol  : n=32 nv=17
3 estvel  : n=32
3 resdop  : n=32
3 resdop  : n=32
3 resdop  : n=32
3 pntpos  : tobs=2026/07/09 06:01:05.000 n=32
3 satposs : teph=2026/07/09 06:01:05.000 n=32 ephopt=0
3 no pseudorange 2026/07/09 06:01:05.000 sat=46
3 no pseudorange 2026/07/09 06:01:05.000 sat=70
3 estpos  : n=32
3 resprng : n=32
3 resprng : n=32
3 resprng : n=32
3 resprng : n=32
3 valsol  : n=32 nv=17
3 estvel  : n=32
3 resdop  : n=32
3 resdop  : n=32
3 resdop  : n=32
3 pntpos  : tobs=2026/07/09 06:01:06.000 n=32
3 satposs : teph=2026/07/09 06:01:06.000 n=32 ephopt=0
3 no pseudorange 2026/07/09 06:01:06.000 sat=46
3 no pseudorange 2026/07/09 06:01:06.000 sat=70
3 estpos  : n=32
3 resprng : n=32
3 resprng : n=32
3 resprng : n=32
3 resprng : n=32
3 valsol  : n=32 nv=17
3 estvel  : n=32
3 resdop  : n=32
3 resdop  : n=32
3 pntpos  : tobs=2026/07/09 06:01:07.000 n=30
3 satposs : teph=2026/07/09 06:01:07.000 n=30 ephopt=0
3 estpos  : n=30
3 resprng : n=30
3 resprng : n=30
3 resprng : n=30
3 resprng : n=30
3 valsol  : n=30 nv=17
3 estvel  : n=30
3 resdop  : n=30
3 resdop  : n=30
3 pntpos  : tobs=2026/07/09 06:01:08.000 n=30
3 satposs : teph=2026/07/09 06:01:08.000 n=30 ephopt=0
3 estpos  : n=30
3 resprng : n=30
3 resprng : n=30
3 resprng : n=30
3 resprng : n=30
3 valsol  : n=30 nv=17
3 estvel  : n=30
3 resdop  : n=30
3 resdop  : n=30
3 pntpos  : tobs=2026/07/09 06:01:09.000 n=31
3 satposs : teph=2026/07/09 06:01:09.000 n=31 ephopt=0
3 no pseudorange 2026/07/09 06:01:09.000 sat=70
3 estpos  : n=31
3 resprng : n=31
3 resprng : n=31
3 resprng : n=31
3 resprng : n=31
3 valsol  : n=31 nv=17
3 estvel  : n=31
3 resdop  : n=31
3 resdop  : n=31
3 resdop  : n=31
3 pntpos  : tobs=2026/07/09 06:01:10.000 n=29
3 satposs : teph=2026/07/09 06:01:10.000 n=29 ephopt=0
3 estpos  : n=29
3 resprng : n=29
3 resprng : n=29
3 resprng : n=29
3 resprng : n=29
3 valsol  : n=29 nv=17
3 estvel  : n=29
3 resdop  : n=29
3 resdop  : n=29
3 resdop  : n=29
3 pntpos  : tobs=2026/07/09 06:01:11.000 n=34
3 satposs : teph=2026/07/09 06:01:11.000 n=34 ephopt=0
3 no pseudorange 2026/07/09 06:01:11.000 sat=46
3 no pseudorange 2026/07/09 06:01:11.000 sat=70
3 estpos  : n=34
3 resprng : n=34
3 resprng : n=34
3 resprng : n=34
3 resprng : n=34
3 valsol  : n=34 nv=17
3 estvel  : n=34
3 resdop  : n=34
3 resdop  : n=34
3 resdop  : n=34
3 pntpos  : tobs=2026/07/09 06:01:12.000 n=29
3 satposs : teph=2026/07/09 06:01:12.000 n=29 ephopt=0
3 no pseudorange 2026/07/09 06:01:12.000 sat=70
3 estpos  : n=29
3 resprng : n=29
3 resprng : n=29
3 resprng : n=29
3 resprng : n=29
3 valsol  : n=29 nv=17
3 estvel  : n=29
3 resdop  : n=29
3 resdop  : n=29
3 pntpos  : tobs=2026/07/09 06:01:13.000 n=33
3 satposs : teph=2026/07/09 06:01:13.000 n=33 ephopt=0
3 no pseudorange 2026/07/09 06:01:13.000 sat=46
3 no pseudorange 2026/07/09 06:01:13.000 sat=70
3 estpos  : n=33
3 resprng : n=33
3 resprng : n=33
3 resprng : n=33
3 resprng : n=33
3 valsol  : n=33 nv=17
3 estvel  : n=33
3 resdop  : n=33
3 resdop  : n=33
3 pntpos  : tobs=2026/07/09 06:01:14.000 n=32
3 satposs : teph=2026/07/09 06:01:14.000 n=32 ephopt=0
3 no pseudorange 2026/07/09 06:01:14.000 sat=46
3 no pseudorange 2026/07/09 06:01:14.000 sat=70
3 estpos  : n=32
3 resprng : n=32
3 resprng : n=32
3 resprng : n=32
3 resprng : n=32
3 valsol  : n=32 nv=17
3 estvel  : n=32
3 resdop  : n=32
3 resdop  : n=32
3 pntpos  : tobs=2026/07/09 06:01:15.000 n=31
3 satposs : teph=2026/07/09 06:01:15.000 n=31 ephopt=0
3 no pseudorange 2026/07/09 06:01:15.000 sat=46
3 no pseudorange 2026/07/09 06:01:15.000 sat=70
3 estpos  : n=31
3 resprng : n=31
3 resprng : n=31
3 resprng : n=31
3 resprng : n=31
3 valsol  : n=31 nv=17
3 estvel  : n=31
3 resdop  : n=31
3 resdop  : n=31
3 pntpos  : tobs=2026/07/09 06:01:16.000 n=32
3 satposs : teph=2026/07/09 06:01:16.000 n=32 ephopt=0
3 no pseudorange 2026/07/09 06:01:16.000 sat=46
3 estpos  : n=32
3 resprng : n=32
3 resprng : n=32
3 resprng : n=32
3 resprng : n=32
3 valsol  : n=32 nv=17
3 estvel  : n=32
3 resdop  : n=32
3 resdop  : n=32
3 resdop  : n=32
3 pntpos  : tobs=2026/07/09 06:01:17.000 n=32
3 satposs : teph=2026/07/09 06:01:17.000 n=32 ephopt=0
3 no pseudorange 2026/07/09 06:01:17.000 sat=46
3 no pseudorange 2026/07/09 06:01:17.000 sat=61
3 no pseudorange 2026/07/09 06:01:17.000 sat=70
3 estpos  : n=32
3 resprng : n=32
3 resprng : n=32
3 resprng : n=32
3 resprng : n=32
3 valsol  : n=32 nv=17
3 estvel  : n=32
3 resdop  : n=32
3 resdop  : n=32
3 pntpos  : tobs=2026/07/09 06:01:18.000 n=32
3 satposs : teph=2026/07/09 06:01:18.000 n=32 ephopt=0
3 no pseudorange 2026/07/09 06:01:18.000 sat=46
3 no pseudorange 2026/07/09 06:01:18.000 sat=61
3 no pseudorange 2026/07/09 06:01:18.000 sat=70
3 estpos  : n=32
3 resprng : n=32
3 resprng : n=32
3 resprng : n=32
3 resprng : n=32
3 valsol  : n=32 nv=17
3 estvel  : n=32
3 resdop  : n=32
3 resdop  : n=32
3 pntpos  : tobs=2026/07/09 06:01:19.000 n=33
3 satposs : teph=2026/07/09 06:01:19.000 n=33 ephopt=0
3 no pseudorange 2026/07/09 06:01:19.000 sat=46
3 no pseudorange 2026/07/09 06:01:19.000 sat=61
3 no pseudorange 2026/07/09 06:01:19.000 sat=70
3 estpos  : n=33
3 resprng : n=33
3 resprng : n=33
3 resprng : n=33
3 resprng : n=33
3 valsol  : n=33 nv=17
3 estvel  : n=33
3 resdop  : n=33
3 resdop  : n=33
3 resdop  : n=33
3 pntpos  : tobs=2026/07/09 06:01:20.000 n=31
3 satposs : teph=2026/07/09 06:01:20.000 n=31 ephopt=0
3 no pseudorange 2026/07/09 06:01:20.000 sat=46
3 no pseudorange 2026/07/09 06:01:20.000 sat=61
3 no pseudorange 2026/07/09 06:01:20.000 sat=70
3 estpos  : n=31
3 resprng : n=31
3 resprng : n=31
3 resprng : n=31
3 resprng : n=31
3 valsol  : n=31 nv=17
3 estvel  : n=31
3 resdop  : n=31
3 resdop  : n=31
3 resdop  : n=31
3 pntpos  : tobs=2026/07/09 06:01:21.000 n=30
3 satposs : teph=2026/07/09 06:01:21.000 n=30 ephopt=0
3 no pseudorange 2026/07/09 06:01:21.000 sat=46
3 no pseudorange 2026/07/09 06:01:21.000 sat=61
3 no pseudorange 2026/07/09 06:01:21.000 sat=70
3 estpos  : n=30
3 resprng : n=30
3 resprng : n=30
3 resprng : n=30
3 resprng : n=30
3 valsol  : n=30 nv=17
3 estvel  : n=30
3 resdop  : n=30
3 resdop  : n=30
3 pntpos  : tobs=2026/07/09 06:01:22.000 n=30
3 satposs : teph=2026/07/09 06:01:22.000 n=30 ephopt=0
3 no pseudorange 2026/07/09 06:01:22.000 sat=46
3 no pseudorange 2026/07/09 06:01:22.000 sat=61
3 no pseudorange 2026/07/09 06:01:22.000 sat=70
3 estpos  : n=30
3 resprng : n=30
3 resprng : n=30
3 resprng : n=30
3 resprng : n=30
3 valsol  : n=30 nv=17
3 estvel  : n=30
3 resdop  : n=30
3 resdop  : n=30
3 pntpos  : tobs=2026/07/09 06:01:23.000 n=30
3 satposs : teph=2026/07/09 06:01:23.000 n=30 ephopt=0
3 no pseudorange 2026/07/09 06:01:23.000 sat=46
3 no pseudorange 2026/07/09 06:01:23.000 sat=61
3 estpos  : n=30
3 resprng : n=30
3 resprng : n=30
3 resprng : n=30
3 resprng : n=30
3 valsol  : n=30 nv=17
3 estvel  : n=30
3 resdop  : n=30
3 resdop  : n=30
3 pntpos  : tobs=2026/07/09 06:01:24.000 n=30
3 satposs : teph=2026/07/09 06:01:24.000 n=30 ephopt=0
3 no pseudorange 2026/07/09 06:01:24.000 sat=46
3 no pseudorange 2026/07/09 06:01:24.000 sat=61
3 no pseudorange 2026/07/09 06:01:24.000 sat=70
3 estpos  : n=30
3 resprng : n=30
3 resprng : n=30
3 resprng : n=30
3 resprng : n=30
3 valsol  : n=30 nv=17
3 estvel  : n=30
3 resdop  : n=30
3 resdop  : n=30
3 resdop  : n=30
3 pntpos  : tobs=2026/07/09 06:01:25.000 n=31
3 satposs : teph=2026/07/09 06:01:25.000 n=31 ephopt=0
3 no pseudorange 2026/07/09 06:01:25.000 sat=46
3 no pseudorange 2026/07/09 06:01:25.000 sat=61
3 no pseudorange 2026/07/09 06:01:25.000 sat=70
3 estpos  : n=31
3 resprng : n=31
3 resprng : n=31
3 resprng : n=31
3 resprng : n=31
3 valsol  : n=31 nv=17
3 estvel  : n=31
3 resdop  : n=31
3 resdop  : n=31
3 resdop  : n=31
3 pntpos  : tobs=2026/07/09 06:01:26.000 n=30
3 satposs : teph=2026/07/09 06:01:26.000 n=30 ephopt=0
3 no pseudorange 2026/07/09 06:01:26.000 sat=46
3 no pseudorange 2026/07/09 06:01:26.000 sat=61
3 no pseudorange 2026/07/09 06:01:26.000 sat=70
3 estpos  : n=30
3 resprng : n=30
3 resprng : n=30
3 resprng : n=30
3 resprng : n=30
3 valsol  : n=30 nv=17
3 estvel  : n=30
3 resdop  : n=30
3 resdop  : n=30
3 pntpos  : tobs=2026/07/09 06:01:27.000 n=28
3 satposs : teph=2026/07/09 06:01:27.000 n=28 ephopt=0
3 no pseudorange 2026/07/09 06:01:27.000 sat=46
3 no pseudorange 2026/07/09 06:01:27.000 sat=61
3 estpos  : n=28
3 resprng : n=28
3 resprng : n=28
3 resprng : n=28
3 resprng : n=28
3 valsol  : n=28 nv=17
3 estvel  : n=28
3 resdop  : n=28
3 resdop  : n=28
3 resdop  : n=28
3 pntpos  : tobs=2026/07/09 06:01:28.000 n=29
3 satposs : teph=2026/07/09 06:01:28.000 n=29 ephopt=0
3 no pseudorange 2026/07/09 06:01:28.000 sat=46
3 no pseudorange 2026/07/09 06:01:28.000 sat=61
3 no pseudorange 2026/07/09 06:01:28.000 sat=70
3 estpos  : n=29
3 resprng : n=29
3 resprng : n=29
3 resprng : n=29
3 resprng : n=29
3 valsol  : n=29 nv=17
3 estvel  : n=29
3 resdop  : n=29
3 resdop  : n=29
3 pntpos  : tobs=2026/07/09 06:01:29.000 n=30
3 satposs : teph=2026/07/09 06:01:29.000 n=30 ephopt=0
3 no pseudorange 2026/07/09 06:01:29.000 sat=46
3 no pseudorange 2026/07/09 06:01:29.000 sat=61
3 no pseudorange 2026/07/09 06:01:29.000 sat=70
3 estpos  : n=30
3 resprng : n=30
3 resprng : n=30
3 resprng : n=30
3 resprng : n=30
3 valsol  : n=30 nv=17
3 estvel  : n=30
3 resdop  : n=30
3 resdop  : n=30
3 resdop  : n=30
3 pntpos  : tobs=2026/07/09 06:01:30.000 n=31
3 satposs : teph=2026/07/09 06:01:30.000 n=31 ephopt=0
3 no pseudorange 2026/07/09 06:01:30.000 sat=61
3 no pseudorange 2026/07/09 06:01:30.000 sat=70
3 estpos  : n=31
3 resprng : n=31
3 resprng : n=31
3 resprng : n=31
3 resprng : n=31
3 valsol  : n=31 nv=17
3 estvel  : n=31
3 resdop  : n=31
3 resdop  : n=31
3 resdop  : n=31
3 pntpos  : tobs=2026/07/09 06:01:31.000 n=31
3 satposs : teph=2026/07/09 06:01:31.000 n=31 ephopt=0
3 no pseudorange 2026/07/09 06:01:31.000 sat=46
3 no pseudorange 2026/07/09 06:01:31.000 sat=61
3 no pseudorange 2026/07/09 06:01:31.000 sat=70
3 estpos  : n=31
3 resprng : n=31
3 resprng : n=31
3 resprng : n=31
3 resprng : n=31
3 valsol  : n=31 nv=17
3 estvel  : n=31
3 resdop  : n=31
3 resdop  : n=31
3 resdop  : n=31
3 pntpos  : tobs=2026/07/09 06:01:32.000 n=31
3 satposs : teph=2026/07/09 06:01:32.000 n=31 ephopt=0
3 no pseudorange 2026/07/09 06:01:32.000 sat=46
3 no pseudorange 2026/07/09 06:01:32.000 sat=61
3 no pseudorange 2026/07/09 06:01:32.000 sat=70
3 estpos  : n=31
3 resprng : n=31
3 resprng : n=31
3 resprng : n=31
3 resprng : n=31
3 valsol  : n=31 nv=17
3 estvel  : n=31
3 resdop  : n=31
3 resdop  : n=31
3 pntpos  : tobs=2026/07/09 06:01:33.000 n=31
3 satposs : teph=2026/07/09 06:01:33.000 n=31 ephopt=0
3 no pseudorange 2026/07/09 06:01:33.000 sat=46
3 no pseudorange 2026/07/09 06:01:33.000 sat=61
3 estpos  : n=31
3 resprng : n=31
3 resprng : n=31
3 resprng : n=31
3 resprng : n=31
3 valsol  : n=31 nv=17
3 estvel  : n=31
3 resdop  : n=31
3 resdop  : n=31
3 pntpos  : tobs=2026/07/09 06:01:34.000 n=31
3 satposs : teph=2026/07/09 06:01:34.000 n=31 ephopt=0
3 no pseudorange 2026/07/09 06:01:34.000 sat=46
3 no pseudorange 2026/07/09 06:01:34.000 sat=61
3 no pseudorange 2026/07/09 06:01:34.000 sat=70
3 estpos  : n=31
3 resprng : n=31
3 resprng : n=31
3 resprng : n=31
3 resprng : n=31
3 valsol  : n=31 nv=17
3 estvel  : n=31
3 resdop  : n=31
3 resdop  : n=31
3 resdop  : n=31
3 pntpos  : tobs=2026/07/09 06:01:35.000 n=30
3 satposs : teph=2026/07/09 06:01:35.000 n=30 ephopt=0
3 no pseudorange 2026/07/09 06:01:35.000 sat=61
3 no pseudorange 2026/07/09 06:01:35.000 sat=70
3 estpos  : n=30
3 resprng : n=30
3 resprng : n=30
3 resprng : n=30
3 resprng : n=30
3 valsol  : n=30 nv=17
3 estvel  : n=30
3 resdop  : n=30
3 resdop  : n=30
3 pntpos  : tobs=2026/07/09 06:01:36.000 n=31
3 satposs : teph=2026/07/09 06:01:36.000 n=31 ephopt=0
3 no pseudorange 2026/07/09 06:01:36.000 sat=61
3 no pseudorange 2026/07/09 06:01:36.000 sat=70
3 estpos  : n=31
3 resprng : n=31
3 resprng : n=31
3 resprng : n=31
3 resprng : n=31
3 valsol  : n=31 nv=17
3 estvel  : n=31
3 resdop  : n=31
3 resdop  : n=31
3 resdop  : n=31
3 pntpos  : tobs=2026/07/09 06:01:37.000 n=31
3 satposs : teph=2026/07/09 06:01:37.000 n=31 ephopt=0
3 no pseudorange 2026/07/09 06:01:37.000 sat=46
3 no pseudorange 2026/07/09 06:01:37.000 sat=61
3 no pseudorange 2026/07/09 06:01:37.000 sat=70
3 estpos  : n=31
3 resprng : n=31
3 resprng : n=31
3 resprng : n=31
3 resprng : n=31
3 valsol  : n=31 nv=17
3 estvel  : n=31
3 resdop  : n=31
3 resdop  : n=31
3 resdop  : n=31
3 pntpos  : tobs=2026/07/09 06:01:38.000 n=30
3 satposs : teph=2026/07/09 06:01:38.000 n=30 ephopt=0
3 no pseudorange 2026/07/09 06:01:38.000 sat=46
3 no pseudorange 2026/07/09 06:01:38.000 sat=70
3 estpos  : n=30
3 resprng : n=30
3 resprng : n=30
3 resprng : n=30
3 resprng : n=30
3 valsol  : n=30 nv=17
3 estvel  : n=30
3 resdop  : n=30
3 resdop  : n=30
3 resdop  : n=30
3 pntpos  : tobs=2026/07/09 06:01:39.000 n=31
3 satposs : teph=2026/07/09 06:01:39.000 n=31 ephopt=0
3 no pseudorange 2026/07/09 06:01:39.000 sat=46
3 no pseudorange 2026/07/09 06:01:39.000 sat=61
3 no pseudorange 2026/07/09 06:01:39.000 sat=70
3 estpos  : n=31
3 resprng : n=31
3 resprng : n=31
3 resprng : n=31
3 resprng : n=31
3 valsol  : n=31 nv=17
3 estvel  : n=31
3 resdop  : n=31
3 resdop  : n=31
3 pntpos  : tobs=2026/07/09 06:01:40.000 n=30
3 satposs : teph=2026/07/09 06:01:40.000 n=30 ephopt=0
3 no pseudorange 2026/07/09 06:01:40.000 sat=46
3 no pseudorange 2026/07/09 06:01:40.000 sat=61
3 no pseudorange 2026/07/09 06:01:40.000 sat=70
3 estpos  : n=30
3 resprng : n=30
3 resprng : n=30
3 resprng : n=30
3 resprng : n=30
3 valsol  : n=30 nv=17
3 estvel  : n=30
3 resdop  : n=30
3 resdop  : n=30
3 resdop  : n=30
3 pntpos  : tobs=2026/07/09 06:01:41.000 n=30
3 satposs : teph=2026/07/09 06:01:41.000 n=30 ephopt=0
3 no pseudorange 2026/07/09 06:01:41.000 sat=46
3 no pseudorange 2026/07/09 06:01:41.000 sat=61
3 estpos  : n=30
3 resprng : n=30
3 resprng : n=30
3 resprng : n=30
3 resprng : n=30
3 valsol  : n=30 nv=17
3 estvel  : n=30
3 resdop  : n=30
3 resdop  : n=30
3 pntpos  : tobs=2026/07/09 06:01:42.000 n=31
3 satposs : teph=2026/07/09 06:01:42.000 n=31 ephopt=0
3 no pseudorange 2026/07/09 06:01:42.000 sat=46
3 no pseudorange 2026/07/09 06:01:42.000 sat=61
3 estpos  : n=31
3 resprng : n=31
3 resprng : n=31
3 resprng : n=31
3 resprng : n=31
3 valsol  : n=31 nv=17
3 estvel  : n=31
3 resdop  : n=31
3 resdop  : n=31
3 resdop  : n=31
3 pntpos  : tobs=2026/07/09 06:01:43.000 n=32
3 satposs : teph=2026/07/09 06:01:43.000 n=32 ephopt=0
3 no pseudorange 2026/07/09 06:01:43.000 sat=46
3 no pseudorange 2026/07/09 06:01:43.000 sat=61
3 no pseudorange 2026/07/09 06:01:43.000 sat=70
3 estpos  : n=32
3 resprng : n=32
3 resprng : n=32
3 resprng : n=32
3 resprng : n=32
3 valsol  : n=32 nv=17
3 estvel  : n=32
3 resdop  : n=32
3 resdop  : n=32
3 pntpos  : tobs=2026/07/09 06:01:44.000 n=32
3 satposs : teph=2026/07/09 06:01:44.000 n=32 ephopt=0
3 no pseudorange 2026/07/09 06:01:44.000 sat=46
3 no pseudorange 2026/07/09 06:01:44.000 sat=61
3 no pseudorange 2026/07/09 06:01:44.000 sat=70
3 estpos  : n=32
3 resprng : n=32
3 resprng : n=32
3 resprng : n=32
3 resprng : n=32
3 valsol  : n=32 nv=17
3 estvel  : n=32
3 resdop  : n=32
3 resdop  : n=32
3 pntpos  : tobs=2026/07/09 06:01:45.000 n=32
3 satposs : teph=2026/07/09 06:01:45.000 n=32 ephopt=0
3 no pseudorange 2026/07/09 06:01:45.000 sat=46
3 no pseudorange 2026/07/09 06:01:45.000 sat=61
3 no pseudorange 2026/07/09 06:01:45.000 sat=70
3 estpos  : n=32
3 resprng : n=32
3 resprng : n=32
3 resprng : n=32
3 resprng : n=32
3 valsol  : n=32 nv=17
3 estvel  : n=32
3 resdop  : n=32
3 resdop  : n=32
3 pntpos  : tobs=2026/07/09 06:01:46.000 n=31
3 satposs : teph=2026/07/09 06:01:46.000 n=31 ephopt=0
3 no pseudorange 2026/07/09 06:01:46.000 sat=46
3 no pseudorange 2026/07/09 06:01:46.000 sat=61
3 no pseudorange 2026/07/09 06:01:46.000 sat=70
3 estpos  : n=31
3 resprng : n=31
3 resprng : n=31
3 resprng : n=31
3 resprng : n=31
3 valsol  : n=31 nv=17
3 estvel  : n=31
3 resdop  : n=31
3 resdop  : n=31
3 pntpos  : tobs=2026/07/09 06:01:47.000 n=32
3 satposs : teph=2026/07/09 06:01:47.000 n=32 ephopt=0
3 no pseudorange 2026/07/09 06:01:47.000 sat=46
3 no pseudorange 2026/07/09 06:01:47.000 sat=70
3 estpos  : n=32
3 resprng : n=32
3 resprng : n=32
3 resprng : n=32
3 resprng : n=32
3 valsol  : n=32 nv=17
3 estvel  : n=32
3 resdop  : n=32
3 resdop  : n=32
3 pntpos  : tobs=2026/07/09 06:01:48.000 n=30
3 satposs : teph=2026/07/09 06:01:48.000 n=30 ephopt=0
3 no pseudorange 2026/07/09 06:01:48.000 sat=46
3 estpos  : n=30
3 resprng : n=30
3 resprng : n=30
3 resprng : n=30
3 resprng : n=30
3 valsol  : n=30 nv=16
3 estvel  : n=30
3 resdop  : n=30
3 resdop  : n=30
3 pntpos  : tobs=2026/07/09 06:01:49.000 n=29
3 satposs : teph=2026/07/09 06:01:49.000 n=29 ephopt=0
3 no pseudorange 2026/07/09 06:01:49.000 sat=70
3 estpos  : n=29
3 resprng : n=29
3 resprng : n=29
3 resprng : n=29
3 resprng : n=29
3 valsol  : n=29 nv=17
3 estvel  : n=29
3 resdop  : n=29
3 resdop  : n=29
3 resdop  : n=29
3 pntpos  : tobs=2026/07/09 06:01:50.000 n=31
3 satposs : teph=2026/07/09 06:01:50.000 n=31 ephopt=0
3 no pseudorange 2026/07/09 06:01:50.000 sat=46
3 estpos  : n=31
3 resprng : n=31
3 resprng : n=31
3 resprng : n=31
3 resprng : n=31
3 valsol  : n=31 nv=17
3 estvel  : n=31
3 resdop  : n=31
3 resdop  : n=31
3 pntpos  : tobs=2026/07/09 06:01:51.000 n=32
3 satposs : teph=2026/07/09 06:01:51.000 n=32 ephopt=0
3 no pseudorange 2026/07/09 06:01:51.000 sat=46
3 no pseudorange 2026/07/09 06:01:51.000 sat=70
3 estpos  : n=32
3 resprng : n=32
3 resprng : n=32
3 resprng : n=32
3 resprng : n=32
3 valsol  : n=32 nv=17
3 estvel  : n=32
3 resdop  : n=32
3 resdop  : n=32
3 pntpos  : tobs=2026/07/09 06:01:52.000 n=30
3 satposs : teph=2026/07/09 06:01:52.000 n=30 ephopt=0
3 no pseudorange 2026/07/09 06:01:52.000 sat=46
3 estpos  : n=30
3 resprng : n=30
3 resprng : n=30
3 resprng : n=30
3 resprng : n=30
3 valsol  : n=30 nv=17
3 estvel  : n=30
3 resdop  : n=30
3 resdop  : n=30
3 resdop  : n=30
3 pntpos  : tobs=2026/07/09 06:01:53.000 n=31
3 satposs : teph=2026/07/09 06:01:53.000 n=31 ephopt=0
3 no pseudorange 2026/07/09 06:01:53.000 sat=46
3 no pseudorange 2026/07/09 06:01:53.000 sat=70
3 estpos  : n=31
3 resprng : n=31
3 resprng : n=31
3 resprng : n=31
3 resprng : n=31
3 valsol  : n=31 nv=17
3 estvel  : n=31
3 resdop  : n=31
3 resdop  : n=31
3 pntpos  : tobs=2026/07/09 06:01:54.000 n=32
3 satposs : teph=2026/07/09 06:01:54.000 n=32 ephopt=0
3 no pseudorange 2026/07/09 06:01:54.000 sat=46
3 no pseudorange 2026/07/09 06:01:54.000 sat=61
3 no pseudorange 2026/07/09 06:01:54.000 sat=70
3 estpos  : n=32
3 resprng : n=32
3 resprng : n=32
3 resprng : n=32
3 resprng : n=32
3 valsol  : n=32 nv=17
3 estvel  : n=32
3 resdop  : n=32
3 resdop  : n=32
3 resdop  : n=32
3 pntpos  : tobs=2026/07/09 06:01:55.000 n=29
3 satposs : teph=2026/07/09 06:01:55.000 n=29 ephopt=0
3 no pseudorange 2026/07/09 06:01:55.000 sat=46
3 no pseudorange 2026/07/09 06:01:55.000 sat=61
3 no pseudorange 2026/07/09 06:01:55.000 sat=70
3 estpos  : n=29
3 resprng : n=29
3 resprng : n=29
3 resprng : n=29
3 resprng : n=29
3 valsol  : n=29 nv=17
3 estvel  : n=29
3 resdop  : n=29
3 resdop  : n=29
3 resdop  : n=29
3 pntpos  : tobs=2026/07/09 06:01:56.000 n=29
3 satposs : teph=2026/07/09 06:01:56.000 n=29 ephopt=0
3 no pseudorange 2026/07/09 06:01:56.000 sat=46
3 no pseudorange 2026/07/09 06:01:56.000 sat=61
3 no pseudorange 2026/07/09 06:01:56.000 sat=70
3 estpos  : n=29
3 resprng : n=29
3 resprng : n=29
3 resprng : n=29
3 resprng : n=29
3 valsol  : n=29 nv=16
3 estvel  : n=29
3 resdop  : n=29
3 resdop  : n=29
3 resdop  : n=29
3 pntpos  : tobs=2026/07/09 06:01:57.000 n=31
3 satposs : teph=2026/07/09 06:01:57.000 n=31 ephopt=0
3 no pseudorange 2026/07/09 06:01:57.000 sat=46
3 no pseudorange 2026/07/09 06:01:57.000 sat=61
3 no pseudorange 2026/07/09 06:01:57.000 sat=70
3 estpos  : n=31
3 resprng : n=31
3 resprng : n=31
3 resprng : n=31
3 resprng : n=31
3 valsol  : n=31 nv=17
3 estvel  : n=31
3 resdop  : n=31
3 resdop  : n=31
3 resdop  : n=31
3 pntpos  : tobs=2026/07/09 06:01:58.000 n=31
3 satposs : teph=2026/07/09 06:01:58.000 n=31 ephopt=0
3 no pseudorange 2026/07/09 06:01:58.000 sat=46
3 no pseudorange 2026/07/09 06:01:58.000 sat=61
3 no pseudorange 2026/07/09 06:01:58.000 sat=70
3 estpos  : n=31
3 resprng : n=31
3 resprng : n=31
3 resprng : n=31
3 resprng : n=31
3 valsol  : n=31 nv=17
3 estvel  : n=31
3 resdop  : n=31
3 resdop  : n=31
3 pntpos  : tobs=2026/07/09 06:01:59.000 n=30
3 satposs : teph=2026/07/09 06:01:59.000 n=30 ephopt=0
3 no pseudorange 2026/07/09 06:01:59.000 sat=46
3 no pseudorange 2026/07/09 06:01:59.000 sat=61
3 no pseudorange 2026/07/09 06:01:59.000 sat=70
3 estpos  : n=30
3 resprng : n=30
3 resprng : n=30
3 resprng : n=30
3 resprng : n=30
3 valsol  : n=30 nv=17
3 estvel  : n=30
3 resdop  : n=30
3 resdop  : n=30
3 pntpos  : tobs=2026/07/09 06:02:00.000 n=30
3 satposs : teph=2026/07/09 06:02:00.000 n=30 ephopt=0
3 no pseudorange 2026/07/09 06:02:00.000 sat=46
3 no pseudorange 2026/07/09 06:02:00.000 sat=70
3 estpos  : n=30
3 resprng : n=30
3 resprng : n=30
3 resprng : n=30
3 resprng : n=30
3 valsol  : n=30 nv=17
3 estvel  : n=30
3 resdop  : n=30
3 resdop  : n=30
3 resdop  : n=30
3 pntpos  : tobs=2026/07/09 06:02:01.000 n=31
3 satposs : teph=2026/07/09 06:02:01.000 n=31 ephopt=0
3 no pseudorange 2026/07/09 06:02:01.000 sat=46
3 no pseudorange 2026/07/09 06:02:01.000 sat=70
3 estpos  : n=31
3 resprng : n=31
3 resprng : n=31
3 resprng : n=31
3 resprng : n=31
3 valsol  : n=31 nv=17
3 estvel  : n=31
3 resdop  : n=31
3 resdop  : n=31
3 resdop  : n=31
3 pntpos  : tobs=2026/07/09 06:02:02.000 n=29
3 satposs : teph=2026/07/09 06:02:02.000 n=29 ephopt=0
3 no pseudorange 2026/07/09 06:02:02.000 sat=70
3 estpos  : n=29
3 resprng : n=29
3 resprng : n=29
3 resprng : n=29
3 resprng : n=29
3 valsol  : n=29 nv=17
3 estvel  : n=29
3 resdop  : n=29
3 resdop  : n=29
3 resdop  : n=29
3 pntpos  : tobs=2026/07/09 06:02:03.000 n=30
3 satposs : teph=2026/07/09 06:02:03.000 n=30 ephopt=0
3 no pseudorange 2026/07/09 06:02:03.000 sat=46
3 no pseudorange 2026/07/09 06:02:03.000 sat=70
3 estpos  : n=30
3 resprng : n=30
3 resprng : n=30
3 resprng : n=30
3 resprng : n=30
3 valsol  : n=30 nv=17
3 estvel  : n=30
3 resdop  : n=30
3 resdop  : n=30
3 pntpos  : tobs=2026/07/09 06:02:04.000 n=30
3 satposs : teph=2026/07/09 06:02:04.000 n=30 ephopt=0
3 no pseudorange 2026/07/09 06:02:04.000 sat=46
3 no pseudorange 2026/07/09 06:02:04.000 sat=70
3 estpos  : n=30
3 resprng : n=30
3 resprng : n=30
3 resprng : n=30
3 resprng : n=30
3 valsol  : n=30 nv=17
3 estvel  : n=30
3 resdop  : n=30
3 resdop  : n=30
3 resdop  : n=30
3 pntpos  : tobs=2026/07/09 06:02:05.000 n=30
3 satposs : teph=2026/07/09 06:02:05.000 n=30 ephopt=0
3 no pseudorange 2026/07/09 06:02:05.000 sat=46
3 no pseudorange 2026/07/09 06:02:05.000 sat=70
3 estpos  : n=30
3 resprng : n=30
3 resprng : n=30
3 resprng : n=30
3 resprng : n=30
3 valsol  : n=30 nv=16
3 estvel  : n=30
3 resdop  : n=30
3 resdop  : n=30
3 resdop  : n=30
3 pntpos  : tobs=2026/07/09 06:02:06.000 n=29
3 satposs : teph=2026/07/09 06:02:06.000 n=29 ephopt=0
3 no pseudorange 2026/07/09 06:02:06.000 sat=70
3 estpos  : n=29
3 resprng : n=29
3 resprng : n=29
3 resprng : n=29
3 resprng : n=29
3 valsol  : n=29 nv=16
3 estvel  : n=29
3 resdop  : n=29
3 resdop  : n=29
3 resdop  : n=29
3 pntpos  : tobs=2026/07/09 06:02:07.000 n=30
3 satposs : teph=2026/07/09 06:02:07.000 n=30 ephopt=0
3 estpos  : n=30
3 resprng : n=30
3 resprng : n=30
3 resprng : n=30
3 resprng : n=30
3 valsol  : n=30 nv=17
3 estvel  : n=30
3 resdop  : n=30
3 resdop  : n=30
3 pntpos  : tobs=2026/07/09 06:02:08.000 n=32
3 satposs : teph=2026/07/09 06:02:08.000 n=32 ephopt=0
3 no pseudorange 2026/07/09 06:02:08.000 sat=46
3 no pseudorange 2026/07/09 06:02:08.000 sat=70
3 estpos  : n=32
3 resprng : n=32
3 resprng : n=32
3 resprng : n=32
3 resprng : n=32
3 valsol  : n=32 nv=16
3 estvel  : n=32
3 resdop  : n=32
3 resdop  : n=32
3 resdop  : n=32
3 pntpos  : tobs=2026/07/09 06:02:09.000 n=29
3 satposs : teph=2026/07/09 06:02:09.000 n=29 ephopt=0
3 no pseudorange 2026/07/09 06:02:09.000 sat=70
3 estpos  : n=29
3 resprng : n=29
3 resprng : n=29
3 resprng : n=29
3 resprng : n=29
3 valsol  : n=29 nv=16
3 estvel  : n=29
3 resdop  : n=29
3 resdop  : n=29
3 resdop  : n=29
3 pntpos  : tobs=2026/07/09 06:02:10.000 n=28
3 satposs : teph=2026/07/09 06:02:10.000 n=28 ephopt=0
3 no pseudorange 2026/07/09 06:02:10.000 sat=70
3 estpos  : n=28
3 resprng : n=28
3 resprng : n=28
3 resprng : n=28
3 resprng : n=28
3 valsol  : n=28 nv=16
3 estvel  : n=28
3 resdop  : n=28
3 resdop  : n=28
3 resdop  : n=28
3 pntpos  : tobs=2026/07/09 06:02:11.000 n=29
3 satposs : teph=2026/07/09 06:02:11.000 n=29 ephopt=0
3 no pseudorange 2026/07/09 06:02:11.000 sat=61
3 no pseudorange 2026/07/09 06:02:11.000 sat=70
3 estpos  : n=29
3 resprng : n=29
3 resprng : n=29
3 resprng : n=29
3 resprng : n=29
3 valsol  : n=29 nv=16
3 estvel  : n=29
3 resdop  : n=29
3 resdop  : n=29
3 resdop  : n=29
3 pntpos  : tobs=2026/07/09 06:02:12.000 n=31
3 satposs : teph=2026/07/09 06:02:12.000 n=31 ephopt=0
3 no pseudorange 2026/07/09 06:02:12.000 sat=61
3 no pseudorange 2026/07/09 06:02:12.000 sat=70
3 estpos  : n=31
3 resprng : n=31
3 resprng : n=31
3 resprng : n=31
3 resprng : n=31
3 valsol  : n=31 nv=16
3 estvel  : n=31
3 resdop  : n=31
3 resdop  : n=31
3 pntpos  : tobs=2026/07/09 06:02:13.000 n=30
3 satposs : teph=2026/07/09 06:02:13.000 n=30 ephopt=0
3 no pseudorange 2026/07/09 06:02:13.000 sat=61
3 no pseudorange 2026/07/09 06:02:13.000 sat=70
3 estpos  : n=30
3 resprng : n=30
3 resprng : n=30
3 resprng : n=30
3 resprng : n=30
3 valsol  : n=30 nv=16
3 estvel  : n=30
3 resdop  : n=30
3 resdop  : n=30
3 pntpos  : tobs=2026/07/09 06:02:14.000 n=30
3 satposs : teph=2026/07/09 06:02:14.000 n=30 ephopt=0
3 no pseudorange 2026/07/09 06:02:14.000 sat=46
3 no pseudorange 2026/07/09 06:02:14.000 sat=61
3 no pseudorange 2026/07/09 06:02:14.000 sat=70
3 estpos  : n=30
3 resprng : n=30
3 resprng : n=30
3 resprng : n=30
3 resprng : n=30
3 valsol  : n=30 nv=17
3 estvel  : n=30
3 resdop  : n=30
3 resdop  : n=30
3 pntpos  : tobs=2026/07/09 06:02:15.000 n=28
3 satposs : teph=2026/07/09 06:02:15.000 n=28 ephopt=0
3 no pseudorange 2026/07/09 06:02:15.000 sat=61
3 no pseudorange 2026/07/09 06:02:15.000 sat=70
3 estpos  : n=28
3 resprng : n=28
3 resprng : n=28
3 resprng : n=28
3 resprng : n=28
3 valsol  : n=28 nv=16
3 estvel  : n=28
3 resdop  : n=28
3 resdop  : n=28
3 pntpos  : tobs=2026/07/09 06:02:16.000 n=31
3 satposs : teph=2026/07/09 06:02:16.000 n=31 ephopt=0
3 no pseudorange 2026/07/09 06:02:16.000 sat=46
3 no pseudorange 2026/07/09 06:02:16.000 sat=70
3 estpos  : n=31
3 resprng : n=31
3 resprng : n=31
3 resprng : n=31
3 resprng : n=31
3 valsol  : n=31 nv=17
3 estvel  : n=31
3 resdop  : n=31
3 resdop  : n=31
3 resdop  : n=31
3 pntpos  : tobs=2026/07/09 06:02:17.000 n=30
3 satposs : teph=2026/07/09 06:02:17.000 n=30 ephopt=0
3 no pseudorange 2026/07/09 06:02:17.000 sat=70
3 estpos  : n=30
3 resprng : n=30
3 resprng : n=30
3 resprng : n=30
3 resprng : n=30
3 valsol  : n=30 nv=17
3 estvel  : n=30
3 resdop  : n=30
3 resdop  : n=30
3 pntpos  : tobs=2026/07/09 06:02:18.000 n=30
3 satposs : teph=2026/07/09 06:02:18.000 n=30 ephopt=0
3 no pseudorange 2026/07/09 06:02:18.000 sat=70
3 estpos  : n=30
3 resprng : n=30
3 resprng : n=30
3 resprng : n=30
3 resprng : n=30
3 valsol  : n=30 nv=17
3 estvel  : n=30
3 resdop  : n=30
3 resdop  : n=30
3 resdop  : n=30
3 pntpos  : tobs=2026/07/09 06:02:19.000 n=31
3 satposs : teph=2026/07/09 06:02:19.000 n=31 ephopt=0
3 no pseudorange 2026/07/09 06:02:19.000 sat=46
3 no pseudorange 2026/07/09 06:02:19.000 sat=70
3 estpos  : n=31
3 resprng : n=31
3 resprng : n=31
3 resprng : n=31
3 resprng : n=31
3 valsol  : n=31 nv=16
3 estvel  : n=31
3 resdop  : n=31
3 resdop  : n=31
3 resdop  : n=31
3 pntpos  : tobs=2026/07/09 06:02:20.000 n=32
3 satposs : teph=2026/07/09 06:02:20.000 n=32 ephopt=0
3 no pseudorange 2026/07/09 06:02:20.000 sat=70
3 estpos  : n=32
3 resprng : n=32
3 resprng : n=32
3 resprng : n=32
3 resprng : n=32
3 valsol  : n=32 nv=17
3 estvel  : n=32
3 resdop  : n=32
3 resdop  : n=32
3 pntpos  : tobs=2026/07/09 06:02:21.000 n=31
3 satposs : teph=2026/07/09 06:02:21.000 n=31 ephopt=0
3 no pseudorange 2026/07/09 06:02:21.000 sat=46
3 no pseudorange 2026/07/09 06:02:21.000 sat=70
3 estpos  : n=31
3 resprng : n=31
3 resprng : n=31
3 resprng : n=31
3 resprng : n=31
3 valsol  : n=31 nv=17
3 estvel  : n=31
3 resdop  : n=31
3 resdop  : n=31
3 resdop  : n=31
3 pntpos  : tobs=2026/07/09 06:02:22.000 n=31
3 satposs : teph=2026/07/09 06:02:22.000 n=31 ephopt=0
3 no pseudorange 2026/07/09 06:02:22.000 sat=46
3 no pseudorange 2026/07/09 06:02:22.000 sat=70
3 estpos  : n=31
3 resprng : n=31
3 resprng : n=31
3 resprng : n=31
3 resprng : n=31
3 valsol  : n=31 nv=17
3 estvel  : n=31
3 resdop  : n=31
3 resdop  : n=31
3 resdop  : n=31
3 pntpos  : tobs=2026/07/09 06:02:23.000 n=32
3 satposs : teph=2026/07/09 06:02:23.000 n=32 ephopt=0
3 no pseudorange 2026/07/09 06:02:23.000 sat=46
3 no pseudorange 2026/07/09 06:02:23.000 sat=61
3 no pseudorange 2026/07/09 06:02:23.000 sat=70
3 estpos  : n=32
3 resprng : n=32
3 resprng : n=32
3 resprng : n=32
3 resprng : n=32
3 valsol  : n=32 nv=17
3 estvel  : n=32
3 resdop  : n=32
3 resdop  : n=32
3 resdop  : n=32
3 pntpos  : tobs=2026/07/09 06:02:24.000 n=31
3 satposs : teph=2026/07/09 06:02:24.000 n=31 ephopt=0
3 no pseudorange 2026/07/09 06:02:24.000 sat=46
3 no pseudorange 2026/07/09 06:02:24.000 sat=61
3 no pseudorange 2026/07/09 06:02:24.000 sat=70
3 estpos  : n=31
3 resprng : n=31
3 resprng : n=31
3 resprng : n=31
3 resprng : n=31
3 valsol  : n=31 nv=17
3 estvel  : n=31
3 resdop  : n=31
3 resdop  : n=31
3 resdop  : n=31
3 pntpos  : tobs=2026/07/09 06:02:25.000 n=31
3 satposs : teph=2026/07/09 06:02:25.000 n=31 ephopt=0
3 no pseudorange 2026/07/09 06:02:25.000 sat=46
3 no pseudorange 2026/07/09 06:02:25.000 sat=61
3 no pseudorange 2026/07/09 06:02:25.000 sat=70
3 estpos  : n=31
3 resprng : n=31
3 resprng : n=31
3 resprng : n=31
3 resprng : n=31
3 valsol  : n=31 nv=17
3 estvel  : n=31
3 resdop  : n=31
3 resdop  : n=31
3 pntpos  : tobs=2026/07/09 06:02:26.000 n=32
3 satposs : teph=2026/07/09 06:02:26.000 n=32 ephopt=0
3 no pseudorange 2026/07/09 06:02:26.000 sat=46
3 no pseudorange 2026/07/09 06:02:26.000 sat=61
3 no pseudorange 2026/07/09 06:02:26.000 sat=70
3 estpos  : n=32
3 resprng : n=32
3 resprng : n=32
3 resprng : n=32
3 resprng : n=32
3 valsol  : n=32 nv=17
3 estvel  : n=32
3 resdop  : n=32
3 resdop  : n=32
3 pntpos  : tobs=2026/07/09 06:02:27.000 n=30
3 satposs : teph=2026/07/09 06:02:27.000 n=30 ephopt=0
3 no pseudorange 2026/07/09 06:02:27.000 sat=61
3 estpos  : n=30
3 resprng : n=30
3 resprng : n=30
3 resprng : n=30
3 resprng : n=30
3 valsol  : n=30 nv=17
3 estvel  : n=30
3 resdop  : n=30
3 resdop  : n=30
3 pntpos  : tobs=2026/07/09 06:02:28.000 n=30
3 satposs : teph=2026/07/09 06:02:28.000 n=30 ephopt=0
3 no pseudorange 2026/07/09 06:02:28.000 sat=46
3 no pseudorange 2026/07/09 06:02:28.000 sat=61
3 no pseudorange 2026/07/09 06:02:28.000 sat=70
3 estpos  : n=30
3 resprng : n=30
3 resprng : n=30
3 resprng : n=30
3 resprng : n=30
3 valsol  : n=30 nv=17
3 estvel  : n=30
3 resdop  : n=30
3 resdop  : n=30
3 resdop  : n=30
3 pntpos  : tobs=2026/07/09 06:02:29.000 n=31
3 satposs : teph=2026/07/09 06:02:29.000 n=31 ephopt=0
3 no pseudorange 2026/07/09 06:02:29.000 sat=46
3 no pseudorange 2026/07/09 06:02:29.000 sat=61
3 no pseudorange 2026/07/09 06:02:29.000 sat=70
3 estpos  : n=31
3 resprng : n=31
3 resprng : n=31
3 resprng : n=31
3 resprng : n=31
3 valsol  : n=31 nv=17
3 estvel  : n=31
3 resdop  : n=31
3 resdop  : n=31
3 pntpos  : tobs=2026/07/09 06:02:30.000 n=31
3 satposs : teph=2026/07/09 06:02:30.000 n=31 ephopt=0
3 no pseudorange 2026/07/09 06:02:30.000 sat=46
3 no pseudorange 2026/07/09 06:02:30.000 sat=61
3 estpos  : n=31
3 resprng : n=31
3 resprng : n=31
3 resprng : n=31
3 resprng : n=31
3 valsol  : n=31 nv=17
3 estvel  : n=31
3 resdop  : n=31
3 resdop  : n=31
3 resdop  : n=31
3 pntpos  : tobs=2026/07/09 06:02:31.000 n=32
3 satposs : teph=2026/07/09 06:02:31.000 n=32 ephopt=0
3 no pseudorange 2026/07/09 06:02:31.000 sat=46
3 no pseudorange 2026/07/09 06:02:31.000 sat=61
3 no pseudorange 2026/07/09 06:02:31.000 sat=70
3 estpos  : n=32
3 resprng : n=32
3 resprng : n=32
3 resprng : n=32
3 resprng : n=32
3 valsol  : n=32 nv=17
3 estvel  : n=32
3 resdop  : n=32
3 resdop  : n=32
3 resdop  : n=32
3 pntpos  : tobs=2026/07/09 06:02:32.000 n=33
3 satposs : teph=2026/07/09 06:02:32.000 n=33 ephopt=0
3 no pseudorange 2026/07/09 06:02:32.000 sat=46
3 no pseudorange 2026/07/09 06:02:32.000 sat=61
3 no pseudorange 2026/07/09 06:02:32.000 sat=70
3 estpos  : n=33
3 resprng : n=33
3 resprng : n=33
3 resprng : n=33
3 resprng : n=33
3 valsol  : n=33 nv=17
3 estvel  : n=33
3 resdop  : n=33
3 resdop  : n=33
3 resdop  : n=33
3 pntpos  : tobs=2026/07/09 06:02:33.000 n=33
3 satposs : teph=2026/07/09 06:02:33.000 n=33 ephopt=0
3 no pseudorange 2026/07/09 06:02:33.000 sat=46
3 no pseudorange 2026/07/09 06:02:33.000 sat=61
3 no pseudorange 2026/07/09 06:02:33.000 sat=70
3 estpos  : n=33
3 resprng : n=33
3 resprng : n=33
3 resprng : n=33
3 resprng : n=33
3 valsol  : n=33 nv=17
3 estvel  : n=33
3 resdop  : n=33
3 resdop  : n=33
3 resdop  : n=33
3 pntpos  : tobs=2026/07/09 06:02:34.000 n=32
3 satposs : teph=2026/07/09 06:02:34.000 n=32 ephopt=0
3 no pseudorange 2026/07/09 06:02:34.000 sat=46
3 no pseudorange 2026/07/09 06:02:34.000 sat=61
3 no pseudorange 2026/07/09 06:02:34.000 sat=70
3 estpos  : n=32
3 resprng : n=32
3 resprng : n=32
3 resprng : n=32
3 resprng : n=32
3 valsol  : n=32 nv=16
3 estvel  : n=32
3 resdop  : n=32
3 resdop  : n=32
3 resdop  : n=32
3 pntpos  : tobs=2026/07/09 06:02:35.000 n=31
3 satposs : teph=2026/07/09 06:02:35.000 n=31 ephopt=0
3 no pseudorange 2026/07/09 06:02:35.000 sat=61
3 no pseudorange 2026/07/09 06:02:35.000 sat=70
3 estpos  : n=31
3 resprng : n=31
3 resprng : n=31
3 resprng : n=31
3 resprng : n=31
3 valsol  : n=31 nv=17
3 estvel  : n=31
3 resdop  : n=31
3 resdop  : n=31
3 pntpos  : tobs=2026/07/09 06:02:36.000 n=31
3 satposs : teph=2026/07/09 06:02:36.000 n=31 ephopt=0
3 no pseudorange 2026/07/09 06:02:36.000 sat=61
3 no pseudorange 2026/07/09 06:02:36.000 sat=70
3 estpos  : n=31
3 resprng : n=31
3 resprng : n=31
3 resprng : n=31
3 resprng : n=31
3 valsol  : n=31 nv=17
3 estvel  : n=31
3 resdop  : n=31
3 resdop  : n=31
3 resdop  : n=31
3 pntpos  : tobs=2026/07/09 06:02:37.000 n=31
3 satposs : teph=2026/07/09 06:02:37.000 n=31 ephopt=0
3 no pseudorange 2026/07/09 06:02:37.000 sat=46
3 no pseudorange 2026/07/09 06:02:37.000 sat=61
3 estpos  : n=31
3 resprng : n=31
3 resprng : n=31
3 resprng : n=31
3 resprng : n=31
3 valsol  : n=31 nv=17
3 estvel  : n=31
3 resdop  : n=31
3 resdop  : n=31
3 resdop  : n=31
3 pntpos  : tobs=2026/07/09 06:02:38.000 n=30
3 satposs : teph=2026/07/09 06:02:38.000 n=30 ephopt=0
3 no pseudorange 2026/07/09 06:02:38.000 sat=61
3 no pseudorange 2026/07/09 06:02:38.000 sat=70
3 estpos  : n=30
3 resprng : n=30
3 resprng : n=30
3 resprng : n=30
3 resprng : n=30
3 valsol  : n=30 nv=17
3 estvel  : n=30
3 resdop  : n=30
3 resdop  : n=30
3 pntpos  : tobs=2026/07/09 06:02:39.000 n=32
3 satposs : teph=2026/07/09 06:02:39.000 n=32 ephopt=0
3 no pseudorange 2026/07/09 06:02:39.000 sat=61
3 no pseudorange 2026/07/09 06:02:39.000 sat=70
3 estpos  : n=32
3 resprng : n=32
3 resprng : n=32
3 resprng : n=32
3 resprng : n=32
3 valsol  : n=32 nv=16
3 estvel  : n=32
3 resdop  : n=32
3 resdop  : n=32
3 pntpos  : tobs=2026/07/09 06:02:40.000 n=33
3 satposs : teph=2026/07/09 06:02:40.000 n=33 ephopt=0
3 no pseudorange 2026/07/09 06:02:40.000 sat=46
3 no pseudorange 2026/07/09 06:02:40.000 sat=61
3 no pseudorange 2026/07/09 06:02:40.000 sat=70
3 estpos  : n=33
3 resprng : n=33
3 resprng : n=33
3 resprng : n=33
3 resprng : n=33
3 valsol  : n=33 nv=17
3 estvel  : n=33
3 resdop  : n=33
3 resdop  : n=33
3 resdop  : n=33
3 pntpos  : tobs=2026/07/09 06:02:41.000 n=30
3 satposs : teph=2026/07/09 06:02:41.000 n=30 ephopt=0
3 no pseudorange 2026/07/09 06:02:41.000 sat=61
3 no pseudorange 2026/07/09 06:02:41.000 sat=70
3 estpos  : n=30
3 resprng : n=30
3 resprng : n=30
3 resprng : n=30
3 resprng : n=30
3 valsol  : n=30 nv=17
3 estvel  : n=30
3 resdop  : n=30
3 resdop  : n=30
3 resdop  : n=30
3 pntpos  : tobs=2026/07/09 06:02:42.000 n=30
3 satposs : teph=2026/07/09 06:02:42.000 n=30 ephopt=0
3 no pseudorange 2026/07/09 06:02:42.000 sat=61
3 no pseudorange 2026/07/09 06:02:42.000 sat=70
3 estpos  : n=30
3 resprng : n=30
3 resprng : n=30
3 resprng : n=30
3 resprng : n=30
3 valsol  : n=30 nv=16
3 estvel  : n=30
3 resdop  : n=30
3 resdop  : n=30
3 resdop  : n=30
3 pntpos  : tobs=2026/07/09 06:02:43.000 n=33
3 satposs : teph=2026/07/09 06:02:43.000 n=33 ephopt=0
3 no pseudorange 2026/07/09 06:02:43.000 sat=46
3 no pseudorange 2026/07/09 06:02:43.000 sat=61
3 no pseudorange 2026/07/09 06:02:43.000 sat=70
3 estpos  : n=33
3 resprng : n=33
3 resprng : n=33
3 resprng : n=33
3 resprng : n=33
3 valsol  : n=33 nv=17
3 estvel  : n=33
3 resdop  : n=33
3 resdop  : n=33
3 resdop  : n=33
3 pntpos  : tobs=2026/07/09 06:02:44.000 n=33
3 satposs : teph=2026/07/09 06:02:44.000 n=33 ephopt=0
3 no pseudorange 2026/07/09 06:02:44.000 sat=61
3 no pseudorange 2026/07/09 06:02:44.000 sat=70
3 estpos  : n=33
3 resprng : n=33
3 resprng : n=33
3 resprng : n=33
3 resprng : n=33
3 valsol  : n=33 nv=18
3 estvel  : n=33
3 resdop  : n=33
3 resdop  : n=33
3 resdop  : n=33
3 pntpos  : tobs=2026/07/09 06:02:45.000 n=32
3 satposs : teph=2026/07/09 06:02:45.000 n=32 ephopt=0
3 no pseudorange 2026/07/09 06:02:45.000 sat=61
3 no pseudorange 2026/07/09 06:02:45.000 sat=70
3 estpos  : n=32
3 resprng : n=32
3 resprng : n=32
3 resprng : n=32
3 resprng : n=32
3 valsol  : n=32 nv=17
3 estvel  : n=32
3 resdop  : n=32
3 resdop  : n=32
3 resdop  : n=32
3 pntpos  : tobs=2026/07/09 06:02:46.000 n=32
3 satposs : teph=2026/07/09 06:02:46.000 n=32 ephopt=0
3 no pseudorange 2026/07/09 06:02:46.000 sat=46
3 no pseudorange 2026/07/09 06:02:46.000 sat=61
3 no pseudorange 2026/07/09 06:02:46.000 sat=70
3 estpos  : n=32
3 resprng : n=32
3 resprng : n=32
3 resprng : n=32
3 resprng : n=32
3 valsol  : n=32 nv=17
3 estvel  : n=32
3 resdop  : n=32
3 resdop  : n=32
3 resdop  : n=32
3 pntpos  : tobs=2026/07/09 06:02:47.000 n=33
3 satposs : teph=2026/07/09 06:02:47.000 n=33 ephopt=0
3 no pseudorange 2026/07/09 06:02:47.000 sat=46
3 no pseudorange 2026/07/09 06:02:47.000 sat=61
3 estpos  : n=33
3 resprng : n=33
3 resprng : n=33
3 resprng : n=33
3 resprng : n=33
3 valsol  : n=33 nv=18
3 pntpos  : tobs=2026/07/09 06:02:48.000 n=34
3 satposs : teph=2026/07/09 06:02:48.000 n=34 ephopt=0
3 no pseudorange 2026/07/09 06:02:48.000 sat=61
3 no pseudorange 2026/07/09 06:02:48.000 sat=70
3 estpos  : n=34
3 resprng : n=34
3 resprng : n=34
3 resprng : n=34
3 resprng : n=34
3 valsol  : n=34 nv=18
3 pntpos  : tobs=2026/07/09 06:02:49.000 n=30
3 satposs : teph=2026/07/09 06:02:49.000 n=30 ephopt=0
3 no pseudorange 2026/07/09 06:02:49.000 sat=61
3 no pseudorange 2026/07/09 06:02:49.000 sat=70
3 estpos  : n=30
3 resprng : n=30
3 resprng : n=30
3 resprng : n=30
3 resprng : n=30
3 valsol  : n=30 nv=17
3 estvel  : n=30
3 resdop  : n=30
3 resdop  : n=30
3 resdop  : n=30
3 pntpos  : tobs=2026/07/09 06:02:50.000 n=32
3 satposs : teph=2026/07/09 06:02:50.000 n=32 ephopt=0
3 no pseudorange 2026/07/09 06:02:50.000 sat=46
3 no pseudorange 2026/07/09 06:02:50.000 sat=61
3 no pseudorange 2026/07/09 06:02:50.000 sat=70
3 estpos  : n=32
3 resprng : n=32
3 resprng : n=32
3 resprng : n=32
3 resprng : n=32
3 valsol  : n=32 nv=17
3 estvel  : n=32
3 resdop  : n=32
3 resdop  : n=32
3 pntpos  : tobs=2026/07/09 06:02:51.000 n=33
3 satposs : teph=2026/07/09 06:02:51.000 n=33 ephopt=0
3 no pseudorange 2026/07/09 06:02:51.000 sat=46
3 no pseudorange 2026/07/09 06:02:51.000 sat=61
3 no pseudorange 2026/07/09 06:02:51.000 sat=70
3 estpos  : n=33
3 resprng : n=33
3 resprng : n=33
3 resprng : n=33
3 resprng : n=33
3 valsol  : n=33 nv=17
3 estvel  : n=33
3 resdop  : n=33
3 resdop  : n=33
3 resdop  : n=33
3 pntpos  : tobs=2026/07/09 06:02:52.000 n=31
3 satposs : teph=2026/07/09 06:02:52.000 n=31 ephopt=0
3 no pseudorange 2026/07/09 06:02:52.000 sat=61
3 no pseudorange 2026/07/09 06:02:52.000 sat=70
3 estpos  : n=31
3 resprng : n=31
3 resprng : n=31
3 resprng : n=31
3 resprng : n=31
3 valsol  : n=31 nv=17
3 estvel  : n=31
3 resdop  : n=31
3 resdop  : n=31
3 pntpos  : tobs=2026/07/09 06:02:53.000 n=31
3 satposs : teph=2026/07/09 06:02:53.000 n=31 ephopt=0
3 no pseudorange 2026/07/09 06:02:53.000 sat=46
3 no pseudorange 2026/07/09 06:02:53.000 sat=61
3 no pseudorange 2026/07/09 06:02:53.000 sat=70
3 estpos  : n=31
3 resprng : n=31
3 resprng : n=31
3 resprng : n=31
3 resprng : n=31
3 valsol  : n=31 nv=17
3 estvel  : n=31
3 resdop  : n=31
3 resdop  : n=31
3 resdop  : n=31
3 pntpos  : tobs=2026/07/09 06:02:54.000 n=30
3 satposs : teph=2026/07/09 06:02:54.000 n=30 ephopt=0
3 no pseudorange 2026/07/09 06:02:54.000 sat=61
3 no pseudorange 2026/07/09 06:02:54.000 sat=70
3 estpos  : n=30
3 resprng : n=30
3 resprng : n=30
3 resprng : n=30
3 resprng : n=30
3 valsol  : n=30 nv=16
3 estvel  : n=30
3 resdop  : n=30
3 resdop  : n=30
3 resdop  : n=30
3 pntpos  : tobs=2026/07/09 06:02:55.000 n=34
3 satposs : teph=2026/07/09 06:02:55.000 n=34 ephopt=0
3 no pseudorange 2026/07/09 06:02:55.000 sat=46
3 no pseudorange 2026/07/09 06:02:55.000 sat=61
3 no pseudorange 2026/07/09 06:02:55.000 sat=70
3 estpos  : n=34
3 resprng : n=34
3 resprng : n=34
3 resprng : n=34
3 resprng : n=34
3 valsol  : n=34 nv=19
3 estvel  : n=34
3 resdop  : n=34
3 resdop  : n=34
3 resdop  : n=34
3 pntpos  : tobs=2026/07/09 06:02:56.000 n=32
3 satposs : teph=2026/07/09 06:02:56.000 n=32 ephopt=0
3 no pseudorange 2026/07/09 06:02:56.000 sat=61
3 no pseudorange 2026/07/09 06:02:56.000 sat=70
3 estpos  : n=32
3 resprng : n=32
3 resprng : n=32
3 resprng : n=32
3 resprng : n=32
3 valsol  : n=32 nv=19
3 estvel  : n=32
3 resdop  : n=32
3 resdop  : n=32
3 resdop  : n=32
3 pntpos  : tobs=2026/07/09 06:02:57.000 n=31
3 satposs : teph=2026/07/09 06:02:57.000 n=31 ephopt=0
3 no pseudorange 2026/07/09 06:02:57.000 sat=46
3 no pseudorange 2026/07/09 06:02:57.000 sat=61
3 no pseudorange 2026/07/09 06:02:57.000 sat=70
3 estpos  : n=31
3 resprng : n=31
3 resprng : n=31
3 resprng : n=31
3 resprng : n=31
3 valsol  : n=31 nv=18
3 estvel  : n=31
3 resdop  : n=31
3 resdop  : n=31
3 pntpos  : tobs=2026/07/09 06:02:58.000 n=33
3 satposs : teph=2026/07/09 06:02:58.000 n=33 ephopt=0
3 no pseudorange 2026/07/09 06:02:58.000 sat=46
3 no pseudorange 2026/07/09 06:02:58.000 sat=61
3 no pseudorange 2026/07/09 06:02:58.000 sat=70
3 estpos  : n=33
3 resprng : n=33
3 resprng : n=33
3 resprng : n=33
3 resprng : n=33
3 valsol  : n=33 nv=18
3 estvel  : n=33
3 resdop  : n=33
3 resdop  : n=33
3 pntpos  : tobs=2026/07/09 06:02:59.000 n=32
3 satposs : teph=2026/07/09 06:02:59.000 n=32 ephopt=0
3 no pseudorange 2026/07/09 06:02:59.000 sat=61
3 no pseudorange 2026/07/09 06:02:59.000 sat=70
3 estpos  : n=32
3 resprng : n=32
3 resprng : n=32
3 resprng : n=32
3 resprng : n=32
3 valsol  : n=32 nv=19
3 pntpos  : tobs=2026/07/09 06:03:00.000 n=30
3 satposs : teph=2026/07/09 06:03:00.000 n=30 ephopt=0
3 no pseudorange 2026/07/09 06:03:00.000 sat=61
3 no pseudorange 2026/07/09 06:03:00.000 sat=70
3 estpos  : n=30
3 resprng : n=30
3 resprng : n=30
3 resprng : n=30
3 resprng : n=30
3 valsol  : n=30 nv=18
3 estvel  : n=30
3 resdop  : n=30
3 resdop  : n=30
3 resdop  : n=30
3 pntpos  : tobs=2026/07/09 06:03:01.000 n=31
3 satposs : teph=2026/07/09 06:03:01.000 n=31 ephopt=0
3 no pseudorange 2026/07/09 06:03:01.000 sat=61
3 no pseudorange 2026/07/09 06:03:01.000 sat=70
3 estpos  : n=31
3 resprng : n=31
3 resprng : n=31
3 resprng : n=31
3 resprng : n=31
3 valsol  : n=31 nv=18
3 estvel  : n=31
3 resdop  : n=31
3 resdop  : n=31
3 resdop  : n=31
3 pntpos  : tobs=2026/07/09 06:03:02.000 n=32
3 satposs : teph=2026/07/09 06:03:02.000 n=32 ephopt=0
3 no pseudorange 2026/07/09 06:03:02.000 sat=46
3 no pseudorange 2026/07/09 06:03:02.000 sat=61
3 no pseudorange 2026/07/09 06:03:02.000 sat=70
3 estpos  : n=32
3 resprng : n=32
3 resprng : n=32
3 resprng : n=32
3 resprng : n=32
3 valsol  : n=32 nv=19
3 pntpos  : tobs=2026/07/09 06:03:03.000 n=31
3 satposs : teph=2026/07/09 06:03:03.000 n=31 ephopt=0
3 no pseudorange 2026/07/09 06:03:03.000 sat=46
3 no pseudorange 2026/07/09 06:03:03.000 sat=61
3 no pseudorange 2026/07/09 06:03:03.000 sat=70
3 estpos  : n=31
3 resprng : n=31
3 resprng : n=31
3 resprng : n=31
3 resprng : n=31
3 valsol  : n=31 nv=18
3 estvel  : n=31
3 resdop  : n=31
3 resdop  : n=31
3 pntpos  : tobs=2026/07/09 06:03:04.000 n=31
3 satposs : teph=2026/07/09 06:03:04.000 n=31 ephopt=0
3 no pseudorange 2026/07/09 06:03:04.000 sat=61
3 no pseudorange 2026/07/09 06:03:04.000 sat=70
3 estpos  : n=31
3 resprng : n=31
3 resprng : n=31
3 resprng : n=31
3 resprng : n=31
3 valsol  : n=31 nv=19
3 pntpos  : tobs=2026/07/09 06:03:05.000 n=31
3 satposs : teph=2026/07/09 06:03:05.000 n=31 ephopt=0
3 no pseudorange 2026/07/09 06:03:05.000 sat=61
3 no pseudorange 2026/07/09 06:03:05.000 sat=70
3 estpos  : n=31
3 resprng : n=31
3 resprng : n=31
3 resprng : n=31
3 resprng : n=31
3 valsol  : n=31 nv=19
3 pntpos  : tobs=2026/07/09 06:03:06.000 n=33
3 satposs : teph=2026/07/09 06:03:06.000 n=33 ephopt=0
3 no pseudorange 2026/07/09 06:03:06.000 sat=46
3 no pseudorange 2026/07/09 06:03:06.000 sat=70
3 estpos  : n=33
3 resprng : n=33
3 resprng : n=33
3 resprng : n=33
3 resprng : n=33
3 valsol  : n=33 nv=20
3 pntpos  : tobs=2026/07/09 06:03:07.000 n=31
3 satposs : teph=2026/07/09 06:03:07.000 n=31 ephopt=0
3 no pseudorange 2026/07/09 06:03:07.000 sat=70
3 estpos  : n=31
3 resprng : n=31
3 resprng : n=31
3 resprng : n=31
3 resprng : n=31
3 valsol  : n=31 nv=19
3 pntpos  : tobs=2026/07/09 06:03:08.000 n=32
3 satposs : teph=2026/07/09 06:03:08.000 n=32 ephopt=0
3 no pseudorange 2026/07/09 06:03:08.000 sat=46
3 no pseudorange 2026/07/09 06:03:08.000 sat=70
3 estpos  : n=32
3 resprng : n=32
3 resprng : n=32
3 resprng : n=32
3 resprng : n=32
3 valsol  : n=32 nv=19
3 pntpos  : tobs=2026/07/09 06:03:09.000 n=31
3 satposs : teph=2026/07/09 06:03:09.000 n=31 ephopt=0
3 no pseudorange 2026/07/09 06:03:09.000 sat=70
3 estpos  : n=31
3 resprng : n=31
3 resprng : n=31
3 resprng : n=31
3 resprng : n=31
3 valsol  : n=31 nv=19
3 pntpos  : tobs=2026/07/09 06:03:10.000 n=31
3 satposs : teph=2026/07/09 06:03:10.000 n=31 ephopt=0
3 no pseudorange 2026/07/09 06:03:10.000 sat=70
3 estpos  : n=31
3 resprng : n=31
3 resprng : n=31
3 resprng : n=31
3 resprng : n=31
3 valsol  : n=31 nv=19
3 pntpos  : tobs=2026/07/09 06:03:11.000 n=29
3 satposs : teph=2026/07/09 06:03:11.000 n=29 ephopt=0
3 no pseudorange 2026/07/09 06:03:11.000 sat=70
3 estpos  : n=29
3 resprng : n=29
3 resprng : n=29
3 resprng : n=29
3 resprng : n=29
3 valsol  : n=29 nv=18
3 estvel  : n=29
3 resdop  : n=29
3 resdop  : n=29
3 resdop  : n=29
3 pntpos  : tobs=2026/07/09 06:03:12.000 n=33
3 satposs : teph=2026/07/09 06:03:12.000 n=33 ephopt=0
3 no pseudorange 2026/07/09 06:03:12.000 sat=46
3 no pseudorange 2026/07/09 06:03:12.000 sat=70
3 estpos  : n=33
3 resprng : n=33
3 resprng : n=33
3 resprng : n=33
3 resprng : n=33
3 valsol  : n=33 nv=19
3 pntpos  : tobs=2026/07/09 06:03:13.000 n=32
3 satposs : teph=2026/07/09 06:03:13.000 n=32 ephopt=0
3 no pseudorange 2026/07/09 06:03:13.000 sat=46
3 no pseudorange 2026/07/09 06:03:13.000 sat=70
3 estpos  : n=32
3 resprng : n=32
3 resprng : n=32
3 resprng : n=32
3 resprng : n=32
3 valsol  : n=32 nv=19
3 pntpos  : tobs=2026/07/09 06:03:14.000 n=31
3 satposs : teph=2026/07/09 06:03:14.000 n=31 ephopt=0
3 no pseudorange 2026/07/09 06:03:14.000 sat=70
3 estpos  : n=31
3 resprng : n=31
3 resprng : n=31
3 resprng : n=31
3 resprng : n=31
3 valsol  : n=31 nv=19
3 pntpos  : tobs=2026/07/09 06:03:15.000 n=32
3 satposs : teph=2026/07/09 06:03:15.000 n=32 ephopt=0
3 no pseudorange 2026/07/09 06:03:15.000 sat=70
3 estpos  : n=32
3 resprng : n=32
3 resprng : n=32
3 resprng : n=32
3 resprng : n=32
3 valsol  : n=32 nv=19
3 pntpos  : tobs=2026/07/09 06:03:16.000 n=32
3 satposs : teph=2026/07/09 06:03:16.000 n=32 ephopt=0
3 no pseudorange 2026/07/09 06:03:16.000 sat=46
3 no pseudorange 2026/07/09 06:03:16.000 sat=70
3 estpos  : n=32
3 resprng : n=32
3 resprng : n=32
3 resprng : n=32
3 resprng : n=32
3 valsol  : n=32 nv=18
3 estvel  : n=32
3 resdop  : n=32
3 resdop  : n=32
3 resdop  : n=32
3 pntpos  : tobs=2026/07/09 06:03:17.000 n=31
3 satposs : teph=2026/07/09 06:03:17.000 n=31 ephopt=0
3 no pseudorange 2026/07/09 06:03:17.000 sat=70
3 estpos  : n=31
3 resprng : n=31
3 resprng : n=31
3 resprng : n=31
3 resprng : n=31
3 valsol  : n=31 nv=18
3 estvel  : n=31
3 resdop  : n=31
3 resdop  : n=31
3 pntpos  : tobs=2026/07/09 06:03:18.000 n=32
3 satposs : teph=2026/07/09 06:03:18.000 n=32 ephopt=0
3 no pseudorange 2026/07/09 06:03:18.000 sat=46
3 no pseudorange 2026/07/09 06:03:18.000 sat=70
3 estpos  : n=32
3 resprng : n=32
3 resprng : n=32
3 resprng : n=32
3 resprng : n=32
3 valsol  : n=32 nv=19
3 estvel  : n=32
3 resdop  : n=32
3 resdop  : n=32
3 resdop  : n=32
3 pntpos  : tobs=2026/07/09 06:03:19.000 n=31
3 satposs : teph=2026/07/09 06:03:19.000 n=31 ephopt=0
3 no pseudorange 2026/07/09 06:03:19.000 sat=70
3 estpos  : n=31
3 resprng : n=31
3 resprng : n=31
3 resprng : n=31
3 resprng : n=31
3 valsol  : n=31 nv=18
3 estvel  : n=31
3 resdop  : n=31
3 resdop  : n=31
3 pntpos  : tobs=2026/07/09 06:03:20.000 n=31
3 satposs : teph=2026/07/09 06:03:20.000 n=31 ephopt=0
3 no pseudorange 2026/07/09 06:03:20.000 sat=70
3 estpos  : n=31
3 resprng : n=31
3 resprng : n=31
3 resprng : n=31
3 resprng : n=31
3 valsol  : n=31 nv=19
3 estvel  : n=31
3 resdop  : n=31
3 resdop  : n=31
3 resdop  : n=31
3 pntpos  : tobs=2026/07/09 06:03:21.000 n=30
3 satposs : teph=2026/07/09 06:03:21.000 n=30 ephopt=0
3 no pseudorange 2026/07/09 06:03:21.000 sat=70
3 estpos  : n=30
3 resprng : n=30
3 resprng : n=30
3 resprng : n=30
3 resprng : n=30
3 valsol  : n=30 nv=17
3 estvel  : n=30
3 resdop  : n=30
3 resdop  : n=30
3 resdop  : n=30
3 pntpos  : tobs=2026/07/09 06:03:22.000 n=31
3 satposs : teph=2026/07/09 06:03:22.000 n=31 ephopt=0
3 no pseudorange 2026/07/09 06:03:22.000 sat=70
3 estpos  : n=31
3 resprng : n=31
3 resprng : n=31
3 resprng : n=31
3 resprng : n=31
3 valsol  : n=31 nv=18
3 pntpos  : tobs=2026/07/09 06:03:23.000 n=32
3 satposs : teph=2026/07/09 06:03:23.000 n=32 ephopt=0
3 no pseudorange 2026/07/09 06:03:23.000 sat=70
3 estpos  : n=32
3 resprng : n=32
3 resprng : n=32
3 resprng : n=32
3 resprng : n=32
3 valsol  : n=32 nv=19
3 estvel  : n=32
3 resdop  : n=32
3 resdop  : n=32
3 resdop  : n=32
3 pntpos  : tobs=2026/07/09 06:03:24.000 n=31
3 satposs : teph=2026/07/09 06:03:24.000 n=31 ephopt=0
3 no pseudorange 2026/07/09 06:03:24.000 sat=70
3 estpos  : n=31
3 resprng : n=31
3 resprng : n=31
3 resprng : n=31
3 resprng : n=31
3 valsol  : n=31 nv=18
3 estvel  : n=31
3 resdop  : n=31
3 resdop  : n=31
3 resdop  : n=31
3 pntpos  : tobs=2026/07/09 06:03:25.000 n=30
3 satposs : teph=2026/07/09 06:03:25.000 n=30 ephopt=0
3 no pseudorange 2026/07/09 06:03:25.000 sat=70
3 estpos  : n=30
3 resprng : n=30
3 resprng : n=30
3 resprng : n=30
3 resprng : n=30
3 valsol  : n=30 nv=18
3 estvel  : n=30
3 resdop  : n=30
3 resdop  : n=30
3 pntpos  : tobs=2026/07/09 06:03:26.000 n=32
3 satposs : teph=2026/07/09 06:03:26.000 n=32 ephopt=0
3 no pseudorange 2026/07/09 06:03:26.000 sat=46
3 no pseudorange 2026/07/09 06:03:26.000 sat=70
3 estpos  : n=32
3 resprng : n=32
3 resprng : n=32
3 resprng : n=32
3 resprng : n=32
3 valsol  : n=32 nv=18
3 estvel  : n=32
3 resdop  : n=32
3 resdop  : n=32
3 resdop  : n=32
3 pntpos  : tobs=2026/07/09 06:03:27.000 n=33
3 satposs : teph=2026/07/09 06:03:27.000 n=33 ephopt=0
3 no pseudorange 2026/07/09 06:03:27.000 sat=46
3 no pseudorange 2026/07/09 06:03:27.000 sat=70
3 estpos  : n=33
3 resprng : n=33
3 resprng : n=33
3 resprng : n=33
3 resprng : n=33
3 valsol  : n=33 nv=19
3 estvel  : n=33
3 resdop  : n=33
3 resdop  : n=33
3 resdop  : n=33
3 pntpos  : tobs=2026/07/09 06:03:28.000 n=31
3 satposs : teph=2026/07/09 06:03:28.000 n=31 ephopt=0
3 no pseudorange 2026/07/09 06:03:28.000 sat=70
3 estpos  : n=31
3 resprng : n=31
3 resprng : n=31
3 resprng : n=31
3 resprng : n=31
3 valsol  : n=31 nv=19
3 estvel  : n=31
3 resdop  : n=31
3 resdop  : n=31
3 resdop  : n=31
3 pntpos  : tobs=2026/07/09 06:03:29.000 n=30
3 satposs : teph=2026/07/09 06:03:29.000 n=30 ephopt=0
3 no pseudorange 2026/07/09 06:03:29.000 sat=70
3 estpos  : n=30
3 resprng : n=30
3 resprng : n=30
3 resprng : n=30
3 resprng : n=30
3 valsol  : n=30 nv=18
3 estvel  : n=30
3 resdop  : n=30
3 resdop  : n=30
3 resdop  : n=30
3 pntpos  : tobs=2026/07/09 06:03:30.000 n=31
3 satposs : teph=2026/07/09 06:03:30.000 n=31 ephopt=0
3 no pseudorange 2026/07/09 06:03:30.000 sat=70
3 estpos  : n=31
3 resprng : n=31
3 resprng : n=31
3 resprng : n=31
3 resprng : n=31
3 valsol  : n=31 nv=19
3 estvel  : n=31
3 resdop  : n=31
3 resdop  : n=31
3 resdop  : n=31
3 pntpos  : tobs=2026/07/09 06:03:31.000 n=30
3 satposs : teph=2026/07/09 06:03:31.000 n=30 ephopt=0
3 no pseudorange 2026/07/09 06:03:31.000 sat=70
3 estpos  : n=30
3 resprng : n=30
3 resprng : n=30
3 resprng : n=30
3 resprng : n=30
3 valsol  : n=30 nv=18
3 estvel  : n=30
3 resdop  : n=30
3 resdop  : n=30
3 pntpos  : tobs=2026/07/09 06:03:32.000 n=32
3 satposs : teph=2026/07/09 06:03:32.000 n=32 ephopt=0
3 no pseudorange 2026/07/09 06:03:32.000 sat=70
3 estpos  : n=32
3 resprng : n=32
3 resprng : n=32
3 resprng : n=32
3 resprng : n=32
3 valsol  : n=32 nv=19
3 estvel  : n=32
3 resdop  : n=32
3 resdop  : n=32
3 resdop  : n=32
3 pntpos  : tobs=2026/07/09 06:03:33.000 n=31
3 satposs : teph=2026/07/09 06:03:33.000 n=31 ephopt=0
3 no pseudorange 2026/07/09 06:03:33.000 sat=46
3 no pseudorange 2026/07/09 06:03:33.000 sat=70
3 estpos  : n=31
3 resprng : n=31
3 resprng : n=31
3 resprng : n=31
3 resprng : n=31
3 valsol  : n=31 nv=17
3 estvel  : n=31
3 resdop  : n=31
3 resdop  : n=31
3 pntpos  : tobs=2026/07/09 06:03:34.000 n=32
3 satposs : teph=2026/07/09 06:03:34.000 n=32 ephopt=0
3 no pseudorange 2026/07/09 06:03:34.000 sat=46
3 no pseudorange 2026/07/09 06:03:34.000 sat=70
3 estpos  : n=32
3 resprng : n=32
3 resprng : n=32
3 resprng : n=32
3 resprng : n=32
3 valsol  : n=32 nv=18
3 estvel  : n=32
3 resdop  : n=32
3 resdop  : n=32
3 pntpos  : tobs=2026/07/09 06:03:35.000 n=32
3 satposs : teph=2026/07/09 06:03:35.000 n=32 ephopt=0
3 no pseudorange 2026/07/09 06:03:35.000 sat=70
3 estpos  : n=32
3 resprng : n=32
3 resprng : n=32
3 resprng : n=32
3 resprng : n=32
3 valsol  : n=32 nv=19
3 estvel  : n=32
3 resdop  : n=32
3 resdop  : n=32
3 resdop  : n=32
3 pntpos  : tobs=2026/07/09 06:03:36.000 n=32
3 satposs : teph=2026/07/09 06:03:36.000 n=32 ephopt=0
3 no pseudorange 2026/07/09 06:03:36.000 sat=70
3 estpos  : n=32
3 resprng : n=32
3 resprng : n=32
3 resprng : n=32
3 resprng : n=32
3 valsol  : n=32 nv=19
3 estvel  : n=32
3 resdop  : n=32
3 resdop  : n=32
3 resdop  : n=32
3 pntpos  : tobs=2026/07/09 06:03:37.000 n=33
3 satposs : teph=2026/07/09 06:03:37.000 n=33 ephopt=0
3 no pseudorange 2026/07/09 06:03:37.000 sat=46
3 no pseudorange 2026/07/09 06:03:37.000 sat=70
3 estpos  : n=33
3 resprng : n=33
3 resprng : n=33
3 resprng : n=33
3 resprng : n=33
3 valsol  : n=33 nv=19
3 estvel  : n=33
3 resdop  : n=33
3 resdop  : n=33
3 resdop  : n=33
3 pntpos  : tobs=2026/07/09 06:03:38.000 n=30
3 satposs : teph=2026/07/09 06:03:38.000 n=30 ephopt=0
3 no pseudorange 2026/07/09 06:03:38.000 sat=70
3 estpos  : n=30
3 resprng : n=30
3 resprng : n=30
3 resprng : n=30
3 resprng : n=30
3 valsol  : n=30 nv=18
3 estvel  : n=30
3 resdop  : n=30
3 resdop  : n=30
3 resdop  : n=30
3 pntpos  : tobs=2026/07/09 06:03:39.000 n=32
3 satposs : teph=2026/07/09 06:03:39.000 n=32 ephopt=0
3 no pseudorange 2026/07/09 06:03:39.000 sat=46
3 no pseudorange 2026/07/09 06:03:39.000 sat=70
3 estpos  : n=32
3 resprng : n=32
3 resprng : n=32
3 resprng : n=32
3 resprng : n=32
3 valsol  : n=32 nv=19
3 estvel  : n=32
3 resdop  : n=32
3 resdop  : n=32
3 resdop  : n=32
3 pntpos  : tobs=2026/07/09 06:03:40.000 n=32
3 satposs : teph=2026/07/09 06:03:40.000 n=32 ephopt=0
3 no pseudorange 2026/07/09 06:03:40.000 sat=46
3 no pseudorange 2026/07/09 06:03:40.000 sat=70
3 estpos  : n=32
3 resprng : n=32
3 resprng : n=32
3 resprng : n=32
3 resprng : n=32
3 valsol  : n=32 nv=19
3 estvel  : n=32
3 resdop  : n=32
3 resdop  : n=32
3 resdop  : n=32
3 pntpos  : tobs=2026/07/09 06:03:41.000 n=33
3 satposs : teph=2026/07/09 06:03:41.000 n=33 ephopt=0
3 no pseudorange 2026/07/09 06:03:41.000 sat=46
3 no pseudorange 2026/07/09 06:03:41.000 sat=70
3 estpos  : n=33
3 resprng : n=33
3 resprng : n=33
3 resprng : n=33
3 resprng : n=33
3 valsol  : n=33 nv=19
3 estvel  : n=33
3 resdop  : n=33
3 resdop  : n=33
3 resdop  : n=33
3 pntpos  : tobs=2026/07/09 06:03:42.000 n=32
3 satposs : teph=2026/07/09 06:03:42.000 n=32 ephopt=0
3 no pseudorange 2026/07/09 06:03:42.000 sat=46
3 no pseudorange 2026/07/09 06:03:42.000 sat=70
3 estpos  : n=32
3 resprng : n=32
3 resprng : n=32
3 resprng : n=32
3 resprng : n=32
3 valsol  : n=32 nv=19
3 estvel  : n=32
3 resdop  : n=32
3 resdop  : n=32
3 resdop  : n=32
3 pntpos  : tobs=2026/07/09 06:03:43.000 n=32
3 satposs : teph=2026/07/09 06:03:43.000 n=32 ephopt=0
3 no pseudorange 2026/07/09 06:03:43.000 sat=46
3 no pseudorange 2026/07/09 06:03:43.000 sat=70
3 estpos  : n=32
3 resprng : n=32
3 resprng : n=32
3 resprng : n=32
3 resprng : n=32
3 valsol  : n=32 nv=18
3 estvel  : n=32
3 resdop  : n=32
3 resdop  : n=32
3 pntpos  : tobs=2026/07/09 06:03:44.000 n=32
3 satposs : teph=2026/07/09 06:03:44.000 n=32 ephopt=0
3 no pseudorange 2026/07/09 06:03:44.000 sat=46
3 no pseudorange 2026/07/09 06:03:44.000 sat=70
3 estpos  : n=32
3 resprng : n=32
3 resprng : n=32
3 resprng : n=32
3 resprng : n=32
3 valsol  : n=32 nv=18
3 estvel  : n=32
3 resdop  : n=32
3 resdop  : n=32
3 resdop  : n=32
3 pntpos  : tobs=2026/07/09 06:03:45.000 n=33
3 satposs : teph=2026/07/09 06:03:45.000 n=33 ephopt=0
3 no pseudorange 2026/07/09 06:03:45.000 sat=46
3 no pseudorange 2026/07/09 06:03:45.000 sat=70
3 estpos  : n=33
3 resprng : n=33
3 resprng : n=33
3 resprng : n=33
3 resprng : n=33
3 valsol  : n=33 nv=19
3 estvel  : n=33
3 resdop  : n=33
3 resdop  : n=33
3 resdop  : n=33
3 pntpos  : tobs=2026/07/09 06:03:46.000 n=33
3 satposs : teph=2026/07/09 06:03:46.000 n=33 ephopt=0
3 no pseudorange 2026/07/09 06:03:46.000 sat=46
3 no pseudorange 2026/07/09 06:03:46.000 sat=70
3 estpos  : n=33
3 resprng : n=33
3 resprng : n=33
3 resprng : n=33
3 resprng : n=33
3 valsol  : n=33 nv=19
3 estvel  : n=33
3 resdop  : n=33
3 resdop  : n=33
3 resdop  : n=33
3 pntpos  : tobs=2026/07/09 06:03:47.000 n=32
3 satposs : teph=2026/07/09 06:03:47.000 n=32 ephopt=0
3 no pseudorange 2026/07/09 06:03:47.000 sat=70
3 estpos  : n=32
3 resprng : n=32
3 resprng : n=32
3 resprng : n=32
3 resprng : n=32
3 valsol  : n=32 nv=19
3 estvel  : n=32
3 resdop  : n=32
3 resdop  : n=32
3 resdop  : n=32
3 pntpos  : tobs=2026/07/09 06:03:48.000 n=33
3 satposs : teph=2026/07/09 06:03:48.000 n=33 ephopt=0
3 no pseudorange 2026/07/09 06:03:48.000 sat=46
3 no pseudorange 2026/07/09 06:03:48.000 sat=70
3 estpos  : n=33
3 resprng : n=33
3 resprng : n=33
3 resprng : n=33
3 resprng : n=33
3 valsol  : n=33 nv=19
3 estvel  : n=33
3 resdop  : n=33
3 resdop  : n=33
3 resdop  : n=33
3 pntpos  : tobs=2026/07/09 06:03:49.000 n=33
3 satposs : teph=2026/07/09 06:03:49.000 n=33 ephopt=0
3 no pseudorange 2026/07/09 06:03:49.000 sat=46
3 no pseudorange 2026/07/09 06:03:49.000 sat=70
3 estpos  : n=33
3 resprng : n=33
3 resprng : n=33
3 resprng : n=33
3 resprng : n=33
3 valsol  : n=33 nv=19
3 estvel  : n=33
3 resdop  : n=33
3 resdop  : n=33
3 resdop  : n=33
3 pntpos  : tobs=2026/07/09 06:03:50.000 n=31
3 satposs : teph=2026/07/09 06:03:50.000 n=31 ephopt=0
3 no pseudorange 2026/07/09 06:03:50.000 sat=46
3 no pseudorange 2026/07/09 06:03:50.000 sat=70
3 estpos  : n=31
3 resprng : n=31
3 resprng : n=31
3 resprng : n=31
3 resprng : n=31
3 valsol  : n=31 nv=18
3 estvel  : n=31
3 resdop  : n=31
3 resdop  : n=31
3 pntpos  : tobs=2026/07/09 06:03:51.000 n=32
3 satposs : teph=2026/07/09 06:03:51.000 n=32 ephopt=0
3 no pseudorange 2026/07/09 06:03:51.000 sat=70
3 estpos  : n=32
3 resprng : n=32
3 resprng : n=32
3 resprng : n=32
3 resprng : n=32
3 valsol  : n=32 nv=18
3 estvel  : n=32
3 resdop  : n=32
3 resdop  : n=32
3 pntpos  : tobs=2026/07/09 06:03:52.000 n=32
3 satposs : teph=2026/07/09 06:03:52.000 n=32 ephopt=0
3 no pseudorange 2026/07/09 06:03:52.000 sat=46
3 no pseudorange 2026/07/09 06:03:52.000 sat=70
3 estpos  : n=32
3 resprng : n=32
3 resprng : n=32
3 resprng : n=32
3 resprng : n=32
3 valsol  : n=32 nv=19
3 estvel  : n=32
3 resdop  : n=32
3 resdop  : n=32
3 resdop  : n=32
3 pntpos  : tobs=2026/07/09 06:03:53.000 n=34
3 satposs : teph=2026/07/09 06:03:53.000 n=34 ephopt=0
3 no pseudorange 2026/07/09 06:03:53.000 sat=46
3 no pseudorange 2026/07/09 06:03:53.000 sat=70
3 estpos  : n=34
3 resprng : n=34
3 resprng : n=34
3 resprng : n=34
3 resprng : n=34
3 valsol  : n=34 nv=19
3 estvel  : n=34
3 resdop  : n=34
3 resdop  : n=34
3 resdop  : n=34
3 pntpos  : tobs=2026/07/09 06:03:54.000 n=34
3 satposs : teph=2026/07/09 06:03:54.000 n=34 ephopt=0
3 no pseudorange 2026/07/09 06:03:54.000 sat=46
3 no pseudorange 2026/07/09 06:03:54.000 sat=70
3 estpos  : n=34
3 resprng : n=34
3 resprng : n=34
3 resprng : n=34
3 resprng : n=34
3 valsol  : n=34 nv=19
3 estvel  : n=34
3 resdop  : n=34
3 resdop  : n=34
3 resdop  : n=34
3 pntpos  : tobs=2026/07/09 06:03:55.000 n=32
3 satposs : teph=2026/07/09 06:03:55.000 n=32 ephopt=0
3 no pseudorange 2026/07/09 06:03:55.000 sat=70
3 estpos  : n=32
3 resprng : n=32
3 resprng : n=32
3 resprng : n=32
3 resprng : n=32
3 valsol  : n=32 nv=18
3 estvel  : n=32
3 resdop  : n=32
3 resdop  : n=32
3 pntpos  : tobs=2026/07/09 06:03:56.000 n=32
3 satposs : teph=2026/07/09 06:03:56.000 n=32 ephopt=0
3 no pseudorange 2026/07/09 06:03:56.000 sat=70
3 estpos  : n=32
3 resprng : n=32
3 resprng : n=32
3 resprng : n=32
3 resprng : n=32
3 valsol  : n=32 nv=18
3 estvel  : n=32
3 resdop  : n=32
3 resdop  : n=32
3 resdop  : n=32
3 pntpos  : tobs=2026/07/09 06:03:57.000 n=32
3 satposs : teph=2026/07/09 06:03:57.000 n=32 ephopt=0
3 no pseudorange 2026/07/09 06:03:57.000 sat=70
3 estpos  : n=32
3 resprng : n=32
3 resprng : n=32
3 resprng : n=32
3 resprng : n=32
3 valsol  : n=32 nv=19
3 estvel  : n=32
3 resdop  : n=32
3 resdop  : n=32
3 resdop  : n=32
3 pntpos  : tobs=2026/07/09 06:03:58.000 n=32
3 satposs : teph=2026/07/09 06:03:58.000 n=32 ephopt=0
3 no pseudorange 2026/07/09 06:03:58.000 sat=70
3 estpos  : n=32
3 resprng : n=32
3 resprng : n=32
3 resprng : n=32
3 resprng : n=32
3 valsol  : n=32 nv=19
3 estvel  : n=32
3 resdop  : n=32
3 resdop  : n=32
3 resdop  : n=32
3 pntpos  : tobs=2026/07/09 06:03:59.000 n=32
3 satposs : teph=2026/07/09 06:03:59.000 n=32 ephopt=0
3 no pseudorange 2026/07/09 06:03:59.000 sat=70
3 estpos  : n=32
3 resprng : n=32
3 resprng : n=32
3 resprng : n=32
3 resprng : n=32
3 valsol  : n=32 nv=18
3 estvel  : n=32
3 resdop  : n=32
3 resdop  : n=32
3 resdop  : n=32
3 pntpos  : tobs=2026/07/09 06:04:00.000 n=33
3 satposs : teph=2026/07/09 06:04:00.000 n=33 ephopt=0
3 no pseudorange 2026/07/09 06:04:00.000 sat=70
3 estpos  : n=33
3 resprng : n=33
3 resprng : n=33
3 resprng : n=33
3 resprng : n=33
3 valsol  : n=33 nv=19
3 pntpos  : tobs=2026/07/09 06:04:01.000 n=32
3 satposs : teph=2026/07/09 06:04:01.000 n=32 ephopt=0
3 no pseudorange 2026/07/09 06:04:01.000 sat=70
3 estpos  : n=32
3 resprng : n=32
3 resprng : n=32
3 resprng : n=32
3 resprng : n=32
3 valsol  : n=32 nv=18
3 estvel  : n=32
3 resdop  : n=32
3 resdop  : n=32
3 pntpos  : tobs=2026/07/09 06:04:02.000 n=32
3 satposs : teph=2026/07/09 06:04:02.000 n=32 ephopt=0
3 no pseudorange 2026/07/09 06:04:02.000 sat=70
3 estpos  : n=32
3 resprng : n=32
3 resprng : n=32
3 resprng : n=32
3 resprng : n=32
3 valsol  : n=32 nv=18
3 pntpos  : tobs=2026/07/09 06:04:03.000 n=32
3 satposs : teph=2026/07/09 06:04:03.000 n=32 ephopt=0
3 no pseudorange 2026/07/09 06:04:03.000 sat=70
3 estpos  : n=32
3 resprng : n=32
3 resprng : n=32
3 resprng : n=32
3 resprng : n=32
3 valsol  : n=32 nv=19
3 pntpos  : tobs=2026/07/09 06:04:04.000 n=31
3 satposs : teph=2026/07/09 06:04:04.000 n=31 ephopt=0
3 no pseudorange 2026/07/09 06:04:04.000 sat=70
3 estpos  : n=31
3 resprng : n=31
3 resprng : n=31
3 resprng : n=31
3 resprng : n=31
3 valsol  : n=31 nv=18
3 estvel  : n=31
3 resdop  : n=31
3 resdop  : n=31
3 pntpos  : tobs=2026/07/09 06:04:05.000 n=33
3 satposs : teph=2026/07/09 06:04:05.000 n=33 ephopt=0
3 no pseudorange 2026/07/09 06:04:05.000 sat=70
3 estpos  : n=33
3 resprng : n=33
3 resprng : n=33
3 resprng : n=33
3 resprng : n=33
3 valsol  : n=33 nv=19
3 pntpos  : tobs=2026/07/09 06:04:06.000 n=31
3 satposs : teph=2026/07/09 06:04:06.000 n=31 ephopt=0
3 no pseudorange 2026/07/09 06:04:06.000 sat=70
3 estpos  : n=31
3 resprng : n=31
3 resprng : n=31
3 resprng : n=31
3 resprng : n=31
3 valsol  : n=31 nv=18
3 estvel  : n=31
3 resdop  : n=31
3 resdop  : n=31
3 resdop  : n=31
3 pntpos  : tobs=2026/07/09 06:04:07.000 n=31
3 satposs : teph=2026/07/09 06:04:07.000 n=31 ephopt=0
3 no pseudorange 2026/07/09 06:04:07.000 sat=70
3 estpos  : n=31
3 resprng : n=31
3 resprng : n=31
3 resprng : n=31
3 resprng : n=31
3 valsol  : n=31 nv=18
3 estvel  : n=31
3 resdop  : n=31
3 resdop  : n=31
3 resdop  : n=31
3 pntpos  : tobs=2026/07/09 06:04:08.000 n=31
3 satposs : teph=2026/07/09 06:04:08.000 n=31 ephopt=0
3 no pseudorange 2026/07/09 06:04:08.000 sat=70
3 estpos  : n=31
3 resprng : n=31
3 resprng : n=31
3 resprng : n=31
3 resprng : n=31
3 valsol  : n=31 nv=19
3 pntpos  : tobs=2026/07/09 06:04:09.000 n=32
3 satposs : teph=2026/07/09 06:04:09.000 n=32 ephopt=0
3 no pseudorange 2026/07/09 06:04:09.000 sat=70
3 estpos  : n=32
3 resprng : n=32
3 resprng : n=32
3 resprng : n=32
3 resprng : n=32
3 valsol  : n=32 nv=18
3 estvel  : n=32
3 resdop  : n=32
3 resdop  : n=32
3 resdop  : n=32
3 pntpos  : tobs=2026/07/09 06:04:10.000 n=32
3 satposs : teph=2026/07/09 06:04:10.000 n=32 ephopt=0
3 no pseudorange 2026/07/09 06:04:10.000 sat=70
3 estpos  : n=32
3 resprng : n=32
3 resprng : n=32
3 resprng : n=32
3 resprng : n=32
3 valsol  : n=32 nv=18
3 estvel  : n=32
3 resdop  : n=32
3 resdop  : n=32
3 pntpos  : tobs=2026/07/09 06:04:11.000 n=32
3 satposs : teph=2026/07/09 06:04:11.000 n=32 ephopt=0
3 no pseudorange 2026/07/09 06:04:11.000 sat=70
3 estpos  : n=32
3 resprng : n=32
3 resprng : n=32
3 resprng : n=32
3 resprng : n=32
3 valsol  : n=32 nv=18
3 estvel  : n=32
3 resdop  : n=32
3 resdop  : n=32
3 resdop  : n=32
3 pntpos  : tobs=2026/07/09 06:04:12.000 n=32
3 satposs : teph=2026/07/09 06:04:12.000 n=32 ephopt=0
3 no pseudorange 2026/07/09 06:04:12.000 sat=70
3 estpos  : n=32
3 resprng : n=32
3 resprng : n=32
3 resprng : n=32
3 resprng : n=32
3 valsol  : n=32 nv=19
3 pntpos  : tobs=2026/07/09 06:04:13.000 n=32
3 satposs : teph=2026/07/09 06:04:13.000 n=32 ephopt=0
3 no pseudorange 2026/07/09 06:04:13.000 sat=70
3 estpos  : n=32
3 resprng : n=32
3 resprng : n=32
3 resprng : n=32
3 resprng : n=32
3 valsol  : n=32 nv=19
3 pntpos  : tobs=2026/07/09 06:04:14.000 n=31
3 satposs : teph=2026/07/09 06:04:14.000 n=31 ephopt=0
3 no pseudorange 2026/07/09 06:04:14.000 sat=70
3 estpos  : n=31
3 resprng : n=31
3 resprng : n=31
3 resprng : n=31
3 resprng : n=31
3 valsol  : n=31 nv=19
3 pntpos  : tobs=2026/07/09 06:04:15.000 n=32
3 satposs : teph=2026/07/09 06:04:15.000 n=32 ephopt=0
3 no pseudorange 2026/07/09 06:04:15.000 sat=70
3 estpos  : n=32
3 resprng : n=32
3 resprng : n=32
3 resprng : n=32
3 resprng : n=32
3 valsol  : n=32 nv=18
3 estvel  : n=32
3 resdop  : n=32
3 resdop  : n=32
3 resdop  : n=32
3 pntpos  : tobs=2026/07/09 06:04:16.000 n=30
3 satposs : teph=2026/07/09 06:04:16.000 n=30 ephopt=0
3 no pseudorange 2026/07/09 06:04:16.000 sat=70
3 estpos  : n=30
3 resprng : n=30
3 resprng : n=30
3 resprng : n=30
3 resprng : n=30
3 valsol  : n=30 nv=18
3 estvel  : n=30
3 resdop  : n=30
3 resdop  : n=30
3 resdop  : n=30
3 pntpos  : tobs=2026/07/09 06:04:17.000 n=31
3 satposs : teph=2026/07/09 06:04:17.000 n=31 ephopt=0
3 no pseudorange 2026/07/09 06:04:17.000 sat=70
3 estpos  : n=31
3 resprng : n=31
3 resprng : n=31
3 resprng : n=31
3 resprng : n=31
3 valsol  : n=31 nv=19
3 pntpos  : tobs=2026/07/09 06:04:18.000 n=32
3 satposs : teph=2026/07/09 06:04:18.000 n=32 ephopt=0
3 no pseudorange 2026/07/09 06:04:18.000 sat=70
3 estpos  : n=32
3 resprng : n=32
3 resprng : n=32
3 resprng : n=32
3 resprng : n=32
3 valsol  : n=32 nv=19
3 pntpos  : tobs=2026/07/09 06:04:19.000 n=32
3 satposs : teph=2026/07/09 06:04:19.000 n=32 ephopt=0
3 no pseudorange 2026/07/09 06:04:19.000 sat=70
3 estpos  : n=32
3 resprng : n=32
3 resprng : n=32
3 resprng : n=32
3 resprng : n=32
3 valsol  : n=32 nv=19
3 pntpos  : tobs=2026/07/09 06:04:20.000 n=33
3 satposs : teph=2026/07/09 06:04:20.000 n=33 ephopt=0
3 no pseudorange 2026/07/09 06:04:20.000 sat=70
3 estpos  : n=33
3 resprng : n=33
3 resprng : n=33
3 resprng : n=33
3 resprng : n=33
3 valsol  : n=33 nv=19
3 pntpos  : tobs=2026/07/09 06:04:21.000 n=32
3 satposs : teph=2026/07/09 06:04:21.000 n=32 ephopt=0
3 no pseudorange 2026/07/09 06:04:21.000 sat=70
3 estpos  : n=32
3 resprng : n=32
3 resprng : n=32
3 resprng : n=32
3 resprng : n=32
3 valsol  : n=32 nv=19
3 pntpos  : tobs=2026/07/09 06:04:22.000 n=32
3 satposs : teph=2026/07/09 06:04:22.000 n=32 ephopt=0
3 no pseudorange 2026/07/09 06:04:22.000 sat=70
3 estpos  : n=32
3 resprng : n=32
3 resprng : n=32
3 resprng : n=32
3 resprng : n=32
3 valsol  : n=32 nv=17
3 estvel  : n=32
3 resdop  : n=32
3 resdop  : n=32
3 pntpos  : tobs=2026/07/09 06:04:23.000 n=33
3 satposs : teph=2026/07/09 06:04:23.000 n=33 ephopt=0
3 no pseudorange 2026/07/09 06:04:23.000 sat=70
3 estpos  : n=33
3 resprng : n=33
3 resprng : n=33
3 resprng : n=33
3 resprng : n=33
3 valsol  : n=33 nv=19
3 pntpos  : tobs=2026/07/09 06:04:24.000 n=31
3 satposs : teph=2026/07/09 06:04:24.000 n=31 ephopt=0
3 no pseudorange 2026/07/09 06:04:24.000 sat=70
3 estpos  : n=31
3 resprng : n=31
3 resprng : n=31
3 resprng : n=31
3 resprng : n=31
3 valsol  : n=31 nv=18
3 estvel  : n=31
3 resdop  : n=31
3 resdop  : n=31
3 resdop  : n=31
3 pntpos  : tobs=2026/07/09 06:04:25.000 n=32
3 satposs : teph=2026/07/09 06:04:25.000 n=32 ephopt=0
3 no pseudorange 2026/07/09 06:04:25.000 sat=70
3 estpos  : n=32
3 resprng : n=32
3 resprng : n=32
3 resprng : n=32
3 resprng : n=32
3 valsol  : n=32 nv=18
3 estvel  : n=32
3 resdop  : n=32
3 resdop  : n=32
3 pntpos  : tobs=2026/07/09 06:04:26.000 n=32
3 satposs : teph=2026/07/09 06:04:26.000 n=32 ephopt=0
3 no pseudorange 2026/07/09 06:04:26.000 sat=70
3 estpos  : n=32
3 resprng : n=32
3 resprng : n=32
3 resprng : n=32
3 resprng : n=32
3 valsol  : n=32 nv=19
3 pntpos  : tobs=2026/07/09 06:04:27.000 n=32
3 satposs : teph=2026/07/09 06:04:27.000 n=32 ephopt=0
3 no pseudorange 2026/07/09 06:04:27.000 sat=70
3 estpos  : n=32
3 resprng : n=32
3 resprng : n=32
3 resprng : n=32
3 resprng : n=32
3 valsol  : n=32 nv=19
3 estvel  : n=32
3 resdop  : n=32
3 resdop  : n=32
3 resdop  : n=32
3 pntpos  : tobs=2026/07/09 06:04:28.000 n=33
3 satposs : teph=2026/07/09 06:04:28.000 n=33 ephopt=0
3 no pseudorange 2026/07/09 06:04:28.000 sat=70
3 estpos  : n=33
3 resprng : n=33
3 resprng : n=33
3 resprng : n=33
3 resprng : n=33
3 valsol  : n=33 nv=19
3 estvel  : n=33
3 resdop  : n=33
3 resdop  : n=33
3 resdop  : n=33
3 pntpos  : tobs=2026/07/09 06:04:29.000 n=32
3 satposs : teph=2026/07/09 06:04:29.000 n=32 ephopt=0
3 no pseudorange 2026/07/09 06:04:29.000 sat=70
3 estpos  : n=32
3 resprng : n=32
3 resprng : n=32
3 resprng : n=32
3 resprng : n=32
3 valsol  : n=32 nv=18
3 estvel  : n=32
3 resdop  : n=32
3 resdop  : n=32
3 resdop  : n=32
3 pntpos  : tobs=2026/07/09 06:04:30.000 n=32
3 satposs : teph=2026/07/09 06:04:30.000 n=32 ephopt=0
3 no pseudorange 2026/07/09 06:04:30.000 sat=46
3 no pseudorange 2026/07/09 06:04:30.000 sat=70
3 estpos  : n=32
3 resprng : n=32
3 resprng : n=32
3 resprng : n=32
3 resprng : n=32
3 valsol  : n=32 nv=18
3 estvel  : n=32
3 resdop  : n=32
3 resdop  : n=32
3 resdop  : n=32
3 pntpos  : tobs=2026/07/09 06:04:31.000 n=33
3 satposs : teph=2026/07/09 06:04:31.000 n=33 ephopt=0
3 no pseudorange 2026/07/09 06:04:31.000 sat=70
3 estpos  : n=33
3 resprng : n=33
3 resprng : n=33
3 resprng : n=33
3 resprng : n=33
3 valsol  : n=33 nv=19
3 estvel  : n=33
3 resdop  : n=33
3 resdop  : n=33
3 resdop  : n=33
3 pntpos  : tobs=2026/07/09 06:04:32.000 n=32
3 satposs : teph=2026/07/09 06:04:32.000 n=32 ephopt=0
3 no pseudorange 2026/07/09 06:04:32.000 sat=46
3 no pseudorange 2026/07/09 06:04:32.000 sat=70
3 estpos  : n=32
3 resprng : n=32
3 resprng : n=32
3 resprng : n=32
3 resprng : n=32
3 valsol  : n=32 nv=18
3 estvel  : n=32
3 resdop  : n=32
3 resdop  : n=32
3 pntpos  : tobs=2026/07/09 06:04:33.000 n=32
3 satposs : teph=2026/07/09 06:04:33.000 n=32 ephopt=0
3 no pseudorange 2026/07/09 06:04:33.000 sat=70
3 estpos  : n=32
3 resprng : n=32
3 resprng : n=32
3 resprng : n=32
3 resprng : n=32
3 valsol  : n=32 nv=18
3 estvel  : n=32
3 resdop  : n=32
3 resdop  : n=32
3 resdop  : n=32
3 pntpos  : tobs=2026/07/09 06:04:34.000 n=32
3 satposs : teph=2026/07/09 06:04:34.000 n=32 ephopt=0
3 no pseudorange 2026/07/09 06:04:34.000 sat=46
3 no pseudorange 2026/07/09 06:04:34.000 sat=70
3 estpos  : n=32
3 resprng : n=32
3 resprng : n=32
3 resprng : n=32
3 resprng : n=32
3 valsol  : n=32 nv=18
3 estvel  : n=32
3 resdop  : n=32
3 resdop  : n=32
3 resdop  : n=32
3 pntpos  : tobs=2026/07/09 06:04:35.000 n=30
3 satposs : teph=2026/07/09 06:04:35.000 n=30 ephopt=0
3 no pseudorange 2026/07/09 06:04:35.000 sat=46
3 no pseudorange 2026/07/09 06:04:35.000 sat=70
3 estpos  : n=30
3 resprng : n=30
3 resprng : n=30
3 resprng : n=30
3 resprng : n=30
3 valsol  : n=30 nv=17
3 estvel  : n=30
3 resdop  : n=30
3 resdop  : n=30
3 resdop  : n=30
3 pntpos  : tobs=2026/07/09 06:04:36.000 n=31
3 satposs : teph=2026/07/09 06:04:36.000 n=31 ephopt=0
3 no pseudorange 2026/07/09 06:04:36.000 sat=46
3 no pseudorange 2026/07/09 06:04:36.000 sat=70
3 estpos  : n=31
3 resprng : n=31
3 resprng : n=31
3 resprng : n=31
3 resprng : n=31
3 valsol  : n=31 nv=17
3 estvel  : n=31
3 resdop  : n=31
3 resdop  : n=31
3 pntpos  : tobs=2026/07/09 06:04:37.000 n=32
3 satposs : teph=2026/07/09 06:04:37.000 n=32 ephopt=0
3 no pseudorange 2026/07/09 06:04:37.000 sat=70
3 estpos  : n=32
3 resprng : n=32
3 resprng : n=32
3 resprng : n=32
3 resprng : n=32
3 valsol  : n=32 nv=18
3 estvel  : n=32
3 resdop  : n=32
3 resdop  : n=32
3 pntpos  : tobs=2026/07/09 06:04:38.000 n=31
3 satposs : teph=2026/07/09 06:04:38.000 n=31 ephopt=0
3 no pseudorange 2026/07/09 06:04:38.000 sat=70
3 estpos  : n=31
3 resprng : n=31
3 resprng : n=31
3 resprng : n=31
3 resprng : n=31
3 valsol  : n=31 nv=17
3 estvel  : n=31
3 resdop  : n=31
3 resdop  : n=31
3 pntpos  : tobs=2026/07/09 06:04:39.000 n=33
3 satposs : teph=2026/07/09 06:04:39.000 n=33 ephopt=0
3 no pseudorange 2026/07/09 06:04:39.000 sat=46
3 no pseudorange 2026/07/09 06:04:39.000 sat=70
3 estpos  : n=33
3 resprng : n=33
3 resprng : n=33
3 resprng : n=33
3 resprng : n=33
3 valsol  : n=33 nv=19
3 estvel  : n=33
3 resdop  : n=33
3 resdop  : n=33
3 resdop  : n=33
3 pntpos  : tobs=2026/07/09 06:04:40.000 n=31
3 satposs : teph=2026/07/09 06:04:40.000 n=31 ephopt=0
3 no pseudorange 2026/07/09 06:04:40.000 sat=46
3 no pseudorange 2026/07/09 06:04:40.000 sat=70
3 estpos  : n=31
3 resprng : n=31
3 resprng : n=31
3 resprng : n=31
3 resprng : n=31
3 valsol  : n=31 nv=18
3 estvel  : n=31
3 resdop  : n=31
3 resdop  : n=31
3 pntpos  : tobs=2026/07/09 06:04:41.000 n=31
3 satposs : teph=2026/07/09 06:04:41.000 n=31 ephopt=0
3 no pseudorange 2026/07/09 06:04:41.000 sat=70
3 estpos  : n=31
3 resprng : n=31
3 resprng : n=31
3 resprng : n=31
3 resprng : n=31
3 valsol  : n=31 nv=19
3 estvel  : n=31
3 resdop  : n=31
3 resdop  : n=31
3 resdop  : n=31
3 pntpos  : tobs=2026/07/09 06:04:42.000 n=31
3 satposs : teph=2026/07/09 06:04:42.000 n=31 ephopt=0
3 no pseudorange 2026/07/09 06:04:42.000 sat=46
3 no pseudorange 2026/07/09 06:04:42.000 sat=70
3 estpos  : n=31
3 resprng : n=31
3 resprng : n=31
3 resprng : n=31
3 resprng : n=31
3 valsol  : n=31 nv=18
3 estvel  : n=31
3 resdop  : n=31
3 resdop  : n=31
3 pntpos  : tobs=2026/07/09 06:04:43.000 n=33
3 satposs : teph=2026/07/09 06:04:43.000 n=33 ephopt=0
3 no pseudorange 2026/07/09 06:04:43.000 sat=46
3 no pseudorange 2026/07/09 06:04:43.000 sat=70
3 estpos  : n=33
3 resprng : n=33
3 resprng : n=33
3 resprng : n=33
3 resprng : n=33
3 valsol  : n=33 nv=19
3 estvel  : n=33
3 resdop  : n=33
3 resdop  : n=33
3 resdop  : n=33
3 pntpos  : tobs=2026/07/09 06:04:44.000 n=33
3 satposs : teph=2026/07/09 06:04:44.000 n=33 ephopt=0
3 no pseudorange 2026/07/09 06:04:44.000 sat=46
3 no pseudorange 2026/07/09 06:04:44.000 sat=70
3 estpos  : n=33
3 resprng : n=33
3 resprng : n=33
3 resprng : n=33
3 resprng : n=33
3 valsol  : n=33 nv=18
3 estvel  : n=33
3 resdop  : n=33
3 resdop  : n=33
3 resdop  : n=33
3 pntpos  : tobs=2026/07/09 06:04:45.000 n=31
3 satposs : teph=2026/07/09 06:04:45.000 n=31 ephopt=0
3 no pseudorange 2026/07/09 06:04:45.000 sat=46
3 no pseudorange 2026/07/09 06:04:45.000 sat=70
3 estpos  : n=31
3 resprng : n=31
3 resprng : n=31
3 resprng : n=31
3 resprng : n=31
3 valsol  : n=31 nv=18
3 estvel  : n=31
3 resdop  : n=31
3 resdop  : n=31
3 resdop  : n=31
3 pntpos  : tobs=2026/07/09 06:04:46.000 n=32
3 satposs : teph=2026/07/09 06:04:46.000 n=32 ephopt=0
3 no pseudorange 2026/07/09 06:04:46.000 sat=46
3 no pseudorange 2026/07/09 06:04:46.000 sat=70
3 estpos  : n=32
3 resprng : n=32
3 resprng : n=32
3 resprng : n=32
3 resprng : n=32
3 valsol  : n=32 nv=19
3 estvel  : n=32
3 resdop  : n=32
3 resdop  : n=32
3 resdop  : n=32
3 pntpos  : tobs=2026/07/09 06:04:47.000 n=32
3 satposs : teph=2026/07/09 06:04:47.000 n=32 ephopt=0
3 no pseudorange 2026/07/09 06:04:47.000 sat=70
3 estpos  : n=32
3 resprng : n=32
3 resprng : n=32
3 resprng : n=32
3 resprng : n=32
3 valsol  : n=32 nv=19
3 estvel  : n=32
3 resdop  : n=32
3 resdop  : n=32
3 resdop  : n=32
3 pntpos  : tobs=2026/07/09 06:04:48.000 n=32
3 satposs : teph=2026/07/09 06:04:48.000 n=32 ephopt=0
3 no pseudorange 2026/07/09 06:04:48.000 sat=46
3 no pseudorange 2026/07/09 06:04:48.000 sat=70
3 estpos  : n=32
3 resprng : n=32
3 resprng : n=32
3 resprng : n=32
3 resprng : n=32
3 valsol  : n=32 nv=18
3 estvel  : n=32
3 resdop  : n=32
3 resdop  : n=32
3 resdop  : n=32
3 pntpos  : tobs=2026/07/09 06:04:49.000 n=30
3 satposs : teph=2026/07/09 06:04:49.000 n=30 ephopt=0
3 no pseudorange 2026/07/09 06:04:49.000 sat=70
3 estpos  : n=30
3 resprng : n=30
3 resprng : n=30
3 resprng : n=30
3 resprng : n=30
3 valsol  : n=30 nv=18
3 estvel  : n=30
3 resdop  : n=30
3 resdop  : n=30
3 resdop  : n=30
3 pntpos  : tobs=2026/07/09 06:04:50.000 n=29
3 satposs : teph=2026/07/09 06:04:50.000 n=29 ephopt=0
3 no pseudorange 2026/07/09 06:04:50.000 sat=70
3 estpos  : n=29
3 resprng : n=29
3 resprng : n=29
3 resprng : n=29
3 resprng : n=29
3 valsol  : n=29 nv=17
3 estvel  : n=29
3 resdop  : n=29
3 resdop  : n=29
3 pntpos  : tobs=2026/07/09 06:04:51.000 n=32
3 satposs : teph=2026/07/09 06:04:51.000 n=32 ephopt=0
3 no pseudorange 2026/07/09 06:04:51.000 sat=70
3 estpos  : n=32
3 resprng : n=32
3 resprng : n=32
3 resprng : n=32
3 resprng : n=32
3 valsol  : n=32 nv=19
3 estvel  : n=32
3 resdop  : n=32
3 resdop  : n=32
3 resdop  : n=32
3 pntpos  : tobs=2026/07/09 06:04:52.000 n=33
3 satposs : teph=2026/07/09 06:04:52.000 n=33 ephopt=0
3 no pseudorange 2026/07/09 06:04:52.000 sat=46
3 no pseudorange 2026/07/09 06:04:52.000 sat=70
3 estpos  : n=33
3 resprng : n=33
3 resprng : n=33
3 resprng : n=33
3 resprng : n=33
3 valsol  : n=33 nv=18
3 estvel  : n=33
3 resdop  : n=33
3 resdop  : n=33
3 resdop  : n=33
3 pntpos  : tobs=2026/07/09 06:04:53.000 n=32
3 satposs : teph=2026/07/09 06:04:53.000 n=32 ephopt=0
3 no pseudorange 2026/07/09 06:04:53.000 sat=70
3 estpos  : n=32
3 resprng : n=32
3 resprng : n=32
3 resprng : n=32
3 resprng : n=32
3 valsol  : n=32 nv=18
3 estvel  : n=32
3 resdop  : n=32
3 resdop  : n=32
3 resdop  : n=32
3 satposs : teph=2026/07/09 05:55:00.000 n=73 ephopt=0
3 no pseudorange 2026/07/09 05:55:00.000 sat=70
3 no broadcast ephemeris: 2026/07/09 05:55:00 sat=161 iode= -1
3 no broadcast clock 2026/07/09 05:54:59.865 sat=161
3 no sbas ephemeris     : 2026/07/09 05:55:00 sat=197
3 no broadcast clock 2026/07/09 05:54:59.872 sat=197
3 satposs : teph=2026/07/09 05:55:30.000 n=76 ephopt=0
3 no pseudorange 2026/07/09 05:55:30.000 sat=46
3 no pseudorange 2026/07/09 05:55:30.000 sat=70
3 no broadcast ephemeris: 2026/07/09 05:55:30 sat=161 iode= -1
3 no broadcast clock 2026/07/09 05:55:29.865 sat=161
3 no sbas ephemeris     : 2026/07/09 05:55:30 sat=197
3 no broadcast clock 2026/07/09 05:55:29.872 sat=197
3 satposs : teph=2026/07/09 05:56:00.000 n=75 ephopt=0
3 no pseudorange 2026/07/09 05:56:00.000 sat=46
3 no pseudorange 2026/07/09 05:56:00.000 sat=70
3 no broadcast ephemeris: 2026/07/09 05:56:00 sat=161 iode= -1
3 no broadcast clock 2026/07/09 05:55:59.865 sat=161
3 no sbas ephemeris     : 2026/07/09 05:56:00 sat=197
3 no broadcast clock 2026/07/09 05:55:59.872 sat=197
3 satposs : teph=2026/07/09 05:56:30.000 n=74 ephopt=0
3 no pseudorange 2026/07/09 05:56:30.000 sat=70
3 no pseudorange 2026/07/09 05:56:30.000 sat=84
3 no broadcast ephemeris: 2026/07/09 05:56:30 sat=161 iode= -1
3 no broadcast clock 2026/07/09 05:56:29.865 sat=161
3 no sbas ephemeris     : 2026/07/09 05:56:30 sat=197
3 no broadcast clock 2026/07/09 05:56:29.872 sat=197
3 satposs : teph=2026/07/09 05:57:00.000 n=73 ephopt=0
3 no pseudorange 2026/07/09 05:57:00.000 sat=46
3 no pseudorange 2026/07/09 05:57:00.000 sat=61
3 no pseudorange 2026/07/09 05:57:00.000 sat=70
3 no broadcast ephemeris: 2026/07/09 05:57:00 sat=161 iode= -1
3 no broadcast clock 2026/07/09 05:56:59.865 sat=161
3 no sbas ephemeris     : 2026/07/09 05:57:00 sat=197
3 no broadcast clock 2026/07/09 05:56:59.872 sat=197
3 satposs : teph=2026/07/09 05:57:30.000 n=72 ephopt=0
3 no pseudorange 2026/07/09 05:57:30.000 sat=61
3 no pseudorange 2026/07/09 05:57:30.000 sat=70
3 no broadcast ephemeris: 2026/07/09 05:57:30 sat=161 iode= -1
3 no broadcast clock 2026/07/09 05:57:29.865 sat=161
3 no sbas ephemeris     : 2026/07/09 05:57:30 sat=197
3 no broadcast clock 2026/07/09 05:57:29.872 sat=197
3 satposs : teph=2026/07/09 05:58:00.000 n=74 ephopt=0
3 no pseudorange 2026/07/09 05:58:00.000 sat=46
3 no pseudorange 2026/07/09 05:58:00.000 sat=70
3 no broadcast ephemeris: 2026/07/09 05:58:00 sat=161 iode= -1
3 no broadcast clock 2026/07/09 05:57:59.865 sat=161
3 no sbas ephemeris     : 2026/07/09 05:58:00 sat=197
3 no broadcast clock 2026/07/09 05:57:59.872 sat=197
3 satposs : teph=2026/07/09 05:58:30.000 n=75 ephopt=0
3 no pseudorange 2026/07/09 05:58:30.000 sat=46
3 no pseudorange 2026/07/09 05:58:30.000 sat=61
3 no pseudorange 2026/07/09 05:58:30.000 sat=70
3 no broadcast ephemeris: 2026/07/09 05:58:30 sat=161 iode= -1
3 no broadcast clock 2026/07/09 05:58:29.865 sat=161
3 no sbas ephemeris     : 2026/07/09 05:58:30 sat=197
3 no broadcast clock 2026/07/09 05:58:29.872 sat=197
3 satposs : teph=2026/07/09 05:59:00.000 n=72 ephopt=0
3 no broadcast ephemeris: 2026/07/09 05:59:00 sat=161 iode= -1
3 no broadcast clock 2026/07/09 05:58:59.865 sat=161
3 no sbas ephemeris     : 2026/07/09 05:59:00 sat=197
3 no broadcast clock 2026/07/09 05:58:59.872 sat=197
3 satposs : teph=2026/07/09 05:59:30.000 n=70 ephopt=0
3 no pseudorange 2026/07/09 05:59:30.000 sat=70
3 no broadcast ephemeris: 2026/07/09 05:59:30 sat=161 iode= -1
3 no broadcast clock 2026/07/09 05:59:29.865 sat=161
3 no sbas ephemeris     : 2026/07/09 05:59:30 sat=197
3 no broadcast clock 2026/07/09 05:59:29.872 sat=197
3 satposs : teph=2026/07/09 06:00:00.000 n=76 ephopt=0
3 no pseudorange 2026/07/09 06:00:00.000 sat=46
3 no pseudorange 2026/07/09 06:00:00.000 sat=61
3 no broadcast ephemeris: 2026/07/09 06:00:00 sat=161 iode= -1
3 no broadcast clock 2026/07/09 05:59:59.865 sat=161
3 no sbas ephemeris     : 2026/07/09 06:00:00 sat=197
3 no broadcast clock 2026/07/09 05:59:59.872 sat=197
3 satposs : teph=2026/07/09 06:00:30.000 n=69 ephopt=0
3 no pseudorange 2026/07/09 06:00:30.000 sat=46
3 no pseudorange 2026/07/09 06:00:30.000 sat=70
3 no broadcast ephemeris: 2026/07/09 06:00:30 sat=161 iode= -1
3 no broadcast clock 2026/07/09 06:00:29.865 sat=161
3 no sbas ephemeris     : 2026/07/09 06:00:30 sat=197
3 no broadcast clock 2026/07/09 06:00:29.872 sat=197
3 satposs : teph=2026/07/09 06:01:00.000 n=71 ephopt=0
3 no pseudorange 2026/07/09 06:01:00.000 sat=46
3 no pseudorange 2026/07/09 06:01:00.000 sat=70
3 no broadcast ephemeris: 2026/07/09 06:01:00 sat=161 iode= -1
3 no broadcast clock 2026/07/09 06:00:59.865 sat=161
3 no sbas ephemeris     : 2026/07/09 06:01:00 sat=197
3 no broadcast clock 2026/07/09 06:00:59.872 sat=197
3 satposs : teph=2026/07/09 06:01:30.000 n=71 ephopt=0
3 no pseudorange 2026/07/09 06:01:30.000 sat=61
3 no pseudorange 2026/07/09 06:01:30.000 sat=70
3 no broadcast ephemeris: 2026/07/09 06:01:30 sat=161 iode= -1
3 no broadcast clock 2026/07/09 06:01:29.865 sat=161
3 no sbas ephemeris     : 2026/07/09 06:01:30 sat=197
3 no broadcast clock 2026/07/09 06:01:29.872 sat=197
3 satposs : teph=2026/07/09 06:02:00.000 n=70 ephopt=0
3 no pseudorange 2026/07/09 06:02:00.000 sat=46
3 no pseudorange 2026/07/09 06:02:00.000 sat=70
3 no broadcast ephemeris: 2026/07/09 06:02:00 sat=161 iode= -1
3 no broadcast clock 2026/07/09 06:01:59.865 sat=161
3 no sbas ephemeris     : 2026/07/09 06:02:00 sat=197
3 no broadcast clock 2026/07/09 06:01:59.872 sat=197
3 satposs : teph=2026/07/09 06:02:30.000 n=71 ephopt=0
3 no pseudorange 2026/07/09 06:02:30.000 sat=46
3 no pseudorange 2026/07/09 06:02:30.000 sat=61
3 no broadcast ephemeris: 2026/07/09 06:02:30 sat=161 iode= -1
3 no broadcast clock 2026/07/09 06:02:29.865 sat=161
3 no sbas ephemeris     : 2026/07/09 06:02:30 sat=197
3 no broadcast clock 2026/07/09 06:02:29.872 sat=197
3 satposs : teph=2026/07/09 06:03:00.000 n=69 ephopt=0
3 no pseudorange 2026/07/09 06:03:00.000 sat=61
3 no pseudorange 2026/07/09 06:03:00.000 sat=70
3 no sbas ephemeris     : 2026/07/09 06:03:00 sat=197
3 no broadcast clock 2026/07/09 06:02:59.872 sat=197
3 satposs : teph=2026/07/09 06:03:30.000 n=70 ephopt=0
3 no pseudorange 2026/07/09 06:03:30.000 sat=70
3 no sbas ephemeris     : 2026/07/09 06:03:30 sat=197
3 no broadcast clock 2026/07/09 06:03:29.872 sat=197
3 satposs : teph=2026/07/09 06:04:00.000 n=72 ephopt=0
3 no pseudorange 2026/07/09 06:04:00.000 sat=70
3 no sbas ephemeris     : 2026/07/09 06:04:00 sat=197
3 no broadcast clock 2026/07/09 06:03:59.872 sat=197
3 satposs : teph=2026/07/09 06:04:30.000 n=72 ephopt=0
3 no pseudorange 2026/07/09 06:04:30.000 sat=46
3 no pseudorange 2026/07/09 06:04:30.000 sat=70
3 no sbas ephemeris     : 2026/07/09 06:04:30 sat=197
3 no broadcast clock 2026/07/09 06:04:29.872 sat=197
3 satposs : teph=2026/07/09 05:55:00.000 n=73 ephopt=0
3 no pseudorange 2026/07/09 05:55:00.000 sat=70
3 no broadcast ephemeris: 2026/07/09 05:55:00 sat=161 iode= -1
3 no broadcast clock 2026/07/09 05:54:59.865 sat=161
3 no sbas ephemeris     : 2026/07/09 05:55:00 sat=197
3 no broadcast clock 2026/07/09 05:54:59.872 sat=197
3 satposs : teph=2026/07/09 05:55:30.000 n=76 ephopt=0
3 no pseudorange 2026/07/09 05:55:30.000 sat=46
3 no pseudorange 2026/07/09 05:55:30.000 sat=70
3 no broadcast ephemeris: 2026/07/09 05:55:30 sat=161 iode= -1
3 no broadcast clock 2026/07/09 05:55:29.865 sat=161
3 no sbas ephemeris     : 2026/07/09 05:55:30 sat=197
3 no broadcast clock 2026/07/09 05:55:29.872 sat=197
3 satposs : teph=2026/07/09 05:56:00.000 n=75 ephopt=0
3 no pseudorange 2026/07/09 05:56:00.000 sat=46
3 no pseudorange 2026/07/09 05:56:00.000 sat=70
3 no broadcast ephemeris: 2026/07/09 05:56:00 sat=161 iode= -1
3 no broadcast clock 2026/07/09 05:55:59.865 sat=161
3 no sbas ephemeris     : 2026/07/09 05:56:00 sat=197
3 no broadcast clock 2026/07/09 05:55:59.872 sat=197
3 satposs : teph=2026/07/09 05:56:30.000 n=74 ephopt=0
3 no pseudorange 2026/07/09 05:56:30.000 sat=70
3 no pseudorange 2026/07/09 05:56:30.000 sat=84
3 no broadcast ephemeris: 2026/07/09 05:56:30 sat=161 iode= -1
3 no broadcast clock 2026/07/09 05:56:29.865 sat=161
3 no sbas ephemeris     : 2026/07/09 05:56:30 sat=197
3 no broadcast clock 2026/07/09 05:56:29.872 sat=197
3 satposs : teph=2026/07/09 05:57:00.000 n=73 ephopt=0
3 no pseudorange 2026/07/09 05:57:00.000 sat=46
3 no pseudorange 2026/07/09 05:57:00.000 sat=61
3 no pseudorange 2026/07/09 05:57:00.000 sat=70
3 no broadcast ephemeris: 2026/07/09 05:57:00 sat=161 iode= -1
3 no broadcast clock 2026/07/09 05:56:59.865 sat=161
3 no sbas ephemeris     : 2026/07/09 05:57:00 sat=197
3 no broadcast clock 2026/07/09 05:56:59.872 sat=197
3 satposs : teph=2026/07/09 05:57:30.000 n=72 ephopt=0
3 no pseudorange 2026/07/09 05:57:30.000 sat=61
3 no pseudorange 2026/07/09 05:57:30.000 sat=70
3 no broadcast ephemeris: 2026/07/09 05:57:30 sat=161 iode= -1
3 no broadcast clock 2026/07/09 05:57:29.865 sat=161
3 no sbas ephemeris     : 2026/07/09 05:57:30 sat=197
3 no broadcast clock 2026/07/09 05:57:29.872 sat=197
3 satposs : teph=2026/07/09 05:58:00.000 n=74 ephopt=0
3 no pseudorange 2026/07/09 05:58:00.000 sat=46
3 no pseudorange 2026/07/09 05:58:00.000 sat=70
3 no broadcast ephemeris: 2026/07/09 05:58:00 sat=161 iode= -1
3 no broadcast clock 2026/07/09 05:57:59.865 sat=161
3 no sbas ephemeris     : 2026/07/09 05:58:00 sat=197
3 no broadcast clock 2026/07/09 05:57:59.872 sat=197
3 satposs : teph=2026/07/09 05:58:30.000 n=75 ephopt=0
3 no pseudorange 2026/07/09 05:58:30.000 sat=46
3 no pseudorange 2026/07/09 05:58:30.000 sat=61
3 no pseudorange 2026/07/09 05:58:30.000 sat=70
3 no broadcast ephemeris: 2026/07/09 05:58:30 sat=161 iode= -1
3 no broadcast clock 2026/07/09 05:58:29.865 sat=161
3 no sbas ephemeris     : 2026/07/09 05:58:30 sat=197
3 no broadcast clock 2026/07/09 05:58:29.872 sat=197
3 satposs : teph=2026/07/09 05:59:00.000 n=72 ephopt=0
3 no broadcast ephemeris: 2026/07/09 05:59:00 sat=161 iode= -1
3 no broadcast clock 2026/07/09 05:58:59.865 sat=161
3 no sbas ephemeris     : 2026/07/09 05:59:00 sat=197
3 no broadcast clock 2026/07/09 05:58:59.872 sat=197
3 satposs : teph=2026/07/09 05:59:30.000 n=70 ephopt=0
3 no pseudorange 2026/07/09 05:59:30.000 sat=70
3 no broadcast ephemeris: 2026/07/09 05:59:30 sat=161 iode= -1
3 no broadcast clock 2026/07/09 05:59:29.865 sat=161
3 no sbas ephemeris     : 2026/07/09 05:59:30 sat=197
3 no broadcast clock 2026/07/09 05:59:29.872 sat=197
3 satposs : teph=2026/07/09 06:00:00.000 n=76 ephopt=0
3 no pseudorange 2026/07/09 06:00:00.000 sat=46
3 no pseudorange 2026/07/09 06:00:00.000 sat=61
3 no broadcast ephemeris: 2026/07/09 06:00:00 sat=161 iode= -1
3 no broadcast clock 2026/07/09 05:59:59.865 sat=161
3 no sbas ephemeris     : 2026/07/09 06:00:00 sat=197
3 no broadcast clock 2026/07/09 05:59:59.872 sat=197
3 satposs : teph=2026/07/09 06:00:30.000 n=69 ephopt=0
3 no pseudorange 2026/07/09 06:00:30.000 sat=46
3 no pseudorange 2026/07/09 06:00:30.000 sat=70
3 no broadcast ephemeris: 2026/07/09 06:00:30 sat=161 iode= -1
3 no broadcast clock 2026/07/09 06:00:29.865 sat=161
3 no sbas ephemeris     : 2026/07/09 06:00:30 sat=197
3 no broadcast clock 2026/07/09 06:00:29.872 sat=197
3 satposs : teph=2026/07/09 06:01:00.000 n=71 ephopt=0
3 no pseudorange 2026/07/09 06:01:00.000 sat=46
3 no pseudorange 2026/07/09 06:01:00.000 sat=70
3 no broadcast ephemeris: 2026/07/09 06:01:00 sat=161 iode= -1
3 no broadcast clock 2026/07/09 06:00:59.865 sat=161
3 no sbas ephemeris     : 2026/07/09 06:01:00 sat=197
3 no broadcast clock 2026/07/09 06:00:59.872 sat=197
3 satposs : teph=2026/07/09 06:01:30.000 n=71 ephopt=0
3 no pseudorange 2026/07/09 06:01:30.000 sat=61
3 no pseudorange 2026/07/09 06:01:30.000 sat=70
3 no broadcast ephemeris: 2026/07/09 06:01:30 sat=161 iode= -1
3 no broadcast clock 2026/07/09 06:01:29.865 sat=161
3 no sbas ephemeris     : 2026/07/09 06:01:30 sat=197
3 no broadcast clock 2026/07/09 06:01:29.872 sat=197
3 satposs : teph=2026/07/09 06:02:00.000 n=70 ephopt=0
3 no pseudorange 2026/07/09 06:02:00.000 sat=46
3 no pseudorange 2026/07/09 06:02:00.000 sat=70
3 no broadcast ephemeris: 2026/07/09 06:02:00 sat=161 iode= -1
3 no broadcast clock 2026/07/09 06:01:59.865 sat=161
3 no sbas ephemeris     : 2026/07/09 06:02:00 sat=197
3 no broadcast clock 2026/07/09 06:01:59.872 sat=197
3 satposs : teph=2026/07/09 06:02:30.000 n=71 ephopt=0
3 no pseudorange 2026/07/09 06:02:30.000 sat=46
3 no pseudorange 2026/07/09 06:02:30.000 sat=61
3 no broadcast ephemeris: 2026/07/09 06:02:30 sat=161 iode= -1
3 no broadcast clock 2026/07/09 06:02:29.865 sat=161
3 no sbas ephemeris     : 2026/07/09 06:02:30 sat=197
3 no broadcast clock 2026/07/09 06:02:29.872 sat=197
3 satposs : teph=2026/07/09 06:03:00.000 n=69 ephopt=0
3 no pseudorange 2026/07/09 06:03:00.000 sat=61
3 no pseudorange 2026/07/09 06:03:00.000 sat=70
3 no sbas ephemeris     : 2026/07/09 06:03:00 sat=197
3 no broadcast clock 2026/07/09 06:02:59.872 sat=197
3 satposs : teph=2026/07/09 06:03:30.000 n=70 ephopt=0
3 no pseudorange 2026/07/09 06:03:30.000 sat=70
3 no sbas ephemeris     : 2026/07/09 06:03:30 sat=197
3 no broadcast clock 2026/07/09 06:03:29.872 sat=197
3 satposs : teph=2026/07/09 06:04:00.000 n=72 ephopt=0
3 no pseudorange 2026/07/09 06:04:00.000 sat=70
3 no sbas ephemeris     : 2026/07/09 06:04:00 sat=197
3 no broadcast clock 2026/07/09 06:03:59.872 sat=197
3 satposs : teph=2026/07/09 06:04:30.000 n=72 ephopt=0
3 no pseudorange 2026/07/09 06:04:30.000 sat=46
3 no pseudorange 2026/07/09 06:04:30.000 sat=70
3 no sbas ephemeris     : 2026/07/09 06:04:30 sat=197
3 no broadcast clock 2026/07/09 06:04:29.872 sat=197
3 satposs : teph=2026/07/09 05:55:00.000 n=73 ephopt=0
3 no pseudorange 2026/07/09 05:55:00.000 sat=70
3 no broadcast ephemeris: 2026/07/09 05:55:00 sat=161 iode= -1
3 no broadcast clock 2026/07/09 05:54:59.865 sat=161
3 no sbas ephemeris     : 2026/07/09 05:55:00 sat=197
3 no broadcast clock 2026/07/09 05:54:59.872 sat=197
3 satposs : teph=2026/07/09 05:55:30.000 n=76 ephopt=0
3 no pseudorange 2026/07/09 05:55:30.000 sat=46
3 no pseudorange 2026/07/09 05:55:30.000 sat=70
3 no broadcast ephemeris: 2026/07/09 05:55:30 sat=161 iode= -1
3 no broadcast clock 2026/07/09 05:55:29.865 sat=161
3 no sbas ephemeris     : 2026/07/09 05:55:30 sat=197
3 no broadcast clock 2026/07/09 05:55:29.872 sat=197
3 satposs : teph=2026/07/09 05:56:00.000 n=75 ephopt=0
3 no pseudorange 2026/07/09 05:56:00.000 sat=46
3 no pseudorange 2026/07/09 05:56:00.000 sat=70
3 no broadcast ephemeris: 2026/07/09 05:56:00 sat=161 iode= -1
3 no broadcast clock 2026/07/09 05:55:59.865 sat=161
3 no sbas ephemeris     : 2026/07/09 05:56:00 sat=197
3 no broadcast clock 2026/07/09 05:55:59.872 sat=197
3 satposs : teph=2026/07/09 05:56:30.000 n=74 ephopt=0
3 no pseudorange 2026/07/09 05:56:30.000 sat=70
3 no pseudorange 2026/07/09 05:56:30.000 sat=84
3 no broadcast ephemeris: 2026/07/09 05:56:30 sat=161 iode= -1
3 no broadcast clock 2026/07/09 05:56:29.865 sat=161
3 no sbas ephemeris     : 2026/07/09 05:56:30 sat=197
3 no broadcast clock 2026/07/09 05:56:29.872 sat=197
3 satposs : teph=2026/07/09 05:57:00.000 n=73 ephopt=0
3 no pseudorange 2026/07/09 05:57:00.000 sat=46
3 no pseudorange 2026/07/09 05:57:00.000 sat=61
3 no pseudorange 2026/07/09 05:57:00.000 sat=70
3 no broadcast ephemeris: 2026/07/09 05:57:00 sat=161 iode= -1
3 no broadcast clock 2026/07/09 05:56:59.865 sat=161
3 no sbas ephemeris     : 2026/07/09 05:57:00 sat=197
3 no broadcast clock 2026/07/09 05:56:59.872 sat=197
3 satposs : teph=2026/07/09 05:57:30.000 n=72 ephopt=0
3 no pseudorange 2026/07/09 05:57:30.000 sat=61
3 no pseudorange 2026/07/09 05:57:30.000 sat=70
3 no broadcast ephemeris: 2026/07/09 05:57:30 sat=161 iode= -1
3 no broadcast clock 2026/07/09 05:57:29.865 sat=161
3 no sbas ephemeris     : 2026/07/09 05:57:30 sat=197
3 no broadcast clock 2026/07/09 05:57:29.872 sat=197
3 satposs : teph=2026/07/09 05:58:00.000 n=74 ephopt=0
3 no pseudorange 2026/07/09 05:58:00.000 sat=46
3 no pseudorange 2026/07/09 05:58:00.000 sat=70
3 no broadcast ephemeris: 2026/07/09 05:58:00 sat=161 iode= -1
3 no broadcast clock 2026/07/09 05:57:59.865 sat=161
3 no sbas ephemeris     : 2026/07/09 05:58:00 sat=197
3 no broadcast clock 2026/07/09 05:57:59.872 sat=197
3 satposs : teph=2026/07/09 05:58:30.000 n=75 ephopt=0
3 no pseudorange 2026/07/09 05:58:30.000 sat=46
3 no pseudorange 2026/07/09 05:58:30.000 sat=61
3 no pseudorange 2026/07/09 05:58:30.000 sat=70
3 no broadcast ephemeris: 2026/07/09 05:58:30 sat=161 iode= -1
3 no broadcast clock 2026/07/09 05:58:29.865 sat=161
3 no sbas ephemeris     : 2026/07/09 05:58:30 sat=197
3 no broadcast clock 2026/07/09 05:58:29.872 sat=197
3 satposs : teph=2026/07/09 05:59:00.000 n=72 ephopt=0
3 no broadcast ephemeris: 2026/07/09 05:59:00 sat=161 iode= -1
3 no broadcast clock 2026/07/09 05:58:59.865 sat=161
3 no sbas ephemeris     : 2026/07/09 05:59:00 sat=197
3 no broadcast clock 2026/07/09 05:58:59.872 sat=197
3 satposs : teph=2026/07/09 05:59:30.000 n=70 ephopt=0
3 no pseudorange 2026/07/09 05:59:30.000 sat=70
3 no broadcast ephemeris: 2026/07/09 05:59:30 sat=161 iode= -1
3 no broadcast clock 2026/07/09 05:59:29.865 sat=161
3 no sbas ephemeris     : 2026/07/09 05:59:30 sat=197
3 no broadcast clock 2026/07/09 05:59:29.872 sat=197
3 satposs : teph=2026/07/09 06:00:00.000 n=76 ephopt=0
3 no pseudorange 2026/07/09 06:00:00.000 sat=46
3 no pseudorange 2026/07/09 06:00:00.000 sat=61
3 no broadcast ephemeris: 2026/07/09 06:00:00 sat=161 iode= -1
3 no broadcast clock 2026/07/09 05:59:59.865 sat=161
3 no sbas ephemeris     : 2026/07/09 06:00:00 sat=197
3 no broadcast clock 2026/07/09 05:59:59.872 sat=197
3 satposs : teph=2026/07/09 06:00:30.000 n=69 ephopt=0
3 no pseudorange 2026/07/09 06:00:30.000 sat=46
3 no pseudorange 2026/07/09 06:00:30.000 sat=70
3 no broadcast ephemeris: 2026/07/09 06:00:30 sat=161 iode= -1
3 no broadcast clock 2026/07/09 06:00:29.865 sat=161
3 no sbas ephemeris     : 2026/07/09 06:00:30 sat=197
3 no broadcast clock 2026/07/09 06:00:29.872 sat=197
3 satposs : teph=2026/07/09 06:01:00.000 n=71 ephopt=0
3 no pseudorange 2026/07/09 06:01:00.000 sat=46
3 no pseudorange 2026/07/09 06:01:00.000 sat=70
3 no broadcast ephemeris: 2026/07/09 06:01:00 sat=161 iode= -1
3 no broadcast clock 2026/07/09 06:00:59.865 sat=161
3 no sbas ephemeris     : 2026/07/09 06:01:00 sat=197
3 no broadcast clock 2026/07/09 06:00:59.872 sat=197
3 satposs : teph=2026/07/09 06:01:30.000 n=71 ephopt=0
3 no pseudorange 2026/07/09 06:01:30.000 sat=61
3 no pseudorange 2026/07/09 06:01:30.000 sat=70
3 no broadcast ephemeris: 2026/07/09 06:01:30 sat=161 iode= -1
3 no broadcast clock 2026/07/09 06:01:29.865 sat=161
3 no sbas ephemeris     : 2026/07/09 06:01:30 sat=197
3 no broadcast clock 2026/07/09 06:01:29.872 sat=197
3 satposs : teph=2026/07/09 06:02:00.000 n=70 ephopt=0
3 no pseudorange 2026/07/09 06:02:00.000 sat=46
3 no pseudorange 2026/07/09 06:02:00.000 sat=70
3 no broadcast ephemeris: 2026/07/09 06:02:00 sat=161 iode= -1
3 no broadcast clock 2026/07/09 06:01:59.865 sat=161
3 no sbas ephemeris     : 2026/07/09 06:02:00 sat=197
3 no broadcast clock 2026/07/09 06:01:59.872 sat=197
3 satposs : teph=2026/07/09 06:02:30.000 n=71 ephopt=0
3 no pseudorange 2026/07/09 06:02:30.000 sat=46
3 no pseudorange 2026/07/09 06:02:30.000 sat=61
3 no broadcast ephemeris: 2026/07/09 06:02:30 sat=161 iode= -1
3 no broadcast clock 2026/07/09 06:02:29.865 sat=161
3 no sbas ephemeris     : 2026/07/09 06:02:30 sat=197
3 no broadcast clock 2026/07/09 06:02:29.872 sat=197
3 satposs : teph=2026/07/09 06:03:00.000 n=69 ephopt=0
3 no pseudorange 2026/07/09 06:03:00.000 sat=61
3 no pseudorange 2026/07/09 06:03:00.000 sat=70
3 no sbas ephemeris     : 2026/07/09 06:03:00 sat=197
3 no broadcast clock 2026/07/09 06:02:59.872 sat=197
3 satposs : teph=2026/07/09 06:03:30.000 n=70 ephopt=0
3 no pseudorange 2026/07/09 06:03:30.000 sat=70
3 no sbas ephemeris     : 2026/07/09 06:03:30 sat=197
3 no broadcast clock 2026/07/09 06:03:29.872 sat=197
3 satposs : teph=2026/07/09 06:04:00.000 n=72 ephopt=0
3 no pseudorange 2026/07/09 06:04:00.000 sat=70
3 no sbas ephemeris     : 2026/07/09 06:04:00 sat=197
3 no broadcast clock 2026/07/09 06:03:59.872 sat=197
3 satposs : teph=2026/07/09 06:04:30.000 n=72 ephopt=0
3 no pseudorange 2026/07/09 06:04:30.000 sat=46
3 no pseudorange 2026/07/09 06:04:30.000 sat=70
3 no sbas ephemeris     : 2026/07/09 06:04:30 sat=197
3 no broadcast clock 2026/07/09 06:04:29.872 sat=197
3 satposs : teph=2026/07/09 05:55:00.000 n=73 ephopt=0
3 no pseudorange 2026/07/09 05:55:00.000 sat=70
3 no broadcast ephemeris: 2026/07/09 05:55:00 sat=161 iode= -1
3 no broadcast clock 2026/07/09 05:54:59.865 sat=161
3 no sbas ephemeris     : 2026/07/09 05:55:00 sat=197
3 no broadcast clock 2026/07/09 05:54:59.872 sat=197
3 satposs : teph=2026/07/09 05:55:30.000 n=76 ephopt=0
3 no pseudorange 2026/07/09 05:55:30.000 sat=46
3 no pseudorange 2026/07/09 05:55:30.000 sat=70
3 no broadcast ephemeris: 2026/07/09 05:55:30 sat=161 iode= -1
3 no broadcast clock 2026/07/09 05:55:29.865 sat=161
3 no sbas ephemeris     : 2026/07/09 05:55:30 sat=197
3 no broadcast clock 2026/07/09 05:55:29.872 sat=197
3 satposs : teph=2026/07/09 05:56:00.000 n=75 ephopt=0
3 no pseudorange 2026/07/09 05:56:00.000 sat=46
3 no pseudorange 2026/07/09 05:56:00.000 sat=70
3 no broadcast ephemeris: 2026/07/09 05:56:00 sat=161 iode= -1
3 no broadcast clock 2026/07/09 05:55:59.865 sat=161
3 no sbas ephemeris     : 2026/07/09 05:56:00 sat=197
3 no broadcast clock 2026/07/09 05:55:59.872 sat=197
3 satposs : teph=2026/07/09 05:56:30.000 n=74 ephopt=0
3 no pseudorange 2026/07/09 05:56:30.000 sat=70
3 no pseudorange 2026/07/09 05:56:30.000 sat=84
3 no broadcast ephemeris: 2026/07/09 05:56:30 sat=161 iode= -1
3 no broadcast clock 2026/07/09 05:56:29.865 sat=161
3 no sbas ephemeris     : 2026/07/09 05:56:30 sat=197
3 no broadcast clock 2026/07/09 05:56:29.872 sat=197
3 satposs : teph=2026/07/09 05:57:00.000 n=73 ephopt=0
3 no pseudorange 2026/07/09 05:57:00.000 sat=46
3 no pseudorange 2026/07/09 05:57:00.000 sat=61
3 no pseudorange 2026/07/09 05:57:00.000 sat=70
3 no broadcast ephemeris: 2026/07/09 05:57:00 sat=161 iode= -1
3 no broadcast clock 2026/07/09 05:56:59.865 sat=161
3 no sbas ephemeris     : 2026/07/09 05:57:00 sat=197
3 no broadcast clock 2026/07/09 05:56:59.872 sat=197
3 satposs : teph=2026/07/09 05:57:30.000 n=72 ephopt=0
3 no pseudorange 2026/07/09 05:57:30.000 sat=61
3 no pseudorange 2026/07/09 05:57:30.000 sat=70
3 no broadcast ephemeris: 2026/07/09 05:57:30 sat=161 iode= -1
3 no broadcast clock 2026/07/09 05:57:29.865 sat=161
3 no sbas ephemeris     : 2026/07/09 05:57:30 sat=197
3 no broadcast clock 2026/07/09 05:57:29.872 sat=197
3 satposs : teph=2026/07/09 05:58:00.000 n=74 ephopt=0
3 no pseudorange 2026/07/09 05:58:00.000 sat=46
3 no pseudorange 2026/07/09 05:58:00.000 sat=70
3 no broadcast ephemeris: 2026/07/09 05:58:00 sat=161 iode= -1
3 no broadcast clock 2026/07/09 05:57:59.865 sat=161
3 no sbas ephemeris     : 2026/07/09 05:58:00 sat=197
3 no broadcast clock 2026/07/09 05:57:59.872 sat=197
3 satposs : teph=2026/07/09 05:58:30.000 n=75 ephopt=0
3 no pseudorange 2026/07/09 05:58:30.000 sat=46
3 no pseudorange 2026/07/09 05:58:30.000 sat=61
3 no pseudorange 2026/07/09 05:58:30.000 sat=70
3 no broadcast ephemeris: 2026/07/09 05:58:30 sat=161 iode= -1
3 no broadcast clock 2026/07/09 05:58:29.865 sat=161
3 no sbas ephemeris     : 2026/07/09 05:58:30 sat=197
3 no broadcast clock 2026/07/09 05:58:29.872 sat=197
3 satposs : teph=2026/07/09 05:59:00.000 n=72 ephopt=0
3 no broadcast ephemeris: 2026/07/09 05:59:00 sat=161 iode= -1
3 no broadcast clock 2026/07/09 05:58:59.865 sat=161
3 no sbas ephemeris     : 2026/07/09 05:59:00 sat=197
3 no broadcast clock 2026/07/09 05:58:59.872 sat=197
3 satposs : teph=2026/07/09 05:59:30.000 n=70 ephopt=0
3 no pseudorange 2026/07/09 05:59:30.000 sat=70
3 no broadcast ephemeris: 2026/07/09 05:59:30 sat=161 iode= -1
3 no broadcast clock 2026/07/09 05:59:29.865 sat=161
3 no sbas ephemeris     : 2026/07/09 05:59:30 sat=197
3 no broadcast clock 2026/07/09 05:59:29.872 sat=197
3 satposs : teph=2026/07/09 06:00:00.000 n=76 ephopt=0
3 no pseudorange 2026/07/09 06:00:00.000 sat=46
3 no pseudorange 2026/07/09 06:00:00.000 sat=61
3 no broadcast ephemeris: 2026/07/09 06:00:00 sat=161 iode= -1
3 no broadcast clock 2026/07/09 05:59:59.865 sat=161
3 no sbas ephemeris     : 2026/07/09 06:00:00 sat=197
3 no broadcast clock 2026/07/09 05:59:59.872 sat=197
3 satposs : teph=2026/07/09 06:00:30.000 n=69 ephopt=0
3 no pseudorange 2026/07/09 06:00:30.000 sat=46
3 no pseudorange 2026/07/09 06:00:30.000 sat=70
3 no broadcast ephemeris: 2026/07/09 06:00:30 sat=161 iode= -1
3 no broadcast clock 2026/07/09 06:00:29.865 sat=161
3 no sbas ephemeris     : 2026/07/09 06:00:30 sat=197
3 no broadcast clock 2026/07/09 06:00:29.872 sat=197
3 satposs : teph=2026/07/09 06:01:00.000 n=71 ephopt=0
3 no pseudorange 2026/07/09 06:01:00.000 sat=46
3 no pseudorange 2026/07/09 06:01:00.000 sat=70
3 no broadcast ephemeris: 2026/07/09 06:01:00 sat=161 iode= -1
3 no broadcast clock 2026/07/09 06:00:59.865 sat=161
3 no sbas ephemeris     : 2026/07/09 06:01:00 sat=197
3 no broadcast clock 2026/07/09 06:00:59.872 sat=197
3 satposs : teph=2026/07/09 06:01:30.000 n=71 ephopt=0
3 no pseudorange 2026/07/09 06:01:30.000 sat=61
3 no pseudorange 2026/07/09 06:01:30.000 sat=70
3 no broadcast ephemeris: 2026/07/09 06:01:30 sat=161 iode= -1
3 no broadcast clock 2026/07/09 06:01:29.865 sat=161
3 no sbas ephemeris     : 2026/07/09 06:01:30 sat=197
3 no broadcast clock 2026/07/09 06:01:29.872 sat=197
3 satposs : teph=2026/07/09 06:02:00.000 n=70 ephopt=0
3 no pseudorange 2026/07/09 06:02:00.000 sat=46
3 no pseudorange 2026/07/09 06:02:00.000 sat=70
3 no broadcast ephemeris: 2026/07/09 06:02:00 sat=161 iode= -1
3 no broadcast clock 2026/07/09 06:01:59.865 sat=161
3 no sbas ephemeris     : 2026/07/09 06:02:00 sat=197
3 no broadcast clock 2026/07/09 06:01:59.872 sat=197
3 satposs : teph=2026/07/09 06:02:30.000 n=71 ephopt=0
3 no pseudorange 2026/07/09 06:02:30.000 sat=46
3 no pseudorange 2026/07/09 06:02:30.000 sat=61
3 no broadcast ephemeris: 2026/07/09 06:02:30 sat=161 iode= -1
3 no broadcast clock 2026/07/09 06:02:29.865 sat=161
3 no sbas ephemeris     : 2026/07/09 06:02:30 sat=197
3 no broadcast clock 2026/07/09 06:02:29.872 sat=197
3 satposs : teph=2026/07/09 06:03:00.000 n=69 ephopt=0
3 no pseudorange 2026/07/09 06:03:00.000 sat=61
3 no pseudorange 2026/07/09 06:03:00.000 sat=70
3 no sbas ephemeris     : 2026/07/09 06:03:00 sat=197
3 no broadcast clock 2026/07/09 06:02:59.872 sat=197
3 satposs : teph=2026/07/09 06:03:30.000 n=70 ephopt=0
3 no pseudorange 2026/07/09 06:03:30.000 sat=70
3 no sbas ephemeris     : 2026/07/09 06:03:30 sat=197
3 no broadcast clock 2026/07/09 06:03:29.872 sat=197
3 satposs : teph=2026/07/09 06:04:00.000 n=72 ephopt=0
3 no pseudorange 2026/07/09 06:04:00.000 sat=70
3 no sbas ephemeris     : 2026/07/09 06:04:00 sat=197
3 no broadcast clock 2026/07/09 06:03:59.872 sat=197
3 satposs : teph=2026/07/09 06:04:30.000 n=72 ephopt=0
3 no pseudorange 2026/07/09 06:04:30.000 sat=46
3 no pseudorange 2026/07/09 06:04:30.000 sat=70
3 no sbas ephemeris     : 2026/07/09 06:04:30 sat=197
3 no broadcast clock 2026/07/09 06:04:29.872 sat=197
3 satposs : teph=2026/07/09 05:55:00.000 n=73 ephopt=0
3 no pseudorange 2026/07/09 05:55:00.000 sat=70
3 no broadcast ephemeris: 2026/07/09 05:55:00 sat=161 iode= -1
3 no broadcast clock 2026/07/09 05:54:59.865 sat=161
3 no sbas ephemeris     : 2026/07/09 05:55:00 sat=197
3 no broadcast clock 2026/07/09 05:54:59.872 sat=197
3 satposs : teph=2026/07/09 05:55:30.000 n=76 ephopt=0
3 no pseudorange 2026/07/09 05:55:30.000 sat=46
3 no pseudorange 2026/07/09 05:55:30.000 sat=70
3 no broadcast ephemeris: 2026/07/09 05:55:30 sat=161 iode= -1
3 no broadcast clock 2026/07/09 05:55:29.865 sat=161
3 no sbas ephemeris     : 2026/07/09 05:55:30 sat=197
3 no broadcast clock 2026/07/09 05:55:29.872 sat=197
3 satposs : teph=2026/07/09 05:56:00.000 n=75 ephopt=0
3 no pseudorange 2026/07/09 05:56:00.000 sat=46
3 no pseudorange 2026/07/09 05:56:00.000 sat=70
3 no broadcast ephemeris: 2026/07/09 05:56:00 sat=161 iode= -1
3 no broadcast clock 2026/07/09 05:55:59.865 sat=161
3 no sbas ephemeris     : 2026/07/09 05:56:00 sat=197
3 no broadcast clock 2026/07/09 05:55:59.872 sat=197
3 satposs : teph=2026/07/09 05:56:30.000 n=74 ephopt=0
3 no pseudorange 2026/07/09 05:56:30.000 sat=70
3 no pseudorange 2026/07/09 05:56:30.000 sat=84
3 no broadcast ephemeris: 2026/07/09 05:56:30 sat=161 iode= -1
3 no broadcast clock 2026/07/09 05:56:29.865 sat=161
3 no sbas ephemeris     : 2026/07/09 05:56:30 sat=197
3 no broadcast clock 2026/07/09 05:56:29.872 sat=197
3 satposs : teph=2026/07/09 05:57:00.000 n=73 ephopt=0
3 no pseudorange 2026/07/09 05:57:00.000 sat=46
3 no pseudorange 2026/07/09 05:57:00.000 sat=61
3 no pseudorange 2026/07/09 05:57:00.000 sat=70
3 no broadcast ephemeris: 2026/07/09 05:57:00 sat=161 iode= -1
3 no broadcast clock 2026/07/09 05:56:59.865 sat=161
3 no sbas ephemeris     : 2026/07/09 05:57:00 sat=197
3 no broadcast clock 2026/07/09 05:56:59.872 sat=197
3 satposs : teph=2026/07/09 05:57:30.000 n=72 ephopt=0
3 no pseudorange 2026/07/09 05:57:30.000 sat=61
3 no pseudorange 2026/07/09 05:57:30.000 sat=70
3 no broadcast ephemeris: 2026/07/09 05:57:30 sat=161 iode= -1
3 no broadcast clock 2026/07/09 05:57:29.865 sat=161
3 no sbas ephemeris     : 2026/07/09 05:57:30 sat=197
3 no broadcast clock 2026/07/09 05:57:29.872 sat=197
3 satposs : teph=2026/07/09 05:58:00.000 n=74 ephopt=0
3 no pseudorange 2026/07/09 05:58:00.000 sat=46
3 no pseudorange 2026/07/09 05:58:00.000 sat=70
3 no broadcast ephemeris: 2026/07/09 05:58:00 sat=161 iode= -1
3 no broadcast clock 2026/07/09 05:57:59.865 sat=161
3 no sbas ephemeris     : 2026/07/09 05:58:00 sat=197
3 no broadcast clock 2026/07/09 05:57:59.872 sat=197
3 satposs : teph=2026/07/09 05:58:30.000 n=75 ephopt=0
3 no pseudorange 2026/07/09 05:58:30.000 sat=46
3 no pseudorange 2026/07/09 05:58:30.000 sat=61
3 no pseudorange 2026/07/09 05:58:30.000 sat=70
3 no broadcast ephemeris: 2026/07/09 05:58:30 sat=161 iode= -1
3 no broadcast clock 2026/07/09 05:58:29.865 sat=161
3 no sbas ephemeris     : 2026/07/09 05:58:30 sat=197
3 no broadcast clock 2026/07/09 05:58:29.872 sat=197
3 satposs : teph=2026/07/09 05:59:00.000 n=72 ephopt=0
3 no broadcast ephemeris: 2026/07/09 05:59:00 sat=161 iode= -1
3 no broadcast clock 2026/07/09 05:58:59.865 sat=161
3 no sbas ephemeris     : 2026/07/09 05:59:00 sat=197
3 no broadcast clock 2026/07/09 05:58:59.872 sat=197
3 satposs : teph=2026/07/09 05:59:30.000 n=70 ephopt=0
3 no pseudorange 2026/07/09 05:59:30.000 sat=70
3 no broadcast ephemeris: 2026/07/09 05:59:30 sat=161 iode= -1
3 no broadcast clock 2026/07/09 05:59:29.865 sat=161
3 no sbas ephemeris     : 2026/07/09 05:59:30 sat=197
3 no broadcast clock 2026/07/09 05:59:29.872 sat=197
3 satposs : teph=2026/07/09 06:00:00.000 n=76 ephopt=0
3 no pseudorange 2026/07/09 06:00:00.000 sat=46
3 no pseudorange 2026/07/09 06:00:00.000 sat=61
3 no broadcast ephemeris: 2026/07/09 06:00:00 sat=161 iode= -1
3 no broadcast clock 2026/07/09 05:59:59.865 sat=161
3 no sbas ephemeris     : 2026/07/09 06:00:00 sat=197
3 no broadcast clock 2026/07/09 05:59:59.872 sat=197
3 satposs : teph=2026/07/09 06:00:30.000 n=69 ephopt=0
3 no pseudorange 2026/07/09 06:00:30.000 sat=46
3 no pseudorange 2026/07/09 06:00:30.000 sat=70
3 no broadcast ephemeris: 2026/07/09 06:00:30 sat=161 iode= -1
3 no broadcast clock 2026/07/09 06:00:29.865 sat=161
3 no sbas ephemeris     : 2026/07/09 06:00:30 sat=197
3 no broadcast clock 2026/07/09 06:00:29.872 sat=197
3 satposs : teph=2026/07/09 06:01:00.000 n=71 ephopt=0
3 no pseudorange 2026/07/09 06:01:00.000 sat=46
3 no pseudorange 2026/07/09 06:01:00.000 sat=70
3 no broadcast ephemeris: 2026/07/09 06:01:00 sat=161 iode= -1
3 no broadcast clock 2026/07/09 06:00:59.865 sat=161
3 no sbas ephemeris     : 2026/07/09 06:01:00 sat=197
3 no broadcast clock 2026/07/09 06:00:59.872 sat=197
3 satposs : teph=2026/07/09 06:01:30.000 n=71 ephopt=0
3 no pseudorange 2026/07/09 06:01:30.000 sat=61
3 no pseudorange 2026/07/09 06:01:30.000 sat=70
3 no broadcast ephemeris: 2026/07/09 06:01:30 sat=161 iode= -1
3 no broadcast clock 2026/07/09 06:01:29.865 sat=161
3 no sbas ephemeris     : 2026/07/09 06:01:30 sat=197
3 no broadcast clock 2026/07/09 06:01:29.872 sat=197
3 satposs : teph=2026/07/09 06:02:00.000 n=70 ephopt=0
3 no pseudorange 2026/07/09 06:02:00.000 sat=46
3 no pseudorange 2026/07/09 06:02:00.000 sat=70
3 no broadcast ephemeris: 2026/07/09 06:02:00 sat=161 iode= -1
3 no broadcast clock 2026/07/09 06:01:59.865 sat=161
3 no sbas ephemeris     : 2026/07/09 06:02:00 sat=197
3 no broadcast clock 2026/07/09 06:01:59.872 sat=197
3 satposs : teph=2026/07/09 06:02:30.000 n=71 ephopt=0
3 no pseudorange 2026/07/09 06:02:30.000 sat=46
3 no pseudorange 2026/07/09 06:02:30.000 sat=61
3 no broadcast ephemeris: 2026/07/09 06:02:30 sat=161 iode= -1
3 no broadcast clock 2026/07/09 06:02:29.865 sat=161
3 no sbas ephemeris     : 2026/07/09 06:02:30 sat=197
3 no broadcast clock 2026/07/09 06:02:29.872 sat=197
3 satposs : teph=2026/07/09 06:03:00.000 n=69 ephopt=0
3 no pseudorange 2026/07/09 06:03:00.000 sat=61
3 no pseudorange 2026/07/09 06:03:00.000 sat=70
3 no sbas ephemeris     : 2026/07/09 06:03:00 sat=197
3 no broadcast clock 2026/07/09 06:02:59.872 sat=197
3 satposs : teph=2026/07/09 06:03:30.000 n=70 ephopt=0
3 no pseudorange 2026/07/09 06:03:30.000 sat=70
3 no sbas ephemeris     : 2026/07/09 06:03:30 sat=197
3 no broadcast clock 2026/07/09 06:03:29.872 sat=197
3 satposs : teph=2026/07/09 06:04:00.000 n=72 ephopt=0
3 no pseudorange 2026/07/09 06:04:00.000 sat=70
3 no sbas ephemeris     : 2026/07/09 06:04:00 sat=197
3 no broadcast clock 2026/07/09 06:03:59.872 sat=197
3 satposs : teph=2026/07/09 06:04:30.000 n=72 ephopt=0
3 no pseudorange 2026/07/09 06:04:30.000 sat=46
3 no pseudorange 2026/07/09 06:04:30.000 sat=70
3 no sbas ephemeris     : 2026/07/09 06:04:30 sat=197
3 no broadcast clock 2026/07/09 06:04:29.872 sat=197
3 outsolhead:
3 outsolheads:
3 outsol  :
3 outsols :
3 outpos  :
